Record Length,2500,Points,0.0,-2.5600,
Sample Interval,10.00000E-3,s,10.00000E-3,-2.5600,
Trigger Point,0.0,Samples,20.0000E-3,-2.5600,
,,,30.00000E-3,-2.5600,
,,,40.00000E-3,-2.5600,
,,,50.00000E-3,-2.5600,
Source,CH1,,59.999999E-3,-2.5600,
Vertical Units,Volts,,70.000000E-3,-2.5600,
Vertical Scale,511.953114E-3,,79.999998E-3,-2.5600,
Vertical Offset,0,,89.999996E-3,-2.5600,
Horizontal Units,s,,99.999994E-3,-2.5600,
Horizontal Scale,2.5000,,110.0000E-3,-2.5600,
Pt Fmt,Y,,120.0000E-3,-2.5600,
Yzero,0.0,,130.0000E-3,-2.5600,
Probe Atten,10.0000,,140.0000E-3,-2.5600,
,,,149.99999E-3,-2.5600,
Note,TDS 2012 - 4:44:30 PM   4/26/2022,,160.00000E-3,-2.5600,
,,,170.00000E-3,-2.5600,
,,,179.99999E-3,-2.5600,
,,,190.00000E-3,-2.5600,
,,,199.99999E-3,-2.5600,
,,,209.99999E-3,-2.5600,
,,,220.00000E-3,-2.5600,
,,,229.99999E-3,-2.5600,
,,,239.99999E-3,-2.5600,
,,,250.00000E-3,-2.5600,
,,,259.99999E-3,-2.5600,
,,,269.99998E-3,-2.5600,
,,,280.00000E-3,-2.5600,
,,,289.99999E-3,-2.5600,
,,,299.99998E-3,-2.5600,
,,,310.00000E-3,-2.5600,
,,,319.99999E-3,-2.5600,
,,,329.99998E-3,-2.5600,
,,,340.00000E-3,-2.5600,
,,,349.99999E-3,-2.5600,
,,,359.99998E-3,-2.5600,
,,,370.00000E-3,-2.5600,
,,,380.00000E-3,-2.5600,
,,,389.99999E-3,-2.5600,
,,,399.99998E-3,-2.5600,
,,,409.999996E-3,-2.5600,
,,,419.999987E-3,-2.5600,
,,,429.999977E-3,-2.5600,
,,,439.999998E-3,-2.5600,
,,,449.999988E-3,-2.5600,
,,,459.999979E-3,-2.5600,
,,,469.999999E-3,-2.5600,
,,,479.999989E-3,-2.5600,
,,,489.999980E-3,-2.5600,
,,,500.000000E-3,-2.5600,
,,,509.999990E-3,-2.5600,
,,,519.999981E-3,-2.5600,
,,,529.999971E-3,-2.5600,
,,,539.999962E-3,-2.5600,
,,,550.000012E-3,-2.5600,
,,,560.000002E-3,-2.5600,
,,,569.999993E-3,-2.5600,
,,,579.999983E-3,-2.5600,
,,,589.999974E-3,-2.5600,
,,,599.999964E-3,-2.5600,
,,,610.000014E-3,-2.5600,
,,,620.000005E-3,-2.5600,
,,,629.999995E-3,-2.5600,
,,,639.999986E-3,-2.5600,
,,,649.999976E-3,-2.5600,
,,,659.999967E-3,-2.5600,
,,,669.999957E-3,-2.5600,
,,,680.000007E-3,-2.5600,
,,,689.999998E-3,-2.5600,
,,,699.999988E-3,-2.5600,
,,,709.999979E-3,-2.5600,
,,,719.999969E-3,-2.5600,
,,,729.999959E-3,-2.5600,
,,,740.000010E-3,-2.5600,
,,,750.000000E-3,-2.5600,
,,,759.999990E-3,-2.5600,
,,,769.999981E-3,-2.5600,
,,,779.999971E-3,-2.5600,
,,,789.999962E-3,-2.5600,
,,,799.999952E-3,-2.5600,
,,,810.000002E-3,-2.5600,
,,,819.999993E-3,-2.5600,
,,,829.999983E-3,-2.5600,
,,,839.999974E-3,-2.5600,
,,,849.999964E-3,-2.5600,
,,,859.999955E-3,-2.5600,
,,,870.000005E-3,-2.5600,
,,,879.999995E-3,-2.5600,
,,,889.999986E-3,-2.5600,
,,,899.999976E-3,-2.5600,
,,,909.999967E-3,-2.5600,
,,,919.999957E-3,-2.5600,
,,,930.000007E-3,-2.5600,
,,,939.999998E-3,-2.5600,
,,,949.999988E-3,-2.5600,
,,,959.999979E-3,-2.5600,
,,,969.999969E-3,-2.5600,
,,,979.999959E-3,-2.5600,
,,,989.999950E-3,-2.5600,
,,,1.000,-2.5600,
,,,1.0100,-2.5600,
,,,1.0200,-2.5600,
,,,1.0300,-2.5600,
,,,1.0400,-2.5600,
,,,1.0500,-2.5600,
,,,1.0600,-2.5600,
,,,1.0700,-2.5600,
,,,1.0800,-2.5600,
,,,1.0900,-2.5600,
,,,1.1000,-2.5600,
,,,1.1100,-2.5600,
,,,1.1200,-2.5600,
,,,1.1300,-2.5600,
,,,1.1400,-2.5600,
,,,1.1500,-2.5600,
,,,1.1600,-2.5600,
,,,1.1700,-2.5600,
,,,1.1800,-2.5600,
,,,1.1900,-2.5600,
,,,1.2000,-2.5600,
,,,1.2100,-2.5600,
,,,1.2200,-2.5600,
,,,1.2300,-2.5600,
,,,1.2400,-2.5600,
,,,1.2500,-2.5600,
,,,1.2600,-2.5600,
,,,1.2700,-2.5600,
,,,1.2800,-2.5600,
,,,1.2900,-2.5600,
,,,1.3000,-2.5600,
,,,1.3100,-2.5600,
,,,1.3200,-2.5600,
,,,1.3300,-2.5600,
,,,1.3400,-2.5600,
,,,1.3500,-2.5600,
,,,1.3600,-2.5600,
,,,1.3700,-2.5600,
,,,1.3800,-2.5600,
,,,1.3900,-2.5600,
,,,1.4000,-2.5600,
,,,1.4100,-2.5600,
,,,1.4200,-2.5600,
,,,1.4300,-2.5600,
,,,1.4400,-2.5600,
,,,1.4500,-2.5600,
,,,1.4600,-2.5600,
,,,1.4700,-2.5600,
,,,1.4800,-2.5600,
,,,1.4900,-2.5600,
,,,1.5000,-2.5600,
,,,1.5100,-2.5600,
,,,1.5200,340.00000E-3,
,,,1.5300,359.99998E-3,
,,,1.5400,340.00000E-3,
,,,1.5500,340.00000E-3,
,,,1.5600,340.00000E-3,
,,,1.5700,439.999998E-3,
,,,1.5800,539.999962E-3,
,,,1.5900,399.99998E-3,
,,,1.6000,359.99998E-3,
,,,1.6100,299.99998E-3,
,,,1.6200,319.99999E-3,
,,,1.6300,359.99998E-3,
,,,1.6400,359.99998E-3,
,,,1.6500,359.99998E-3,
,,,1.6600,340.00000E-3,
,,,1.6700,380.00000E-3,
,,,1.6800,380.00000E-3,
,,,1.6900,380.00000E-3,
,,,1.7000,359.99998E-3,
,,,1.7100,359.99998E-3,
,,,1.7200,380.00000E-3,
,,,1.7300,399.99998E-3,
,,,1.7400,380.00000E-3,
,,,1.7500,380.00000E-3,
,,,1.7600,380.00000E-3,
,,,1.7700,399.99998E-3,
,,,1.7800,399.99998E-3,
,,,1.7900,399.99998E-3,
,,,1.8000,380.00000E-3,
,,,1.8100,419.999987E-3,
,,,1.8200,380.00000E-3,
,,,1.8300,380.00000E-3,
,,,1.8400,380.00000E-3,
,,,1.8500,380.00000E-3,
,,,1.8600,380.00000E-3,
,,,1.8700,340.00000E-3,
,,,1.8800,359.99998E-3,
,,,1.8900,380.00000E-3,
,,,1.9000,340.00000E-3,
,,,1.9100,399.99998E-3,
,,,1.9200,380.00000E-3,
,,,1.9300,340.00000E-3,
,,,1.9400,380.00000E-3,
,,,1.9500,399.99998E-3,
,,,1.9600,380.00000E-3,
,,,1.9700,380.00000E-3,
,,,1.9800,380.00000E-3,
,,,1.9900,380.00000E-3,
,,,2.0000,380.00000E-3,
,,,2.0100,399.99998E-3,
,,,2.0200,399.99998E-3,
,,,2.0300,380.00000E-3,
,,,2.0400,380.00000E-3,
,,,2.0500,359.99998E-3,
,,,2.0600,380.00000E-3,
,,,2.0700,380.00000E-3,
,,,2.0800,380.00000E-3,
,,,2.0900,399.99998E-3,
,,,2.1000,380.00000E-3,
,,,2.1100,319.99999E-3,
,,,2.1200,340.00000E-3,
,,,2.1300,359.99998E-3,
,,,2.1400,319.99999E-3,
,,,2.1500,340.00000E-3,
,,,2.1600,359.99998E-3,
,,,2.1700,340.00000E-3,
,,,2.1800,380.00000E-3,
,,,2.1900,380.00000E-3,
,,,2.2000,399.99998E-3,
,,,2.2100,380.00000E-3,
,,,2.2200,380.00000E-3,
,,,2.2300,399.99998E-3,
,,,2.2400,380.00000E-3,
,,,2.2500,359.99998E-3,
,,,2.2600,359.99998E-3,
,,,2.2700,380.00000E-3,
,,,2.2800,380.00000E-3,
,,,2.2900,380.00000E-3,
,,,2.3000,380.00000E-3,
,,,2.3100,380.00000E-3,
,,,2.3200,380.00000E-3,
,,,2.3300,359.99998E-3,
,,,2.3400,380.00000E-3,
,,,2.3500,380.00000E-3,
,,,2.3600,359.99998E-3,
,,,2.3700,380.00000E-3,
,,,2.3800,380.00000E-3,
,,,2.3900,380.00000E-3,
,,,2.4000,359.99998E-3,
,,,2.4100,380.00000E-3,
,,,2.4200,380.00000E-3,
,,,2.4300,380.00000E-3,
,,,2.4400,380.00000E-3,
,,,2.4500,399.99998E-3,
,,,2.4600,380.00000E-3,
,,,2.4700,380.00000E-3,
,,,2.4800,359.99998E-3,
,,,2.4900,380.00000E-3,
,,,2.5000,380.00000E-3,
,,,2.5100,380.00000E-3,
,,,2.5200,380.00000E-3,
,,,2.5300,359.99998E-3,
,,,2.5400,380.00000E-3,
,,,2.5500,380.00000E-3,
,,,2.5600,359.99998E-3,
,,,2.5700,340.00000E-3,
,,,2.5800,380.00000E-3,
,,,2.5900,380.00000E-3,
,,,2.6000,359.99998E-3,
,,,2.6100,380.00000E-3,
,,,2.6200,380.00000E-3,
,,,2.6300,359.99998E-3,
,,,2.6400,380.00000E-3,
,,,2.6500,380.00000E-3,
,,,2.6600,380.00000E-3,
,,,2.6700,359.99998E-3,
,,,2.6800,380.00000E-3,
,,,2.6900,399.99998E-3,
,,,2.7000,380.00000E-3,
,,,2.7100,380.00000E-3,
,,,2.72000,380.00000E-3,
,,,2.73000,380.00000E-3,
,,,2.74000,399.99998E-3,
,,,2.75000,359.99998E-3,
,,,2.76000,359.99998E-3,
,,,2.77000,359.99998E-3,
,,,2.78000,380.00000E-3,
,,,2.79000,380.00000E-3,
,,,2.80000,359.99998E-3,
,,,2.81000,380.00000E-3,
,,,2.82000,380.00000E-3,
,,,2.83000,380.00000E-3,
,,,2.84000,380.00000E-3,
,,,2.85000,380.00000E-3,
,,,2.86000,399.99998E-3,
,,,2.87000,380.00000E-3,
,,,2.88000,399.99998E-3,
,,,2.89000,399.99998E-3,
,,,2.90000,399.99998E-3,
,,,2.91000,359.99998E-3,
,,,2.92000,380.00000E-3,
,,,2.93000,359.99998E-3,
,,,2.94000,399.99998E-3,
,,,2.95000,359.99998E-3,
,,,2.96000,399.99998E-3,
,,,2.97000,380.00000E-3,
,,,2.98000,419.999987E-3,
,,,2.99000,399.99998E-3,
,,,3.00000,359.99998E-3,
,,,3.01000,380.00000E-3,
,,,3.02000,380.00000E-3,
,,,3.03000,380.00000E-3,
,,,3.04000,419.999987E-3,
,,,3.05000,380.00000E-3,
,,,3.06000,380.00000E-3,
,,,3.07000,399.99998E-3,
,,,3.08000,399.99998E-3,
,,,3.09000,380.00000E-3,
,,,3.10000,380.00000E-3,
,,,3.11000,380.00000E-3,
,,,3.12000,380.00000E-3,
,,,3.13000,359.99998E-3,
,,,3.14000,380.00000E-3,
,,,3.15000,380.00000E-3,
,,,3.16000,380.00000E-3,
,,,3.17000,380.00000E-3,
,,,3.18000,380.00000E-3,
,,,3.19000,380.00000E-3,
,,,3.20000,399.99998E-3,
,,,3.21000,359.99998E-3,
,,,3.22000,359.99998E-3,
,,,3.23000,380.00000E-3,
,,,3.24000,439.999998E-3,
,,,3.25000,399.99998E-3,
,,,3.26000,359.99998E-3,
,,,3.27000,399.99998E-3,
,,,3.28000,399.99998E-3,
,,,3.29000,399.99998E-3,
,,,3.30000,359.99998E-3,
,,,3.31000,380.00000E-3,
,,,3.32000,380.00000E-3,
,,,3.33000,380.00000E-3,
,,,3.34000,380.00000E-3,
,,,3.35000,399.99998E-3,
,,,3.36000,380.00000E-3,
,,,3.37000,380.00000E-3,
,,,3.38000,380.00000E-3,
,,,3.39000,380.00000E-3,
,,,3.40000,380.00000E-3,
,,,3.41000,380.00000E-3,
,,,3.42000,380.00000E-3,
,,,3.43000,359.99998E-3,
,,,3.44000,380.00000E-3,
,,,3.45000,399.99998E-3,
,,,3.46000,399.99998E-3,
,,,3.47000,359.99998E-3,
,,,3.48000,380.00000E-3,
,,,3.49000,380.00000E-3,
,,,3.50000,380.00000E-3,
,,,3.51000,380.00000E-3,
,,,3.52000,380.00000E-3,
,,,3.53000,340.00000E-3,
,,,3.54000,380.00000E-3,
,,,3.55000,359.99998E-3,
,,,3.56000,380.00000E-3,
,,,3.57000,399.99998E-3,
,,,3.58000,399.99998E-3,
,,,3.59000,439.999998E-3,
,,,3.60000,419.999987E-3,
,,,3.61000,399.99998E-3,
,,,3.62000,419.999987E-3,
,,,3.63000,380.00000E-3,
,,,3.64000,399.99998E-3,
,,,3.65000,399.99998E-3,
,,,3.66000,419.999987E-3,
,,,3.67000,399.99998E-3,
,,,3.68000,419.999987E-3,
,,,3.69000,399.99998E-3,
,,,3.70000,419.999987E-3,
,,,3.71000,399.99998E-3,
,,,3.72000,419.999987E-3,
,,,3.73000,399.99998E-3,
,,,3.74000,399.99998E-3,
,,,3.75000,439.999998E-3,
,,,3.76000,399.99998E-3,
,,,3.77000,380.00000E-3,
,,,3.78000,399.99998E-3,
,,,3.79000,380.00000E-3,
,,,3.80000,359.99998E-3,
,,,3.81000,380.00000E-3,
,,,3.82000,380.00000E-3,
,,,3.83000,359.99998E-3,
,,,3.84000,380.00000E-3,
,,,3.85000,399.99998E-3,
,,,3.86000,380.00000E-3,
,,,3.87000,380.00000E-3,
,,,3.88000,380.00000E-3,
,,,3.89000,380.00000E-3,
,,,3.90000,359.99998E-3,
,,,3.91000,399.99998E-3,
,,,3.92000,380.00000E-3,
,,,3.93000,359.99998E-3,
,,,3.94000,399.99998E-3,
,,,3.95000,359.99998E-3,
,,,3.96000,380.00000E-3,
,,,3.97000,380.00000E-3,
,,,3.98000,380.00000E-3,
,,,3.99000,399.99998E-3,
,,,4.00000,399.99998E-3,
,,,4.01000,380.00000E-3,
,,,4.02000,399.99998E-3,
,,,4.03000,399.99998E-3,
,,,4.04000,380.00000E-3,
,,,4.05000,380.00000E-3,
,,,4.06000,399.99998E-3,
,,,4.07000,380.00000E-3,
,,,4.08000,380.00000E-3,
,,,4.09000,399.99998E-3,
,,,4.10000,399.99998E-3,
,,,4.11000,380.00000E-3,
,,,4.12000,380.00000E-3,
,,,4.13000,380.00000E-3,
,,,4.14000,380.00000E-3,
,,,4.15000,380.00000E-3,
,,,4.16000,380.00000E-3,
,,,4.17000,380.00000E-3,
,,,4.18000,380.00000E-3,
,,,4.19000,399.99998E-3,
,,,4.20000,380.00000E-3,
,,,4.21000,380.00000E-3,
,,,4.22000,380.00000E-3,
,,,4.23000,380.00000E-3,
,,,4.24000,380.00000E-3,
,,,4.25000,340.00000E-3,
,,,4.26000,380.00000E-3,
,,,4.27000,380.00000E-3,
,,,4.28000,359.99998E-3,
,,,4.29000,399.99998E-3,
,,,4.30000,380.00000E-3,
,,,4.31000,380.00000E-3,
,,,4.32000,399.99998E-3,
,,,4.33000,380.00000E-3,
,,,4.34000,359.99998E-3,
,,,4.35000,380.00000E-3,
,,,4.36000,380.00000E-3,
,,,4.37000,359.99998E-3,
,,,4.38000,359.99998E-3,
,,,4.39000,380.00000E-3,
,,,4.40000,380.00000E-3,
,,,4.41000,359.99998E-3,
,,,4.42000,399.99998E-3,
,,,4.43000,380.00000E-3,
,,,4.44000,380.00000E-3,
,,,4.45000,399.99998E-3,
,,,4.46000,359.99998E-3,
,,,4.47000,380.00000E-3,
,,,4.48000,380.00000E-3,
,,,4.49000,380.00000E-3,
,,,4.50000,399.99998E-3,
,,,4.51000,380.00000E-3,
,,,4.52000,380.00000E-3,
,,,4.53000,380.00000E-3,
,,,4.54000,380.00000E-3,
,,,4.55000,380.00000E-3,
,,,4.56000,380.00000E-3,
,,,4.57000,380.00000E-3,
,,,4.58000,380.00000E-3,
,,,4.59000,380.00000E-3,
,,,4.60000,380.00000E-3,
,,,4.61000,359.99998E-3,
,,,4.62000,380.00000E-3,
,,,4.63000,380.00000E-3,
,,,4.64000,380.00000E-3,
,,,4.65000,359.99998E-3,
,,,4.66000,359.99998E-3,
,,,4.67000,380.00000E-3,
,,,4.68000,380.00000E-3,
,,,4.69000,380.00000E-3,
,,,4.70000,359.99998E-3,
,,,4.71000,380.00000E-3,
,,,4.72000,399.99998E-3,
,,,4.73000,380.00000E-3,
,,,4.74000,380.00000E-3,
,,,4.75000,359.99998E-3,
,,,4.76000,359.99998E-3,
,,,4.77000,399.99998E-3,
,,,4.78000,359.99998E-3,
,,,4.79000,340.00000E-3,
,,,4.80000,359.99998E-3,
,,,4.81000,380.00000E-3,
,,,4.82000,380.00000E-3,
,,,4.83000,340.00000E-3,
,,,4.84000,399.99998E-3,
,,,4.85000,359.99998E-3,
,,,4.86000,380.00000E-3,
,,,4.87000,359.99998E-3,
,,,4.88000,380.00000E-3,
,,,4.89000,419.999987E-3,
,,,4.90000,380.00000E-3,
,,,4.91000,380.00000E-3,
,,,4.92000,359.99998E-3,
,,,4.93000,359.99998E-3,
,,,4.94000,399.99998E-3,
,,,4.95000,359.99998E-3,
,,,4.96000,380.00000E-3,
,,,4.97000,380.00000E-3,
,,,4.98000,380.00000E-3,
,,,4.99000,359.99998E-3,
,,,5.00000,319.99999E-3,
,,,5.01000,340.00000E-3,
,,,5.02000,340.00000E-3,
,,,5.03000,380.00000E-3,
,,,5.04000,399.99998E-3,
,,,5.05000,380.00000E-3,
,,,5.06000,359.99998E-3,
,,,5.07000,340.00000E-3,
,,,5.08000,359.99998E-3,
,,,5.09000,340.00000E-3,
,,,5.10000,359.99998E-3,
,,,5.11000,340.00000E-3,
,,,5.12000,359.99998E-3,
,,,5.13000,299.99998E-3,
,,,5.14000,299.99998E-3,
,,,5.15000,380.00000E-3,
,,,5.16000,319.99999E-3,
,,,5.17000,340.00000E-3,
,,,5.18000,359.99998E-3,
,,,5.19000,340.00000E-3,
,,,5.20000,359.99998E-3,
,,,5.21000,319.99999E-3,
,,,5.22000,359.99998E-3,
,,,5.23000,319.99999E-3,
,,,5.24000,340.00000E-3,
,,,5.25000,340.00000E-3,
,,,5.26000,359.99998E-3,
,,,5.27000,340.00000E-3,
,,,5.28000,380.00000E-3,
,,,5.29000,380.00000E-3,
,,,5.30000,380.00000E-3,
,,,5.31000,380.00000E-3,
,,,5.32000,380.00000E-3,
,,,5.33000,359.99998E-3,
,,,5.34000,380.00000E-3,
,,,5.35000,380.00000E-3,
,,,5.36000,359.99998E-3,
,,,5.37000,380.00000E-3,
,,,5.38000,380.00000E-3,
,,,5.39000,399.99998E-3,
,,,5.40000,380.00000E-3,
,,,5.41000,380.00000E-3,
,,,5.42000,359.99998E-3,
,,,5.43000,380.00000E-3,
,,,5.44000,380.00000E-3,
,,,5.45000,359.99998E-3,
,,,5.46000,399.99998E-3,
,,,5.47000,380.00000E-3,
,,,5.48000,380.00000E-3,
,,,5.49000,380.00000E-3,
,,,5.50000,380.00000E-3,
,,,5.51000,380.00000E-3,
,,,5.52000,380.00000E-3,
,,,5.53000,399.99998E-3,
,,,5.54000,380.00000E-3,
,,,5.55000,359.99998E-3,
,,,5.56000,380.00000E-3,
,,,5.57000,380.00000E-3,
,,,5.58000,399.99998E-3,
,,,5.59000,399.99998E-3,
,,,5.60000,380.00000E-3,
,,,5.61000,380.00000E-3,
,,,5.62000,359.99998E-3,
,,,5.63000,380.00000E-3,
,,,5.64000,380.00000E-3,
,,,5.65000,380.00000E-3,
,,,5.66000,380.00000E-3,
,,,5.67000,399.99998E-3,
,,,5.68000,380.00000E-3,
,,,5.69000,380.00000E-3,
,,,5.70000,359.99998E-3,
,,,5.71000,359.99998E-3,
,,,5.72000,380.00000E-3,
,,,5.73000,359.99998E-3,
,,,5.74000,380.00000E-3,
,,,5.75000,359.99998E-3,
,,,5.76000,380.00000E-3,
,,,5.77000,399.99998E-3,
,,,5.78000,380.00000E-3,
,,,5.79000,380.00000E-3,
,,,5.80000,359.99998E-3,
,,,5.81000,380.00000E-3,
,,,5.82000,359.99998E-3,
,,,5.83000,380.00000E-3,
,,,5.84000,399.99998E-3,
,,,5.85000,399.99998E-3,
,,,5.86000,380.00000E-3,
,,,5.87000,380.00000E-3,
,,,5.88000,380.00000E-3,
,,,5.89000,399.99998E-3,
,,,5.90000,380.00000E-3,
,,,5.91000,380.00000E-3,
,,,5.92000,380.00000E-3,
,,,5.93000,380.00000E-3,
,,,5.94000,359.99998E-3,
,,,5.95000,380.00000E-3,
,,,5.96000,399.99998E-3,
,,,5.97000,399.99998E-3,
,,,5.98000,380.00000E-3,
,,,5.99000,380.00000E-3,
,,,6.00000,380.00000E-3,
,,,6.01000,380.00000E-3,
,,,6.02000,380.00000E-3,
,,,6.03000,359.99998E-3,
,,,6.04000,380.00000E-3,
,,,6.05000,380.00000E-3,
,,,6.06000,380.00000E-3,
,,,6.07000,380.00000E-3,
,,,6.08000,359.99998E-3,
,,,6.09000,359.99998E-3,
,,,6.10000,380.00000E-3,
,,,6.11000,380.00000E-3,
,,,6.12000,359.99998E-3,
,,,6.13000,399.99998E-3,
,,,6.14000,399.99998E-3,
,,,6.15000,359.99998E-3,
,,,6.16000,359.99998E-3,
,,,6.17000,419.999987E-3,
,,,6.18000,380.00000E-3,
,,,6.19000,380.00000E-3,
,,,6.20000,359.99998E-3,
,,,6.21000,380.00000E-3,
,,,6.22000,439.999998E-3,
,,,6.23000,340.00000E-3,
,,,6.24000,359.99998E-3,
,,,6.25000,380.00000E-3,
,,,6.26000,380.00000E-3,
,,,6.27000,399.99998E-3,
,,,6.28000,359.99998E-3,
,,,6.29000,380.00000E-3,
,,,6.30000,380.00000E-3,
,,,6.31000,380.00000E-3,
,,,6.32000,380.00000E-3,
,,,6.33000,399.99998E-3,
,,,6.34000,380.00000E-3,
,,,6.35000,359.99998E-3,
,,,6.36000,399.99998E-3,
,,,6.37000,380.00000E-3,
,,,6.38000,380.00000E-3,
,,,6.39000,399.99998E-3,
,,,6.40000,359.99998E-3,
,,,6.41000,380.00000E-3,
,,,6.42000,380.00000E-3,
,,,6.43000,399.99998E-3,
,,,6.44000,399.99998E-3,
,,,6.45000,380.00000E-3,
,,,6.46000,380.00000E-3,
,,,6.47000,399.99998E-3,
,,,6.48000,380.00000E-3,
,,,6.49000,380.00000E-3,
,,,6.50000,359.99998E-3,
,,,6.51000,399.99998E-3,
,,,6.52000,359.99998E-3,
,,,6.53000,380.00000E-3,
,,,6.54000,380.00000E-3,
,,,6.55000,380.00000E-3,
,,,6.56000,380.00000E-3,
,,,6.57000,380.00000E-3,
,,,6.58000,340.00000E-3,
,,,6.59000,380.00000E-3,
,,,6.60000,399.99998E-3,
,,,6.61000,359.99998E-3,
,,,6.62000,359.99998E-3,
,,,6.63000,380.00000E-3,
,,,6.64000,380.00000E-3,
,,,6.65000,380.00000E-3,
,,,6.66000,359.99998E-3,
,,,6.67000,380.00000E-3,
,,,6.68000,380.00000E-3,
,,,6.69000,380.00000E-3,
,,,6.70000,380.00000E-3,
,,,6.71000,380.00000E-3,
,,,6.72000,399.99998E-3,
,,,6.73000,380.00000E-3,
,,,6.74000,359.99998E-3,
,,,6.75000,340.00000E-3,
,,,6.76000,380.00000E-3,
,,,6.77000,380.00000E-3,
,,,6.78000,380.00000E-3,
,,,6.79000,380.00000E-3,
,,,6.80000,359.99998E-3,
,,,6.81000,399.99998E-3,
,,,6.82000,359.99998E-3,
,,,6.83000,380.00000E-3,
,,,6.84000,380.00000E-3,
,,,6.85000,359.99998E-3,
,,,6.86000,380.00000E-3,
,,,6.87000,399.99998E-3,
,,,6.88000,359.99998E-3,
,,,6.89000,380.00000E-3,
,,,6.90000,380.00000E-3,
,,,6.91000,359.99998E-3,
,,,6.92000,380.00000E-3,
,,,6.93000,380.00000E-3,
,,,6.94000,380.00000E-3,
,,,6.95000,380.00000E-3,
,,,6.96000,380.00000E-3,
,,,6.97000,380.00000E-3,
,,,6.98000,359.99998E-3,
,,,6.99000,359.99998E-3,
,,,7.00000,380.00000E-3,
,,,7.01000,380.00000E-3,
,,,7.02000,340.00000E-3,
,,,7.03000,380.00000E-3,
,,,7.04000,380.00000E-3,
,,,7.05000,359.99998E-3,
,,,7.06000,380.00000E-3,
,,,7.07000,380.00000E-3,
,,,7.08000,359.99998E-3,
,,,7.09000,359.99998E-3,
,,,7.10000,380.00000E-3,
,,,7.11000,380.00000E-3,
,,,7.12000,419.999987E-3,
,,,7.13000,380.00000E-3,
,,,7.14000,380.00000E-3,
,,,7.15000,359.99998E-3,
,,,7.16000,380.00000E-3,
,,,7.17000,319.99999E-3,
,,,7.18000,380.00000E-3,
,,,7.19000,380.00000E-3,
,,,7.20000,380.00000E-3,
,,,7.21000,380.00000E-3,
,,,7.22000,380.00000E-3,
,,,7.23000,380.00000E-3,
,,,7.24000,359.99998E-3,
,,,7.25000,380.00000E-3,
,,,7.26000,380.00000E-3,
,,,7.27000,380.00000E-3,
,,,7.28000,380.00000E-3,
,,,7.29000,359.99998E-3,
,,,7.30000,340.00000E-3,
,,,7.31000,380.00000E-3,
,,,7.32000,380.00000E-3,
,,,7.33000,359.99998E-3,
,,,7.34000,380.00000E-3,
,,,7.35000,419.999987E-3,
,,,7.36000,380.00000E-3,
,,,7.37000,399.99998E-3,
,,,7.38000,380.00000E-3,
,,,7.390000,380.00000E-3,
,,,7.400000,380.00000E-3,
,,,7.410000,380.00000E-3,
,,,7.420000,380.00000E-3,
,,,7.430000,380.00000E-3,
,,,7.440000,359.99998E-3,
,,,7.450000,359.99998E-3,
,,,7.460000,380.00000E-3,
,,,7.470000,359.99998E-3,
,,,7.480000,399.99998E-3,
,,,7.490000,380.00000E-3,
,,,7.500000,399.99998E-3,
,,,7.510000,380.00000E-3,
,,,7.520000,380.00000E-3,
,,,7.530000,380.00000E-3,
,,,7.540000,380.00000E-3,
,,,7.550000,359.99998E-3,
,,,7.560000,380.00000E-3,
,,,7.570000,380.00000E-3,
,,,7.580000,359.99998E-3,
,,,7.590000,380.00000E-3,
,,,7.600000,380.00000E-3,
,,,7.610000,419.999987E-3,
,,,7.620000,359.99998E-3,
,,,7.630000,380.00000E-3,
,,,7.640000,380.00000E-3,
,,,7.650000,399.99998E-3,
,,,7.660000,380.00000E-3,
,,,7.670000,380.00000E-3,
,,,7.680000,380.00000E-3,
,,,7.690000,380.00000E-3,
,,,7.700000,359.99998E-3,
,,,7.710000,399.99998E-3,
,,,7.720000,359.99998E-3,
,,,7.730000,399.99998E-3,
,,,7.740000,380.00000E-3,
,,,7.750000,399.99998E-3,
,,,7.760000,380.00000E-3,
,,,7.770000,359.99998E-3,
,,,7.780000,359.99998E-3,
,,,7.790000,380.00000E-3,
,,,7.800000,359.99998E-3,
,,,7.810000,380.00000E-3,
,,,7.820000,359.99998E-3,
,,,7.830000,380.00000E-3,
,,,7.840000,399.99998E-3,
,,,7.850000,380.00000E-3,
,,,7.860000,380.00000E-3,
,,,7.870000,359.99998E-3,
,,,7.880000,359.99998E-3,
,,,7.890000,380.00000E-3,
,,,7.900000,380.00000E-3,
,,,7.910000,319.99999E-3,
,,,7.920000,359.99998E-3,
,,,7.930000,359.99998E-3,
,,,7.940000,380.00000E-3,
,,,7.950000,380.00000E-3,
,,,7.960000,380.00000E-3,
,,,7.970000,340.00000E-3,
,,,7.980000,359.99998E-3,
,,,7.990000,380.00000E-3,
,,,8.000000,380.00000E-3,
,,,8.010000,399.99998E-3,
,,,8.020000,399.99998E-3,
,,,8.030000,380.00000E-3,
,,,8.040000,359.99998E-3,
,,,8.050000,340.00000E-3,
,,,8.059999,380.00000E-3,
,,,8.070000,359.99998E-3,
,,,8.080000,340.00000E-3,
,,,8.090000,380.00000E-3,
,,,8.099999,399.99998E-3,
,,,8.110000,380.00000E-3,
,,,8.120000,380.00000E-3,
,,,8.130000,399.99998E-3,
,,,8.139999,419.999987E-3,
,,,8.150000,380.00000E-3,
,,,8.160000,380.00000E-3,
,,,8.170000,380.00000E-3,
,,,8.179999,380.00000E-3,
,,,8.190000,359.99998E-3,
,,,8.200000,359.99998E-3,
,,,8.210000,380.00000E-3,
,,,8.220000,380.00000E-3,
,,,8.230000,399.99998E-3,
,,,8.240000,399.99998E-3,
,,,8.250000,359.99998E-3,
,,,8.260000,359.99998E-3,
,,,8.270000,380.00000E-3,
,,,8.280000,380.00000E-3,
,,,8.290000,380.00000E-3,
,,,8.300000,380.00000E-3,
,,,8.309999,380.00000E-3,
,,,8.320000,380.00000E-3,
,,,8.330000,359.99998E-3,
,,,8.340000,359.99998E-3,
,,,8.349999,380.00000E-3,
,,,8.360000,380.00000E-3,
,,,8.370000,399.99998E-3,
,,,8.380000,380.00000E-3,
,,,8.389999,359.99998E-3,
,,,8.400000,399.99998E-3,
,,,8.410000,399.99998E-3,
,,,8.420000,380.00000E-3,
,,,8.429999,380.00000E-3,
,,,8.440000,340.00000E-3,
,,,8.450000,380.00000E-3,
,,,8.460000,359.99998E-3,
,,,8.470000,359.99998E-3,
,,,8.480000,380.00000E-3,
,,,8.490000,380.00000E-3,
,,,8.500000,359.99998E-3,
,,,8.510000,380.00000E-3,
,,,8.520000,380.00000E-3,
,,,8.530000,340.00000E-3,
,,,8.540000,399.99998E-3,
,,,8.550000,359.99998E-3,
,,,8.559999,380.00000E-3,
,,,8.570000,380.00000E-3,
,,,8.580000,380.00000E-3,
,,,8.590000,380.00000E-3,
,,,8.599999,399.99998E-3,
,,,8.610000,419.999987E-3,
,,,8.620000,399.99998E-3,
,,,8.630000,359.99998E-3,
,,,8.639999,419.999987E-3,
,,,8.650000,399.99998E-3,
,,,8.660000,399.99998E-3,
,,,8.670000,399.99998E-3,
,,,8.679999,340.00000E-3,
,,,8.690000,399.99998E-3,
,,,8.700000,380.00000E-3,
,,,8.710000,380.00000E-3,
,,,8.720000,359.99998E-3,
,,,8.730000,399.99998E-3,
,,,8.740000,419.999987E-3,
,,,8.750000,419.999987E-3,
,,,8.760000,419.999987E-3,
,,,8.770000,380.00000E-3,
,,,8.780000,399.99998E-3,
,,,8.790000,380.00000E-3,
,,,8.800000,359.99998E-3,
,,,8.809999,380.00000E-3,
,,,8.820000,340.00000E-3,
,,,8.830000,380.00000E-3,
,,,8.840000,359.99998E-3,
,,,8.849999,359.99998E-3,
,,,8.860000,380.00000E-3,
,,,8.870000,380.00000E-3,
,,,8.880000,399.99998E-3,
,,,8.889999,359.99998E-3,
,,,8.900000,359.99998E-3,
,,,8.910000,359.99998E-3,
,,,8.920000,380.00000E-3,
,,,8.929999,359.99998E-3,
,,,8.940000,380.00000E-3,
,,,8.950000,380.00000E-3,
,,,8.960000,380.00000E-3,
,,,8.970000,380.00000E-3,
,,,8.980000,380.00000E-3,
,,,8.990000,380.00000E-3,
,,,9.000000,380.00000E-3,
,,,9.010000,399.99998E-3,
,,,9.020000,380.00000E-3,
,,,9.030000,340.00000E-3,
,,,9.040000,380.00000E-3,
,,,9.050000,359.99998E-3,
,,,9.059999,399.99998E-3,
,,,9.070000,380.00000E-3,
,,,9.080000,380.00000E-3,
,,,9.090000,380.00000E-3,
,,,9.099999,399.99998E-3,
,,,9.110000,359.99998E-3,
,,,9.120000,380.00000E-3,
,,,9.130000,380.00000E-3,
,,,9.139999,399.99998E-3,
,,,9.150000,380.00000E-3,
,,,9.160000,359.99998E-3,
,,,9.170000,380.00000E-3,
,,,9.179999,399.99998E-3,
,,,9.190000,399.99998E-3,
,,,9.200000,380.00000E-3,
,,,9.210000,399.99998E-3,
,,,9.220000,399.99998E-3,
,,,9.230000,380.00000E-3,
,,,9.240000,380.00000E-3,
,,,9.250000,399.99998E-3,
,,,9.260000,380.00000E-3,
,,,9.270000,380.00000E-3,
,,,9.280000,380.00000E-3,
,,,9.290000,380.00000E-3,
,,,9.300000,359.99998E-3,
,,,9.309999,359.99998E-3,
,,,9.320000,359.99998E-3,
,,,9.330000,359.99998E-3,
,,,9.340000,380.00000E-3,
,,,9.349999,359.99998E-3,
,,,9.360000,359.99998E-3,
,,,9.370000,359.99998E-3,
,,,9.380000,380.00000E-3,
,,,9.389999,439.999998E-3,
,,,9.400000,399.99998E-3,
,,,9.410000,319.99999E-3,
,,,9.420000,380.00000E-3,
,,,9.429999,359.99998E-3,
,,,9.440000,359.99998E-3,
,,,9.450000,359.99998E-3,
,,,9.460000,380.00000E-3,
,,,9.469999,439.999998E-3,
,,,9.480000,380.00000E-3,
,,,9.490000,380.00000E-3,
,,,9.500000,359.99998E-3,
,,,9.510000,399.99998E-3,
,,,9.520000,380.00000E-3,
,,,9.530000,359.99998E-3,
,,,9.540000,380.00000E-3,
,,,9.550000,399.99998E-3,
,,,9.559999,380.00000E-3,
,,,9.570000,380.00000E-3,
,,,9.580000,319.99999E-3,
,,,9.590000,359.99998E-3,
,,,9.599999,380.00000E-3,
,,,9.610000,359.99998E-3,
,,,9.620000,380.00000E-3,
,,,9.630000,399.99998E-3,
,,,9.639999,380.00000E-3,
,,,9.650000,380.00000E-3,
,,,9.660000,399.99998E-3,
,,,9.670000,380.00000E-3,
,,,9.679999,399.99998E-3,
,,,9.690000,399.99998E-3,
,,,9.700000,380.00000E-3,
,,,9.710000,399.99998E-3,
,,,9.719999,380.00000E-3,
,,,9.730000,399.99998E-3,
,,,9.740000,359.99998E-3,
,,,9.750000,380.00000E-3,
,,,9.760000,380.00000E-3,
,,,9.770000,399.99998E-3,
,,,9.780000,380.00000E-3,
,,,9.790000,419.999987E-3,
,,,9.800000,399.99998E-3,
,,,9.809999,380.00000E-3,
,,,9.820000,419.999987E-3,
,,,9.830000,359.99998E-3,
,,,9.840000,399.99998E-3,
,,,9.849999,380.00000E-3,
,,,9.860000,380.00000E-3,
,,,9.870000,399.99998E-3,
,,,9.880000,380.00000E-3,
,,,9.889999,359.99998E-3,
,,,9.900000,380.00000E-3,
,,,9.910000,380.00000E-3,
,,,9.920000,359.99998E-3,
,,,9.929999,399.99998E-3,
,,,9.940000,380.00000E-3,
,,,9.950000,419.999987E-3,
,,,9.960000,380.00000E-3,
,,,9.969999,380.00000E-3,
,,,9.980000,359.99998E-3,
,,,9.990000,380.00000E-3,
,,,10.0000,419.999987E-3,
,,,10.0100,380.00000E-3,
,,,10.0200,380.00000E-3,
,,,10.0300,419.999987E-3,
,,,10.0400,380.00000E-3,
,,,10.0500,399.99998E-3,
,,,10.0600,380.00000E-3,
,,,10.0700,380.00000E-3,
,,,10.0800,359.99998E-3,
,,,10.0900,380.00000E-3,
,,,10.1000,399.99998E-3,
,,,10.1100,380.00000E-3,
,,,10.1200,399.99998E-3,
,,,10.1300,380.00000E-3,
,,,10.1400,380.00000E-3,
,,,10.1500,380.00000E-3,
,,,10.1600,399.99998E-3,
,,,10.1700,419.999987E-3,
,,,10.1800,380.00000E-3,
,,,10.1900,399.99998E-3,
,,,10.2000,340.00000E-3,
,,,10.2100,399.99998E-3,
,,,10.2200,380.00000E-3,
,,,10.2300,380.00000E-3,
,,,10.2400,380.00000E-3,
,,,10.2500,399.99998E-3,
,,,10.2600,359.99998E-3,
,,,10.2700,419.999987E-3,
,,,10.2800,380.00000E-3,
,,,10.2900,380.00000E-3,
,,,10.3000,399.99998E-3,
,,,10.3100,380.00000E-3,
,,,10.3200,399.99998E-3,
,,,10.3300,399.99998E-3,
,,,10.3400,380.00000E-3,
,,,10.3500,380.00000E-3,
,,,10.3600,380.00000E-3,
,,,10.3700,380.00000E-3,
,,,10.3800,380.00000E-3,
,,,10.3900,340.00000E-3,
,,,10.4000,380.00000E-3,
,,,10.4100,380.00000E-3,
,,,10.4200,399.99998E-3,
,,,10.4300,399.99998E-3,
,,,10.4400,359.99998E-3,
,,,10.4500,380.00000E-3,
,,,10.4600,340.00000E-3,
,,,10.4700,380.00000E-3,
,,,10.4800,340.00000E-3,
,,,10.4900,399.99998E-3,
,,,10.5000,399.99998E-3,
,,,10.5100,399.99998E-3,
,,,10.5200,399.99998E-3,
,,,10.5300,359.99998E-3,
,,,10.5400,359.99998E-3,
,,,10.5500,359.99998E-3,
,,,10.5600,380.00000E-3,
,,,10.5700,359.99998E-3,
,,,10.5800,359.99998E-3,
,,,10.5900,419.999987E-3,
,,,10.6000,319.99999E-3,
,,,10.6100,359.99998E-3,
,,,10.6200,359.99998E-3,
,,,10.6300,359.99998E-3,
,,,10.6400,359.99998E-3,
,,,10.6500,380.00000E-3,
,,,10.6600,380.00000E-3,
,,,10.6700,399.99998E-3,
,,,10.6800,359.99998E-3,
,,,10.6900,399.99998E-3,
,,,10.7000,419.999987E-3,
,,,10.7100,380.00000E-3,
,,,10.7200,399.99998E-3,
,,,10.7300,359.99998E-3,
,,,10.7400,380.00000E-3,
,,,10.7500,399.99998E-3,
,,,10.7600,340.00000E-3,
,,,10.7700,399.99998E-3,
,,,10.7800,380.00000E-3,
,,,10.7900,380.00000E-3,
,,,10.8000,380.00000E-3,
,,,10.8100,359.99998E-3,
,,,10.8200,380.00000E-3,
,,,10.8300,399.99998E-3,
,,,10.8400,380.00000E-3,
,,,10.8500,380.00000E-3,
,,,10.8600,359.99998E-3,
,,,10.8700,380.00000E-3,
,,,10.8800,380.00000E-3,
,,,10.8900,380.00000E-3,
,,,10.9000,359.99998E-3,
,,,10.9100,399.99998E-3,
,,,10.9200,380.00000E-3,
,,,10.9300,359.99998E-3,
,,,10.9400,359.99998E-3,
,,,10.9500,380.00000E-3,
,,,10.9600,359.99998E-3,
,,,10.9700,380.00000E-3,
,,,10.9800,399.99998E-3,
,,,10.9900,380.00000E-3,
,,,11.0000,380.00000E-3,
,,,11.0100,359.99998E-3,
,,,11.0200,380.00000E-3,
,,,11.0300,399.99998E-3,
,,,11.0400,380.00000E-3,
,,,11.0500,380.00000E-3,
,,,11.0600,399.99998E-3,
,,,11.0700,399.99998E-3,
,,,11.0800,359.99998E-3,
,,,11.0900,380.00000E-3,
,,,11.1000,359.99998E-3,
,,,11.1100,380.00000E-3,
,,,11.1200,380.00000E-3,
,,,11.1300,399.99998E-3,
,,,11.1400,359.99998E-3,
,,,11.1500,380.00000E-3,
,,,11.1600,380.00000E-3,
,,,11.1700,380.00000E-3,
,,,11.1800,340.00000E-3,
,,,11.1900,380.00000E-3,
,,,11.2000,399.99998E-3,
,,,11.2100,399.99998E-3,
,,,11.2200,359.99998E-3,
,,,11.2300,380.00000E-3,
,,,11.2400,340.00000E-3,
,,,11.2500,380.00000E-3,
,,,11.2600,359.99998E-3,
,,,11.2700,399.99998E-3,
,,,11.2800,359.99998E-3,
,,,11.2900,399.99998E-3,
,,,11.3000,380.00000E-3,
,,,11.3100,399.99998E-3,
,,,11.3200,399.99998E-3,
,,,11.3300,380.00000E-3,
,,,11.3400,380.00000E-3,
,,,11.3500,340.00000E-3,
,,,11.3600,380.00000E-3,
,,,11.3700,359.99998E-3,
,,,11.3800,380.00000E-3,
,,,11.3900,399.99998E-3,
,,,11.4000,380.00000E-3,
,,,11.4100,380.00000E-3,
,,,11.4200,380.00000E-3,
,,,11.4300,419.999987E-3,
,,,11.4400,399.99998E-3,
,,,11.4500,380.00000E-3,
,,,11.4600,380.00000E-3,
,,,11.4700,380.00000E-3,
,,,11.4800,359.99998E-3,
,,,11.4900,380.00000E-3,
,,,11.5000,359.99998E-3,
,,,11.5100,380.00000E-3,
,,,11.5200,380.00000E-3,
,,,11.5300,359.99998E-3,
,,,11.5400,380.00000E-3,
,,,11.5500,380.00000E-3,
,,,11.5600,380.00000E-3,
,,,11.5700,399.99998E-3,
,,,11.5800,380.00000E-3,
,,,11.5900,340.00000E-3,
,,,11.6000,380.00000E-3,
,,,11.6100,380.00000E-3,
,,,11.6200,380.00000E-3,
,,,11.6300,380.00000E-3,
,,,11.6400,380.00000E-3,
,,,11.6500,380.00000E-3,
,,,11.6600,419.999987E-3,
,,,11.6700,399.99998E-3,
,,,11.6800,380.00000E-3,
,,,11.6900,399.99998E-3,
,,,11.7000,380.00000E-3,
,,,11.7100,340.00000E-3,
,,,11.7200,359.99998E-3,
,,,11.7300,380.00000E-3,
,,,11.7400,380.00000E-3,
,,,11.7500,359.99998E-3,
,,,11.7600,380.00000E-3,
,,,11.7700,380.00000E-3,
,,,11.7800,340.00000E-3,
,,,11.7900,380.00000E-3,
,,,11.8000,380.00000E-3,
,,,11.8100,359.99998E-3,
,,,11.8200,359.99998E-3,
,,,11.8300,399.99998E-3,
,,,11.8400,380.00000E-3,
,,,11.8500,380.00000E-3,
,,,11.8600,419.999987E-3,
,,,11.8700,399.99998E-3,
,,,11.8800,380.00000E-3,
,,,11.8900,399.99998E-3,
,,,11.9000,380.00000E-3,
,,,11.9100,380.00000E-3,
,,,11.9200,380.00000E-3,
,,,11.9300,380.00000E-3,
,,,11.9400,380.00000E-3,
,,,11.9500,380.00000E-3,
,,,11.9600,380.00000E-3,
,,,11.9700,380.00000E-3,
,,,11.9800,380.00000E-3,
,,,11.9900,380.00000E-3,
,,,12.0000,380.00000E-3,
,,,12.0100,380.00000E-3,
,,,12.0200,399.99998E-3,
,,,12.0300,380.00000E-3,
,,,12.0400,380.00000E-3,
,,,12.0500,359.99998E-3,
,,,12.0600,380.00000E-3,
,,,12.0700,340.00000E-3,
,,,12.0800,340.00000E-3,
,,,12.0900,380.00000E-3,
,,,12.1000,380.00000E-3,
,,,12.1100,419.999987E-3,
,,,12.1200,380.00000E-3,
,,,12.1300,399.99998E-3,
,,,12.1400,380.00000E-3,
,,,12.1500,380.00000E-3,
,,,12.1600,340.00000E-3,
,,,12.1700,340.00000E-3,
,,,12.1800,380.00000E-3,
,,,12.1900,380.00000E-3,
,,,12.2000,380.00000E-3,
,,,12.2100,380.00000E-3,
,,,12.2200,399.99998E-3,
,,,12.2300,380.00000E-3,
,,,12.2400,380.00000E-3,
,,,12.2500,419.999987E-3,
,,,12.2600,380.00000E-3,
,,,12.2700,380.00000E-3,
,,,12.2800,380.00000E-3,
,,,12.2900,380.00000E-3,
,,,12.3000,359.99998E-3,
,,,12.3100,399.99998E-3,
,,,12.3200,380.00000E-3,
,,,12.3300,359.99998E-3,
,,,12.3400,399.99998E-3,
,,,12.3500,359.99998E-3,
,,,12.3600,359.99998E-3,
,,,12.3700,380.00000E-3,
,,,12.3800,399.99998E-3,
,,,12.3900,380.00000E-3,
,,,12.4000,380.00000E-3,
,,,12.4100,399.99998E-3,
,,,12.4200,399.99998E-3,
,,,12.4300,359.99998E-3,
,,,12.4400,380.00000E-3,
,,,12.4500,380.00000E-3,
,,,12.4600,380.00000E-3,
,,,12.4700,380.00000E-3,
,,,12.4800,359.99998E-3,
,,,12.4900,359.99998E-3,
,,,12.5000,380.00000E-3,
,,,12.5100,419.999987E-3,
,,,12.5200,380.00000E-3,
,,,12.5300,380.00000E-3,
,,,12.5400,399.99998E-3,
,,,12.5500,359.99998E-3,
,,,12.5600,380.00000E-3,
,,,12.5700,380.00000E-3,
,,,12.5800,380.00000E-3,
,,,12.5900,380.00000E-3,
,,,12.6000,380.00000E-3,
,,,12.6100,380.00000E-3,
,,,12.6200,380.00000E-3,
,,,12.6300,359.99998E-3,
,,,12.6400,380.00000E-3,
,,,12.6500,380.00000E-3,
,,,12.6600,380.00000E-3,
,,,12.6700,359.99998E-3,
,,,12.6800,340.00000E-3,
,,,12.6900,380.00000E-3,
,,,12.7000,399.99998E-3,
,,,12.7100,359.99998E-3,
,,,12.7200,399.99998E-3,
,,,12.7300,380.00000E-3,
,,,12.7400,380.00000E-3,
,,,12.7500,359.99998E-3,
,,,12.7600,359.99998E-3,
,,,12.7700,399.99998E-3,
,,,12.7800,380.00000E-3,
,,,12.7900,380.00000E-3,
,,,12.8000,399.99998E-3,
,,,12.8100,380.00000E-3,
,,,12.8200,359.99998E-3,
,,,12.8300,380.00000E-3,
,,,12.8400,380.00000E-3,
,,,12.8500,380.00000E-3,
,,,12.8600,380.00000E-3,
,,,12.8700,380.00000E-3,
,,,12.8800,359.99998E-3,
,,,12.8900,399.99998E-3,
,,,12.9000,380.00000E-3,
,,,12.9100,380.00000E-3,
,,,12.9200,399.99998E-3,
,,,12.9300,359.99998E-3,
,,,12.9400,380.00000E-3,
,,,12.9500,380.00000E-3,
,,,12.9600,359.99998E-3,
,,,12.9700,399.99998E-3,
,,,12.9800,380.00000E-3,
,,,12.9900,380.00000E-3,
,,,13.0000,380.00000E-3,
,,,13.0100,380.00000E-3,
,,,13.0200,399.99998E-3,
,,,13.0300,380.00000E-3,
,,,13.0400,380.00000E-3,
,,,13.0500,399.99998E-3,
,,,13.0600,380.00000E-3,
,,,13.0700,399.99998E-3,
,,,13.0800,380.00000E-3,
,,,13.0900,380.00000E-3,
,,,13.1000,380.00000E-3,
,,,13.1100,359.99998E-3,
,,,13.1200,380.00000E-3,
,,,13.1300,340.00000E-3,
,,,13.1400,359.99998E-3,
,,,13.1500,380.00000E-3,
,,,13.1600,340.00000E-3,
,,,13.1700,399.99998E-3,
,,,13.1800,380.00000E-3,
,,,13.1900,380.00000E-3,
,,,13.2000,380.00000E-3,
,,,13.2100,380.00000E-3,
,,,13.2200,380.00000E-3,
,,,13.2300,380.00000E-3,
,,,13.2400,380.00000E-3,
,,,13.2500,359.99998E-3,
,,,13.2600,380.00000E-3,
,,,13.2700,380.00000E-3,
,,,13.2800,380.00000E-3,
,,,13.2900,359.99998E-3,
,,,13.3000,380.00000E-3,
,,,13.3100,419.999987E-3,
,,,13.3200,380.00000E-3,
,,,13.3300,340.00000E-3,
,,,13.3400,380.00000E-3,
,,,13.3500,359.99998E-3,
,,,13.3600,380.00000E-3,
,,,13.3700,380.00000E-3,
,,,13.3800,340.00000E-3,
,,,13.3900,380.00000E-3,
,,,13.4000,359.99998E-3,
,,,13.4100,359.99998E-3,
,,,13.4200,380.00000E-3,
,,,13.4300,359.99998E-3,
,,,13.4400,399.99998E-3,
,,,13.4500,380.00000E-3,
,,,13.4600,399.99998E-3,
,,,13.4700,359.99998E-3,
,,,13.4800,380.00000E-3,
,,,13.4900,319.99999E-3,
,,,13.5000,380.00000E-3,
,,,13.5100,380.00000E-3,
,,,13.5200,359.99998E-3,
,,,13.5300,380.00000E-3,
,,,13.5400,399.99998E-3,
,,,13.5500,419.999987E-3,
,,,13.5600,359.99998E-3,
,,,13.5700,380.00000E-3,
,,,13.5800,380.00000E-3,
,,,13.5900,380.00000E-3,
,,,13.6000,380.00000E-3,
,,,13.6100,380.00000E-3,
,,,13.6200,380.00000E-3,
,,,13.6300,380.00000E-3,
,,,13.6400,359.99998E-3,
,,,13.6500,359.99998E-3,
,,,13.6600,380.00000E-3,
,,,13.6700,380.00000E-3,
,,,13.6800,359.99998E-3,
,,,13.6900,380.00000E-3,
,,,13.7000,380.00000E-3,
,,,13.7100,380.00000E-3,
,,,13.7200,380.00000E-3,
,,,13.7300,359.99998E-3,
,,,13.7400,380.00000E-3,
,,,13.7500,359.99998E-3,
,,,13.7600,359.99998E-3,
,,,13.7700,380.00000E-3,
,,,13.7800,419.999987E-3,
,,,13.7900,380.00000E-3,
,,,13.8000,380.00000E-3,
,,,13.8100,359.99998E-3,
,,,13.8200,380.00000E-3,
,,,13.8300,380.00000E-3,
,,,13.8400,359.99998E-3,
,,,13.8500,399.99998E-3,
,,,13.8600,380.00000E-3,
,,,13.8700,380.00000E-3,
,,,13.8800,380.00000E-3,
,,,13.8900,359.99998E-3,
,,,13.9000,380.00000E-3,
,,,13.9100,380.00000E-3,
,,,13.9200,380.00000E-3,
,,,13.9300,380.00000E-3,
,,,13.9400,380.00000E-3,
,,,13.9500,380.00000E-3,
,,,13.9600,359.99998E-3,
,,,13.9700,359.99998E-3,
,,,13.9800,380.00000E-3,
,,,13.9900,419.999987E-3,
,,,14.0000,359.99998E-3,
,,,14.0100,380.00000E-3,
,,,14.0200,380.00000E-3,
,,,14.0300,380.00000E-3,
,,,14.0400,380.00000E-3,
,,,14.0500,380.00000E-3,
,,,14.0600,380.00000E-3,
,,,14.0700,380.00000E-3,
,,,14.0800,380.00000E-3,
,,,14.0900,359.99998E-3,
,,,14.1000,380.00000E-3,
,,,14.1100,380.00000E-3,
,,,14.1200,359.99998E-3,
,,,14.1300,359.99998E-3,
,,,14.1400,359.99998E-3,
,,,14.1500,359.99998E-3,
,,,14.1600,380.00000E-3,
,,,14.1700,380.00000E-3,
,,,14.1800,380.00000E-3,
,,,14.1900,380.00000E-3,
,,,14.2000,359.99998E-3,
,,,14.2100,380.00000E-3,
,,,14.2200,380.00000E-3,
,,,14.2300,380.00000E-3,
,,,14.2400,380.00000E-3,
,,,14.2500,359.99998E-3,
,,,14.2600,380.00000E-3,
,,,14.2700,359.99998E-3,
,,,14.2800,359.99998E-3,
,,,14.2900,359.99998E-3,
,,,14.3000,359.99998E-3,
,,,14.3100,380.00000E-3,
,,,14.3200,380.00000E-3,
,,,14.3300,380.00000E-3,
,,,14.3400,359.99998E-3,
,,,14.3500,359.99998E-3,
,,,14.3600,359.99998E-3,
,,,14.3700,340.00000E-3,
,,,14.3800,359.99998E-3,
,,,14.3900,380.00000E-3,
,,,14.4000,380.00000E-3,
,,,14.4100,380.00000E-3,
,,,14.4200,380.00000E-3,
,,,14.4300,359.99998E-3,
,,,14.4400,380.00000E-3,
,,,14.4500,419.999987E-3,
,,,14.4600,359.99998E-3,
,,,14.4700,380.00000E-3,
,,,14.4800,380.00000E-3,
,,,14.4900,380.00000E-3,
,,,14.5000,359.99998E-3,
,,,14.5100,380.00000E-3,
,,,14.5200,359.99998E-3,
,,,14.5300,359.99998E-3,
,,,14.5400,399.99998E-3,
,,,14.5500,399.99998E-3,
,,,14.5600,380.00000E-3,
,,,14.5700,399.99998E-3,
,,,14.5800,380.00000E-3,
,,,14.5900,359.99998E-3,
,,,14.6000,380.00000E-3,
,,,14.6100,380.00000E-3,
,,,14.6200,359.99998E-3,
,,,14.6300,380.00000E-3,
,,,14.6400,380.00000E-3,
,,,14.6500,380.00000E-3,
,,,14.6600,380.00000E-3,
,,,14.6700,380.00000E-3,
,,,14.6800,380.00000E-3,
,,,14.6900,399.99998E-3,
,,,14.7000,380.00000E-3,
,,,14.7100,380.00000E-3,
,,,14.7200,340.00000E-3,
,,,14.7300,380.00000E-3,
,,,14.7400,380.00000E-3,
,,,14.7500,380.00000E-3,
,,,14.7600,399.99998E-3,
,,,14.7700,399.99998E-3,
,,,14.7800,359.99998E-3,
,,,14.7900,359.99998E-3,
,,,14.8000,380.00000E-3,
,,,14.8100,380.00000E-3,
,,,14.8200,399.99998E-3,
,,,14.8300,399.99998E-3,
,,,14.8400,359.99998E-3,
,,,14.8500,359.99998E-3,
,,,14.8600,380.00000E-3,
,,,14.8700,380.00000E-3,
,,,14.8800,399.99998E-3,
,,,14.8900,380.00000E-3,
,,,14.9000,359.99998E-3,
,,,14.9100,380.00000E-3,
,,,14.9200,359.99998E-3,
,,,14.9300,380.00000E-3,
,,,14.9400,359.99998E-3,
,,,14.9500,380.00000E-3,
,,,14.9600,359.99998E-3,
,,,14.9700,399.99998E-3,
,,,14.9800,359.99998E-3,
,,,14.9900,380.00000E-3,
,,,15.0000,380.00000E-3,
,,,15.0100,380.00000E-3,
,,,15.0200,359.99998E-3,
,,,15.0300,359.99998E-3,
,,,15.0400,399.99998E-3,
,,,15.0500,380.00000E-3,
,,,15.0600,380.00000E-3,
,,,15.0700,340.00000E-3,
,,,15.0800,380.00000E-3,
,,,15.0900,380.00000E-3,
,,,15.1000,340.00000E-3,
,,,15.1100,399.99998E-3,
,,,15.1200,399.99998E-3,
,,,15.1300,359.99998E-3,
,,,15.1400,359.99998E-3,
,,,15.1500,340.00000E-3,
,,,15.1600,340.00000E-3,
,,,15.1700,340.00000E-3,
,,,15.1800,319.99999E-3,
,,,15.1900,380.00000E-3,
,,,15.2000,359.99998E-3,
,,,15.2100,319.99999E-3,
,,,15.2200,319.99999E-3,
,,,15.2300,340.00000E-3,
,,,15.2400,340.00000E-3,
,,,15.2500,340.00000E-3,
,,,15.2600,359.99998E-3,
,,,15.2700,359.99998E-3,
,,,15.2800,340.00000E-3,
,,,15.2900,359.99998E-3,
,,,15.3000,380.00000E-3,
,,,15.3100,380.00000E-3,
,,,15.3200,380.00000E-3,
,,,15.3300,359.99998E-3,
,,,15.3400,380.00000E-3,
,,,15.3500,380.00000E-3,
,,,15.3600,380.00000E-3,
,,,15.3700,380.00000E-3,
,,,15.3800,340.00000E-3,
,,,15.3900,359.99998E-3,
,,,15.4000,359.99998E-3,
,,,15.4100,380.00000E-3,
,,,15.4200,380.00000E-3,
,,,15.4300,380.00000E-3,
,,,15.4400,380.00000E-3,
,,,15.4500,380.00000E-3,
,,,15.4600,380.00000E-3,
,,,15.4700,359.99998E-3,
,,,15.4800,359.99998E-3,
,,,15.4900,380.00000E-3,
,,,15.5000,380.00000E-3,
,,,15.5100,380.00000E-3,
,,,15.5200,340.00000E-3,
,,,15.5300,380.00000E-3,
,,,15.5400,359.99998E-3,
,,,15.5500,380.00000E-3,
,,,15.5600,359.99998E-3,
,,,15.5700,359.99998E-3,
,,,15.5800,380.00000E-3,
,,,15.5900,359.99998E-3,
,,,15.6000,359.99998E-3,
,,,15.6100,359.99998E-3,
,,,15.6200,340.00000E-3,
,,,15.6300,380.00000E-3,
,,,15.6400,359.99998E-3,
,,,15.6500,359.99998E-3,
,,,15.6600,380.00000E-3,
,,,15.6700,399.99998E-3,
,,,15.6800,380.00000E-3,
,,,15.6900,380.00000E-3,
,,,15.7000,359.99998E-3,
,,,15.7100,380.00000E-3,
,,,15.7200,380.00000E-3,
,,,15.7300,419.999987E-3,
,,,15.7400,359.99998E-3,
,,,15.7500,380.00000E-3,
,,,15.7600,399.99998E-3,
,,,15.7700,399.99998E-3,
,,,15.7800,380.00000E-3,
,,,15.7900,419.999987E-3,
,,,15.8000,380.00000E-3,
,,,15.8100,399.99998E-3,
,,,15.8200,380.00000E-3,
,,,15.8300,359.99998E-3,
,,,15.8400,380.00000E-3,
,,,15.8500,380.00000E-3,
,,,15.8600,399.99998E-3,
,,,15.8700,380.00000E-3,
,,,15.8800,380.00000E-3,
,,,15.8900,359.99998E-3,
,,,15.9000,380.00000E-3,
,,,15.9100,380.00000E-3,
,,,15.9200,380.00000E-3,
,,,15.9300,380.00000E-3,
,,,15.9400,359.99998E-3,
,,,15.9500,380.00000E-3,
,,,15.9600,340.00000E-3,
,,,15.9700,399.99998E-3,
,,,15.9800,399.99998E-3,
,,,15.9900,380.00000E-3,
,,,16.0000,359.99998E-3,
,,,16.0100,399.99998E-3,
,,,16.0200,399.99998E-3,
,,,16.0300,380.00000E-3,
,,,16.0400,399.99998E-3,
,,,16.0500,359.99998E-3,
,,,16.0600,399.99998E-3,
,,,16.0700,359.99998E-3,
,,,16.0800,380.00000E-3,
,,,16.0900,380.00000E-3,
,,,16.1000,380.00000E-3,
,,,16.1100,380.00000E-3,
,,,16.1200,380.00000E-3,
,,,16.1300,399.99998E-3,
,,,16.1400,399.99998E-3,
,,,16.1500,399.99998E-3,
,,,16.1600,399.99998E-3,
,,,16.1700,380.00000E-3,
,,,16.1800,399.99998E-3,
,,,16.1900,380.00000E-3,
,,,16.2000,399.99998E-3,
,,,16.2100,399.99998E-3,
,,,16.2200,380.00000E-3,
,,,16.2300,399.99998E-3,
,,,16.2400,419.999987E-3,
,,,16.2500,380.00000E-3,
,,,16.2600,399.99998E-3,
,,,16.2700,380.00000E-3,
,,,16.2800,399.99998E-3,
,,,16.2900,380.00000E-3,
,,,16.3000,380.00000E-3,
,,,16.3100,140.0000E-3,
,,,16.3200,2.5400,
,,,16.3300,2.5400,
,,,16.3400,-1.5200,
,,,16.3500,2.5400,
,,,16.3600,2.5400,
,,,16.3700,-1.2800,
,,,16.3800,2.5400,
,,,16.3900,2.3000,
,,,16.4000,2.5400,
,,,16.4100,-319.99999E-3,
,,,16.4200,2.5400,
,,,16.4300,-2.5400,
,,,16.4400,-2.5400,
,,,16.4500,-2.5400,
,,,16.4600,-2.5400,
,,,16.4700,-2.5400,
,,,16.4800,2.5400,
,,,16.4900,-2.5400,
,,,16.5000,-2.5400,
,,,16.5100,2.5400,
,,,16.5200,2.5400,
,,,16.5300,2.5400,
,,,16.5400,-2.1600,
,,,16.5500,-2.5400,
,,,16.5600,-1.1800,
,,,16.5700,-560.000002E-3,
,,,16.5800,2.5400,
,,,16.5900,2.5400,
,,,16.6000,2.5400,
,,,16.6100,-1.1800,
,,,16.6200,-2.5400,
,,,16.6300,-2.5400,
,,,16.6400,-1.2200,
,,,16.6500,-2.5400,
,,,16.6600,-2.5400,
,,,16.6700,-2.3200,
,,,16.6800,2.5400,
,,,16.6900,-2.0400,
,,,16.7000,-1.4800,
,,,16.7100,-819.999993E-3,
,,,16.7200,2.5400,
,,,16.7300,-1.0600,
,,,16.7400,2.5400,
,,,16.7500,1.6400,
,,,16.7600,2.5400,
,,,16.7700,2.5400,
,,,16.7800,2.5400,
,,,16.7900,-2.5400,
,,,16.8000,2.5400,
,,,16.8100,2.5400,
,,,16.8200,2.5400,
,,,16.8300,-2.5400,
,,,16.8400,2.5400,
,,,16.8500,-2.2000,
,,,16.8600,2.3400,
,,,16.8700,-2.5400,
,,,16.8800,-2.5400,
,,,16.8900,-2.5400,
,,,16.9000,-2.5400,
,,,16.9100,-2.5400,
,,,16.9200,2.5400,
,,,16.9300,-2.5000,
,,,16.9400,-1.7400,
,,,16.9500,-1.0400,
,,,16.9600,2.5400,
,,,16.9700,2.5400,
,,,16.9800,-2.5400,
,,,16.9900,-2.5400,
,,,17.0000,2.5400,
,,,17.0100,-1.5200,
,,,17.0200,2.5400,
,,,17.0300,-2.5400,
,,,17.0400,2.5400,
,,,17.0500,-2.5400,
,,,17.0600,-2.5400,
,,,17.0700,-2.5400,
,,,17.0800,120.0000E-3,
,,,17.0900,-2.5400,
,,,17.1000,-2.5400,
,,,17.1100,-1.9000,
,,,17.1200,2.5400,
,,,17.1300,-1.9200,
,,,17.1400,-879.999995E-3,
,,,17.1500,-1.1800,
,,,17.1600,2.5400,
,,,17.1700,-1.0800,
,,,17.1800,2.5400,
,,,17.1900,-680.000007E-3,
,,,17.2000,2.5400,
,,,17.2100,2.5400,
,,,17.2200,2.5400,
,,,17.2300,-2.5400,
,,,17.2400,2.5400,
,,,17.2500,2.5400,
,,,17.2600,2.5400,
,,,17.2700,-2.5400,
,,,17.2800,2.5400,
,,,17.2900,2.5400,
,,,17.3000,2.5400,
,,,17.3100,-2.5400,
,,,17.3200,2.3800,
,,,17.3300,2.5400,
,,,17.3400,2.5400,
,,,17.3500,-2.5400,
,,,17.3600,2.3200,
,,,17.3700,2.5400,
,,,17.3800,2.5400,
,,,17.3900,-2.5400,
,,,17.4000,1.1000,
,,,17.4100,2.5400,
,,,17.4200,2.5400,
,,,17.4300,-2.5400,
,,,17.4400,2.5400,
,,,17.4500,2.5400,
,,,17.4600,2.5400,
,,,17.4700,-2.5400,
,,,17.4800,680.000007E-3,
,,,17.4900,2.5400,
,,,17.5000,2.5400,
,,,17.5100,-2.5400,
,,,17.5200,1.6400,
,,,17.5300,2.5400,
,,,17.5400,2.5400,
,,,17.5500,-2.5400,
,,,17.5600,2.5400,
,,,17.5700,2.5400,
,,,17.5800,2.5400,
,,,17.5900,-2.5400,
,,,17.6000,2.5400,
,,,17.6100,2.5400,
,,,17.6200,1.1400,
,,,17.6300,-2.5400,
,,,17.6400,2.5400,
,,,17.6500,2.5400,
,,,17.6600,1.7400,
,,,17.6700,-2.5400,
,,,17.6800,2.5400,
,,,17.6900,2.5400,
,,,17.7000,2.5400,
,,,17.7100,-2.5400,
,,,17.7200,1.3200,
,,,17.7300,2.5400,
,,,17.7400,2.5400,
,,,17.7500,-2.5400,
,,,17.7600,2.2600,
,,,17.7700,2.5400,
,,,17.7800,2.5400,
,,,17.7900,-2.5400,
,,,17.8000,399.99998E-3,
,,,17.8100,-340.00000E-3,
,,,17.8200,2.5400,
,,,17.8300,-2.5400,
,,,17.8400,2.4200,
,,,17.8500,2.5400,
,,,17.8600,2.5400,
,,,17.8700,-2.5400,
,,,17.8800,2.5400,
,,,17.8900,2.5400,
,,,17.9000,-2.2400,
,,,17.9100,-2.5400,
,,,17.9200,2.0400,
,,,17.9300,2.5400,
,,,17.9400,2.5400,
,,,17.9500,-2.5400,
,,,17.9600,2.1400,
,,,17.9700,2.5400,
,,,17.9800,-259.99999E-3,
,,,17.9900,-2.5400,
,,,18.0000,2.5400,
,,,18.0100,2.5400,
,,,18.0200,2.5400,
,,,18.0300,-2.5400,
,,,18.0400,879.999995E-3,
,,,18.0500,2.5400,
,,,18.0600,2.5400,
,,,18.0700,-2.5400,
,,,18.0800,2.5400,
,,,18.0900,2.5400,
,,,18.1000,1.6800,
,,,18.1100,-2.5400,
,,,18.1200,2.5400,
,,,18.1300,2.5400,
,,,18.1400,2.5400,
,,,18.1500,-2.5400,
,,,18.1600,2.3600,
,,,18.1700,2.5400,
,,,18.1800,2.5400,
,,,18.1900,-2.5400,
,,,18.2000,2.1600,
,,,18.2100,2.5400,
,,,18.2200,2.5400,
,,,18.2300,-2.5400,
,,,18.2400,539.999962E-3,
,,,18.2500,2.5400,
,,,18.2600,2.5400,
,,,18.2700,-2.5400,
,,,18.2800,2.5400,
,,,18.2900,2.5400,
,,,18.3000,2.5400,
,,,18.3100,-2.5400,
,,,18.3200,-319.99999E-3,
,,,18.3300,2.5400,
,,,18.3400,2.5400,
,,,18.3500,-2.5400,
,,,18.3600,1.6400,
,,,18.3700,2.5400,
,,,18.3800,2.5400,
,,,18.3900,-2.5400,
,,,18.4000,2.5400,
,,,18.4100,2.5400,
,,,18.4200,2.5400,
,,,18.4300,-2.5400,
,,,18.4400,2.2600,
,,,18.4500,2.5400,
,,,18.4600,2.5400,
,,,18.4700,-2.5400,
,,,18.4800,2.5400,
,,,18.4900,2.5400,
,,,18.5000,2.1800,
,,,18.5100,-2.5400,
,,,18.5200,2.5400,
,,,18.5300,2.5400,
,,,18.5400,2.5400,
,,,18.5500,-2.5400,
,,,18.5600,659.999967E-3,
,,,18.5700,2.5400,
,,,18.5800,2.5400,
,,,18.5900,-2.5400,
,,,18.6000,2.5400,
,,,18.6100,2.5400,
,,,18.6200,-2.5400,
,,,18.6300,-2.5400,
,,,18.6400,-2.5400,
,,,18.6500,2.5400,
,,,18.6600,2.5400,
,,,18.6700,-2.5400,
,,,18.6800,2.2600,
,,,18.6900,2.5400,
,,,18.7000,2.5400,
,,,18.7100,-2.5400,
,,,18.7200,-2.5400,
,,,18.7300,-2.5400,
,,,18.7400,-2.5400,
,,,18.7500,-2.5400,
,,,18.7600,2.5400,
,,,18.7700,2.5400,
,,,18.7800,2.5400,
,,,18.7900,-2.5400,
,,,18.8000,2.5400,
,,,18.8100,2.5400,
,,,18.8200,2.5400,
,,,18.8300,-2.5400,
,,,18.8400,2.5400,
,,,18.8500,2.5400,
,,,18.8600,2.5400,
,,,18.8700,-2.5400,
,,,18.8800,2.5400,
,,,18.8900,2.5400,
,,,18.9000,2.5400,
,,,18.9100,-2.5400,
,,,18.9200,359.99998E-3,
,,,18.9300,-839.999974E-3,
,,,18.9400,2.5400,
,,,18.9500,-2.5400,
,,,18.9600,-2.5400,
,,,18.9700,-2.5400,
,,,18.9800,-2.5400,
,,,18.9900,-2.5400,
,,,19.0000,1.8200,
,,,19.0100,2.5400,
,,,19.0200,2.5400,
,,,19.0300,-2.5400,
,,,19.0400,2.5400,
,,,19.0500,-2.5400,
,,,19.0600,2.5400,
,,,19.0700,-2.5400,
,,,19.0800,-2.5400,
,,,19.0900,-2.5400,
,,,19.1000,359.99998E-3,
,,,19.1100,-2.5400,
,,,19.1200,2.5400,
,,,19.1300,2.5400,
,,,19.1400,2.5400,
,,,19.1500,-2.5400,
,,,19.1600,2.5400,
,,,19.1700,2.5400,
,,,19.1800,2.5400,
,,,19.1900,-2.5400,
,,,19.2000,2.5400,
,,,19.2100,-2.5400,
,,,19.2200,-2.5400,
,,,19.2300,-2.5400,
,,,19.2400,2.5400,
,,,19.2500,-2.5400,
,,,19.2600,1.6600,
,,,19.2700,-2.5400,
,,,19.2800,2.5400,
,,,19.2900,2.5400,
,,,19.3000,2.5400,
,,,19.3100,-2.5400,
,,,19.3200,2.5400,
,,,19.3300,2.5400,
,,,19.3400,-40.00000E-3,
,,,19.3500,-2.5400,
,,,19.3600,2.5400,
,,,19.3700,-2.5400,
,,,19.3800,2.5400,
,,,19.3900,-2.5400,
,,,19.4000,-2.5400,
,,,19.4100,2.5400,
,,,19.4200,2.5400,
,,,19.4300,-2.5400,
,,,19.4400,2.5400,
,,,19.4500,2.5400,
,,,19.4600,-2.5400,
,,,19.4700,-2.5400,
,,,19.4800,2.5400,
,,,19.4900,-2.5400,
,,,19.5000,-2.5400,
,,,19.5100,-2.5400,
,,,19.5200,1.7600,
,,,19.5300,2.5400,
,,,19.5400,2.5400,
,,,19.5500,-2.5400,
,,,19.5600,2.5400,
,,,19.5700,2.5400,
,,,19.5800,2.5400,
,,,19.5900,-2.5400,
,,,19.6000,2.5400,
,,,19.6100,2.5400,
,,,19.6200,-2.5400,
,,,19.6300,-2.5400,
,,,19.6400,1.6200,
,,,19.6500,2.5400,
,,,19.6600,2.5400,
,,,19.6700,-2.5400,
,,,19.6800,2.5400,
,,,19.6900,2.5400,
,,,19.7000,2.5400,
,,,19.7100,-2.5400,
,,,19.7200,2.5400,
,,,19.7300,2.5400,
,,,19.7400,2.5400,
,,,19.7500,-2.5400,
,,,19.7600,399.99998E-3,
,,,19.7700,2.5400,
,,,19.7800,2.5400,
,,,19.7900,-2.5400,
,,,19.8000,2.5400,
,,,19.8100,2.5400,
,,,19.8200,2.5400,
,,,19.8300,-2.5400,
,,,19.8400,1.1400,
,,,19.8500,2.5400,
,,,19.8600,2.5400,
,,,19.8700,-2.5400,
,,,19.8800,2.5400,
,,,19.8900,2.5400,
,,,19.9000,2.5400,
,,,19.9100,-2.5400,
,,,19.9200,2.3800,
,,,19.9300,2.5400,
,,,19.9400,2.5400,
,,,19.9500,-2.5400,
,,,19.9600,1.1400,
,,,19.9700,2.5400,
,,,19.9800,2.5400,
,,,19.9900,-2.5400,
,,,20.0000,1.5800,
,,,20.0100,2.5400,
,,,20.0200,2.5400,
,,,20.0300,-2.5400,
,,,20.0400,2.5400,
,,,20.0500,2.5400,
,,,20.0600,-839.999974E-3,
,,,20.0700,-2.5400,
,,,20.0800,-2.5400,
,,,20.09000,2.5400,
,,,20.10000,-2.5400,
,,,20.11000,-2.5400,
,,,20.12000,2.5400,
,,,20.13000,2.5400,
,,,20.14000,2.5400,
,,,20.15000,-2.5400,
,,,20.16000,-2.5400,
,,,20.17000,799.999952E-3,
,,,20.18000,-2.5400,
,,,20.19000,-2.5400,
,,,20.20000,2.5400,
,,,20.21000,2.5400,
,,,20.22000,2.5400,
,,,20.23000,-2.5400,
,,,20.24000,2.5400,
,,,20.25000,2.5400,
,,,20.26000,-280.00000E-3,
,,,20.27000,-2.5400,
,,,20.28000,2.5400,
,,,20.29000,2.5400,
,,,20.30000,2.4600,
,,,20.31000,-2.5400,
,,,20.32000,2.5400,
,,,20.33000,1.3800,
,,,20.34000,2.5400,
,,,20.35000,-2.5400,
,,,20.36000,2.5400,
,,,20.37000,2.5400,
,,,20.38000,2.5400,
,,,20.39000,-2.5400,
,,,20.40000,2.4000,
,,,20.41000,2.5400,
,,,20.42000,2.5400,
,,,20.43000,-2.5400,
,,,20.44000,2.5400,
,,,20.45000,2.5400,
,,,20.46000,-2.5400,
,,,20.47000,-2.5400,
,,,20.48000,2.5400,
,,,20.49000,2.5400,
,,,20.50000,2.5400,
,,,20.51000,-2.5400,
,,,20.52000,2.5400,
,,,20.53000,2.5400,
,,,20.54000,2.5400,
,,,20.55000,-2.5400,
,,,20.56000,2.5400,
,,,20.57000,2.2600,
,,,20.58000,2.5400,
,,,20.59000,-2.5400,
,,,20.60000,-2.5400,
,,,20.61000,2.5400,
,,,20.62000,-2.5400,
,,,20.63000,-2.5400,
,,,20.64000,-2.5400,
,,,20.65000,2.5400,
,,,20.66000,2.5400,
,,,20.67000,-2.5400,
,,,20.68000,2.5400,
,,,20.69000,2.5400,
,,,20.70000,2.5400,
,,,20.71000,-2.5400,
,,,20.72000,2.5400,
,,,20.73000,2.5400,
,,,20.74000,2.5400,
,,,20.75000,-2.5400,
,,,20.76000,2.5400,
,,,20.77000,2.5400,
,,,20.78000,-2.5400,
,,,20.79000,-2.5400,
,,,20.80000,2.5400,
,,,20.81000,-2.5400,
,,,20.82000,2.5400,
,,,20.83000,-2.5400,
,,,20.84000,2.5400,
,,,20.85000,-2.5400,
,,,20.86000,2.5400,
,,,20.87000,-2.5400,
,,,20.88000,2.5400,
,,,20.89000,-2.5400,
,,,20.90000,-2.5400,
,,,20.91000,-2.5400,
,,,20.92000,-2.5400,
,,,20.93000,-2.5400,
,,,20.94000,-2.5400,
,,,20.95000,-2.5400,
,,,20.96000,2.5400,
,,,20.97000,-2.5000,
,,,20.98000,-1.8600,
,,,20.99000,-1.1400,
,,,21.00000,2.5400,
,,,21.01000,-1.7400,
,,,21.02000,-1.3400,
,,,21.03000,-779.999971E-3,
,,,21.04000,2.5400,
,,,21.05000,-1.6000,
,,,21.06000,-1.2600,
,,,21.07000,-719.999969E-3,
,,,21.08000,2.5400,
,,,21.09000,-1.5600,
,,,21.10000,-1.2200,
,,,21.11000,-680.000007E-3,
,,,21.12000,2.5400,
,,,21.13000,-1.6000,
,,,21.14000,-1.2200,
,,,21.15000,-719.999969E-3,
,,,21.16000,2.5400,
,,,21.17000,-719.999969E-3,
,,,21.18000,2.5400,
,,,21.19000,-819.999993E-3,
,,,21.20000,2.5400,
,,,21.21000,2.5400,
,,,21.22000,1.7600,
,,,21.23000,-2.5400,
,,,21.24000,-2.5400,
,,,21.25000,-2.5400,
,,,21.26000,-2.5400,
,,,21.27000,-2.5400,
,,,21.28000,2.5400,
,,,21.29000,-2.4800,
,,,21.30000,-1.7800,
,,,21.31000,-1.0400,
,,,21.32000,2.5400,
,,,21.33000,-1.6400,
,,,21.34000,-1.2400,
,,,21.35000,-699.999988E-3,
,,,21.36000,2.5400,
,,,21.37000,-1.5200,
,,,21.38000,-1.2000,
,,,21.39000,-639.999986E-3,
,,,21.40000,2.5400,
,,,21.41000,-1.5600,
,,,21.42000,-1.2200,
,,,21.43000,-699.999988E-3,
,,,21.44000,2.5400,
,,,21.45000,-1.5600,
,,,21.46000,-1.2200,
,,,21.47000,-659.999967E-3,
,,,21.48000,2.5400,
,,,21.49000,-1.4800,
,,,21.50000,-1.1600,
,,,21.51000,-620.000005E-3,
,,,21.52000,2.5400,
,,,21.53000,-1.4000,
,,,21.54000,-1.0800,
,,,21.55000,-579.999983E-3,
,,,21.56000,2.5400,
,,,21.57000,-1.3600,
,,,21.58000,-1.000,
,,,21.59000,-539.999962E-3,
,,,21.60000,2.5400,
,,,21.61000,-1.2800,
,,,21.62000,-959.999979E-3,
,,,21.63000,-519.999981E-3,
,,,21.64000,2.5400,
,,,21.65000,-1.2800,
,,,21.66000,-979.999959E-3,
,,,21.67000,-479.999989E-3,
,,,21.68000,2.5400,
,,,21.69000,-1.2600,
,,,21.70000,-220.00000E-3,
,,,21.71000,-1.3200,
,,,21.72000,2.5400,
,,,21.73000,-659.999967E-3,
,,,21.74000,2.5400,
,,,21.75000,-2.5400,
,,,21.76000,2.5400,
,,,21.77000,2.5400,
,,,21.78000,-2.5400,
,,,21.79000,-2.5400,
,,,21.80000,20.0000E-3,
,,,21.81000,-2.5400,
,,,21.82000,-2.5400,
,,,21.83000,-1.6200,
,,,21.84000,2.5400,
,,,21.85000,-1.6000,
,,,21.86000,-1.1800,
,,,21.87000,-639.999986E-3,
,,,21.88000,2.5400,
,,,21.89000,-1.2600,
,,,21.90000,-919.999957E-3,
,,,21.91000,-459.999979E-3,
,,,21.92000,2.5400,
,,,21.93000,-1.1800,
,,,21.94000,-899.999976E-3,
,,,21.95000,-479.999989E-3,
,,,21.96000,2.5400,
,,,21.97000,-1.1600,
,,,21.98000,-919.999957E-3,
,,,21.99000,-479.999989E-3,
,,,22.00000,2.5400,
,,,22.01000,2.5400,
,,,22.02000,-1.8400,
,,,22.03000,-1.3800,
,,,22.04000,2.5400,
,,,22.05000,-1.5400,
,,,22.06000,-1.1200,
,,,22.07000,-620.000005E-3,
,,,22.08000,2.5400,
,,,22.09000,-1.2600,
,,,22.10000,-939.999998E-3,
,,,22.11000,-479.999989E-3,
,,,22.12000,2.5400,
,,,22.13000,-1.2200,
,,,22.14000,-919.999957E-3,
,,,22.15000,-500.000000E-3,
,,,22.16000,2.5400,
,,,22.17000,-1.2200,
,,,22.18000,-939.999998E-3,
,,,22.19000,-479.999989E-3,
,,,22.20000,2.5400,
,,,22.21000,-1.2000,
,,,22.22000,-939.999998E-3,
,,,22.23000,-479.999989E-3,
,,,22.24000,2.5400,
,,,22.25000,-1.2000,
,,,22.26000,-919.999957E-3,
,,,22.27000,-479.999989E-3,
,,,22.28000,2.5400,
,,,22.29000,-1.2000,
,,,22.30000,-899.999976E-3,
,,,22.31000,-459.999979E-3,
,,,22.32000,2.5400,
,,,22.33000,-1.2400,
,,,22.34000,-919.999957E-3,
,,,22.35000,-479.999989E-3,
,,,22.36000,2.5400,
,,,22.37000,-1.2200,
,,,22.38000,-939.999998E-3,
,,,22.39000,-500.000000E-3,
,,,22.40000,2.5400,
,,,22.41000,-1.2400,
,,,22.42000,-919.999957E-3,
,,,22.43000,-459.999979E-3,
,,,22.44000,2.5400,
,,,22.45000,-1.2400,
,,,22.46000,-959.999979E-3,
,,,22.47000,-479.999989E-3,
,,,22.48000,2.5400,
,,,22.49000,-1.2800,
,,,22.50000,-959.999979E-3,
,,,22.51000,-479.999989E-3,
,,,22.52000,2.5400,
,,,22.53000,-1.2600,
,,,22.54000,-859.999955E-3,
,,,22.55000,-500.000000E-3,
,,,22.56000,2.5400,
,,,22.57000,-1.2600,
,,,22.58000,-979.999959E-3,
,,,22.59000,-519.999981E-3,
,,,22.60000,2.5400,
,,,22.61000,-1.2800,
,,,22.62000,-959.999979E-3,
,,,22.63000,-500.000000E-3,
,,,22.64000,2.5400,
,,,22.65000,-1.2800,
,,,22.66000,-979.999959E-3,
,,,22.67000,-479.999989E-3,
,,,22.68000,2.5400,
,,,22.69000,-1.2600,
,,,22.70000,-979.999959E-3,
,,,22.71000,-439.999998E-3,
,,,22.72000,2.5400,
,,,22.73000,-1.2800,
,,,22.74000,-959.999979E-3,
,,,22.75000,-500.000000E-3,
,,,22.76000,2.5400,
,,,22.77000,-1.2400,
,,,22.78000,-939.999998E-3,
,,,22.79000,-500.000000E-3,
,,,22.80000,2.5400,
,,,22.81000,-1.2600,
,,,22.82000,-959.999979E-3,
,,,22.83000,-459.999979E-3,
,,,22.84000,2.5400,
,,,22.85000,-1.2600,
,,,22.86000,-959.999979E-3,
,,,22.87000,-479.999989E-3,
,,,22.88000,2.5400,
,,,22.89000,-1.2200,
,,,22.90000,-919.999957E-3,
,,,22.91000,-459.999979E-3,
,,,22.92000,2.5400,
,,,22.93000,-1.2200,
,,,22.94000,-919.999957E-3,
,,,22.95000,-479.999989E-3,
,,,22.96000,2.5400,
,,,22.97000,-1.2200,
,,,22.98000,-959.999979E-3,
,,,22.99000,-500.000000E-3,
,,,23.00000,2.5400,
,,,23.01000,-1.2000,
,,,23.02000,-919.999957E-3,
,,,23.03000,-500.000000E-3,
,,,23.04000,2.5400,
,,,23.05000,-1.2600,
,,,23.06000,-919.999957E-3,
,,,23.07000,-539.999962E-3,
,,,23.08000,2.5400,
,,,23.09000,-1.2000,
,,,23.10000,-959.999979E-3,
,,,23.11000,-519.999981E-3,
,,,23.12000,2.5400,
,,,23.13000,-1.3000,
,,,23.14000,-959.999979E-3,
,,,23.15000,-500.000000E-3,
,,,23.16000,2.5400,
,,,23.17000,-1.2600,
,,,23.18000,-979.999959E-3,
,,,23.19000,-479.999989E-3,
,,,23.20000,2.5400,
,,,23.21000,-1.2600,
,,,23.22000,-939.999998E-3,
,,,23.23000,-500.000000E-3,
,,,23.24000,2.5400,
,,,23.25000,-1.2800,
,,,23.26000,-1.000,
,,,23.27000,-519.999981E-3,
,,,23.28000,2.5400,
,,,23.29000,-1.3000,
,,,23.30000,-979.999959E-3,
,,,23.31000,-519.999981E-3,
,,,23.32000,2.5400,
,,,23.33000,-1.2800,
,,,23.34000,-1.000,
,,,23.35000,-500.000000E-3,
,,,23.36000,2.5400,
,,,23.37000,-1.2800,
,,,23.38000,-1.0200,
,,,23.39000,-500.000000E-3,
,,,23.40000,2.5400,
,,,23.41000,-1.2800,
,,,23.42000,-979.999959E-3,
,,,23.43000,-519.999981E-3,
,,,23.44000,2.5400,
,,,23.45000,-1.3000,
,,,23.46000,-979.999959E-3,
,,,23.47000,-500.000000E-3,
,,,23.48000,2.5400,
,,,23.49000,-1.3000,
,,,23.50000,2.5400,
,,,23.51000,-1.0200,
,,,23.52000,2.5400,
,,,23.53000,-1.6600,
,,,23.54000,-1.2000,
,,,23.55000,-659.999967E-3,
,,,23.56000,2.5400,
,,,23.57000,-1.3400,
,,,23.58000,-1.0200,
,,,23.59000,-539.999962E-3,
,,,23.60000,2.5400,
,,,23.61000,-1.3000,
,,,23.62000,-1.000,
,,,23.63000,-519.999981E-3,
,,,23.64000,2.5400,
,,,23.65000,-1.2800,
,,,23.66000,-1.0200,
,,,23.67000,-539.999962E-3,
,,,23.68000,2.5400,
,,,23.69000,-1.3400,
,,,23.70000,-979.999959E-3,
,,,23.71000,-500.000000E-3,
,,,23.72000,2.5400,
,,,23.73000,-1.2800,
,,,23.74000,-979.999959E-3,
,,,23.75000,-519.999981E-3,
,,,23.76000,2.5400,
,,,23.77000,-1.3000,
,,,23.78000,-959.999979E-3,
,,,23.79000,-500.000000E-3,
,,,23.80000,2.5400,
,,,23.81000,-1.2800,
,,,23.82000,-979.999959E-3,
,,,23.83000,-500.000000E-3,
,,,23.84000,2.5400,
,,,23.85000,-1.2600,
,,,23.86000,-959.999979E-3,
,,,23.87000,-500.000000E-3,
,,,23.88000,2.5400,
,,,23.89000,-1.2400,
,,,23.90000,-859.999955E-3,
,,,23.91000,-479.999989E-3,
,,,23.92000,2.5400,
,,,23.93000,-1.0600,
,,,23.94000,-939.999998E-3,
,,,23.95000,-799.999952E-3,
,,,23.96000,2.5400,
,,,23.97000,-1.7800,
,,,23.98000,-759.999990E-3,
,,,23.99000,-979.999959E-3,
,,,24.00000,2.5400,
,,,24.01000,-959.999979E-3,
,,,24.02000,-2.5600,
,,,24.03000,-2.5600,
,,,24.04000,-2.5600,
,,,24.05000,-2.5600,
,,,24.06000,-2.5600,
,,,24.07000,-2.5600,
,,,24.08000,-2.5600,
,,,24.09000,-2.5600,
,,,24.10000,-2.5600,
,,,24.11000,-2.5600,
,,,24.12000,-2.5600,
,,,24.13000,-2.5600,
,,,24.14000,-2.5600,
,,,24.15000,-2.5600,
,,,24.16000,-2.5600,
,,,24.17000,-2.5600,
,,,24.18000,-2.5600,
,,,24.19000,-2.5600,
,,,24.20000,-2.5600,
,,,24.21000,-2.5600,
,,,24.22000,-2.5600,
,,,24.23000,-2.5600,
,,,24.24000,-2.5600,
,,,24.25000,-2.5600,
,,,24.26000,-2.5600,
,,,24.27000,-2.5600,
,,,24.28000,-2.5600,
,,,24.29000,-2.5600,
,,,24.30000,-2.5600,
,,,24.31000,-2.5600,
,,,24.32000,-2.5600,
,,,24.33000,-2.5600,
,,,24.34000,-2.5600,
,,,24.35000,-2.5600,
,,,24.36000,-2.5600,
,,,24.37000,-2.5600,
,,,24.38000,-2.5600,
,,,24.39000,-2.5600,
,,,24.40000,-2.5600,
,,,24.41000,-2.5600,
,,,24.42000,-2.5600,
,,,24.43000,-2.5600,
,,,24.44000,-2.5600,
,,,24.45000,-2.5600,
,,,24.46000,-2.5600,
,,,24.47000,-2.5600,
,,,24.48000,-2.5600,
,,,24.49000,-2.5600,
,,,24.50000,-2.5600,
,,,24.51000,-2.5600,
,,,24.52000,-2.5600,
,,,24.53000,-2.5600,
,,,24.54000,-2.5600,
,,,24.55000,-2.5600,
,,,24.56000,-2.5600,
,,,24.57000,-2.5600,
,,,24.58000,-2.5600,
,,,24.59000,-2.5600,
,,,24.60000,-2.5600,
,,,24.61000,-2.5600,
,,,24.62000,-2.5600,
,,,24.63000,-2.5600,
,,,24.64000,-2.5600,
,,,24.65000,-2.5600,
,,,24.66000,-2.5600,
,,,24.67000,-2.5600,
,,,24.68000,-2.5600,
,,,24.69000,-2.5600,
,,,24.70000,-2.5600,
,,,24.71000,-2.5600,
,,,24.72000,-2.5600,
,,,24.73000,-2.5600,
,,,24.74000,-2.5600,
,,,24.75000,-2.5600,
,,,24.76000,-2.5600,
,,,24.77000,-2.5600,
,,,24.78000,-2.5600,
,,,24.79000,-2.5600,
,,,24.80000,-2.5600,
,,,24.81000,-2.5600,
,,,24.82000,-2.5600,
,,,24.83000,-2.5600,
,,,24.84000,-2.5600,
,,,24.85000,-2.5600,
,,,24.86000,-2.5600,
,,,24.87000,-2.5600,
,,,24.88000,-2.5600,
,,,24.89000,-2.5600,
,,,24.90000,-2.5600,
,,,24.91000,-2.5600,
,,,24.92000,-2.5600,
,,,24.93000,-2.5600,
,,,24.94000,-2.5600,
,,,24.95000,-2.5600,
,,,24.96000,-2.5600,
,,,24.97000,-2.5600,
,,,24.98000,-2.5600,
,,,24.99000,-2.5600,
