Record Length,2500,Points,0.0,-200.00000E-3,
Sample Interval,10.00000E-3,s,10.00000E-3,-200.00000E-3,
Trigger Point,0.0,Samples,20.0000E-3,2.6000,
,,,30.00000E-3,600.000024E-3,
,,,40.00000E-3,-600.000024E-3,
,,,50.00000E-3,1.000,
Source,CH1,,59.999999E-3,2.0000,
Vertical Units,Volts,,70.000000E-3,-1.000,
Vertical Scale,5.11953,,79.999998E-3,-1.000,
Vertical Offset,0,,89.999996E-3,0.0,
Horizontal Units,s,,99.999994E-3,2.6000,
Horizontal Scale,2.5000,,110.0000E-3,-600.000024E-3,
Pt Fmt,Y,,120.0000E-3,-400.00001E-3,
Yzero,0.0,,130.0000E-3,800.000012E-3,
Probe Atten,10.0000,,140.0000E-3,2.6000,
,,,149.99999E-3,1.000,
Note,TDS 2012 - 3:48:24 PM   4/26/2022,,160.00000E-3,-600.000024E-3,
,,,170.00000E-3,200.00000E-3,
,,,179.99999E-3,2.0000,
,,,190.00000E-3,-400.00001E-3,
,,,199.99999E-3,-400.00001E-3,
,,,209.99999E-3,1.6000,
,,,220.00000E-3,2.0000,
,,,229.99999E-3,600.000024E-3,
,,,239.99999E-3,600.000024E-3,
,,,250.00000E-3,200.00000E-3,
,,,259.99999E-3,1.4000,
,,,269.99998E-3,0.0,
,,,280.00000E-3,200.00000E-3,
,,,289.99999E-3,1.2000,
,,,299.99998E-3,1.6000,
,,,310.00000E-3,-800.000012E-3,
,,,319.99999E-3,-1.000,
,,,329.99998E-3,-800.000012E-3,
,,,340.00000E-3,2.4000,
,,,349.99999E-3,800.000012E-3,
,,,359.99998E-3,-400.00001E-3,
,,,370.00000E-3,400.00001E-3,
,,,380.00000E-3,2.2000,
,,,389.99999E-3,-1.000,
,,,399.99998E-3,-600.000024E-3,
,,,409.999996E-3,-400.00001E-3,
,,,419.999987E-3,2.6000,
,,,429.999977E-3,600.000024E-3,
,,,439.999998E-3,1.6000,
,,,449.999988E-3,1.000,
,,,459.999979E-3,1.6000,
,,,469.999999E-3,600.000024E-3,
,,,479.999989E-3,1.000,
,,,489.999980E-3,1.000,
,,,500.000000E-3,1.4000,
,,,509.999990E-3,-1.4000,
,,,519.999981E-3,-1.2000,
,,,529.999971E-3,-600.000024E-3,
,,,539.999962E-3,2.6000,
,,,550.000012E-3,-800.000012E-3,
,,,560.000002E-3,-1.000,
,,,569.999993E-3,600.000024E-3,
,,,579.999983E-3,2.6000,
,,,589.999974E-3,1.2000,
,,,599.999964E-3,1.8000,
,,,610.000014E-3,-800.000012E-3,
,,,620.000005E-3,1.8000,
,,,629.999995E-3,800.000012E-3,
,,,639.999986E-3,-1.000,
,,,649.999976E-3,-400.00001E-3,
,,,659.999967E-3,2.6000,
,,,669.999957E-3,800.000012E-3,
,,,680.000007E-3,800.000012E-3,
,,,689.999998E-3,800.000012E-3,
,,,699.999988E-3,2.0000,
,,,709.999979E-3,-400.00001E-3,
,,,719.999969E-3,200.00000E-3,
,,,729.999959E-3,1.4000,
,,,740.000010E-3,1.8000,
,,,750.000000E-3,0.0,
,,,759.999990E-3,-1.8000,
,,,769.999981E-3,0.0,
,,,779.999971E-3,2.2000,
,,,789.999962E-3,-1.6000,
,,,799.999952E-3,-1.000,
,,,810.000002E-3,-600.000024E-3,
,,,819.999993E-3,3.00000,
,,,829.999983E-3,-200.00000E-3,
,,,839.999974E-3,-400.00001E-3,
,,,849.999964E-3,2.0000,
,,,859.999955E-3,2.4000,
,,,870.000005E-3,200.00000E-3,
,,,879.999995E-3,200.00000E-3,
,,,889.999986E-3,-600.000024E-3,
,,,899.999976E-3,2.2000,
,,,909.999967E-3,-1.000,
,,,919.999957E-3,-1.2000,
,,,930.000007E-3,200.00000E-3,
,,,939.999998E-3,2.6000,
,,,949.999988E-3,1.4000,
,,,959.999979E-3,1.2000,
,,,969.999969E-3,1.4000,
,,,979.999959E-3,1.2000,
,,,989.999950E-3,0.0,
,,,1.000,800.000012E-3,
,,,1.0100,1.4000,
,,,1.0200,1.2000,
,,,1.0300,-1.2000,
,,,1.0400,600.000024E-3,
,,,1.0500,1.2000,
,,,1.0600,1.4000,
,,,1.0700,200.00000E-3,
,,,1.0800,1.4000,
,,,1.0900,1.4000,
,,,1.1000,1.000,
,,,1.1100,-400.00001E-3,
,,,1.1200,600.000024E-3,
,,,1.1300,1.2000,
,,,1.1400,1.2000,
,,,1.1500,400.00001E-3,
,,,1.1600,0.0,
,,,1.1700,-1.2000,
,,,1.1800,1.4000,
,,,1.1900,-800.000012E-3,
,,,1.2000,-400.00001E-3,
,,,1.2100,200.00000E-3,
,,,1.2200,2.2000,
,,,1.2300,-200.00000E-3,
,,,1.2400,-600.000024E-3,
,,,1.2500,-400.00001E-3,
,,,1.2600,2.4000,
,,,1.2700,-200.00000E-3,
,,,1.2800,1.6000,
,,,1.2900,-1.2000,
,,,1.3000,2.0000,
,,,1.3100,-200.00000E-3,
,,,1.3200,-200.00000E-3,
,,,1.3300,0.0,
,,,1.3400,2.0000,
,,,1.3500,-200.00000E-3,
,,,1.3600,0.0,
,,,1.3700,-200.00000E-3,
,,,1.3800,2.2000,
,,,1.3900,200.00000E-3,
,,,1.4000,-1.6000,
,,,1.4100,-800.000012E-3,
,,,1.4200,2.80000,
,,,1.4300,400.00001E-3,
,,,1.4400,0.0,
,,,1.4500,-200.00000E-3,
,,,1.4600,2.4000,
,,,1.4700,0.0,
,,,1.4800,0.0,
,,,1.4900,-600.000024E-3,
,,,1.5000,2.4000,
,,,1.5100,200.00000E-3,
,,,1.5200,-800.000012E-3,
,,,1.5300,-800.000012E-3,
,,,1.5400,2.6000,
,,,1.5500,-600.000024E-3,
,,,1.5600,-600.000024E-3,
,,,1.5700,-400.00001E-3,
,,,1.5800,2.6000,
,,,1.5900,600.000024E-3,
,,,1.6000,-200.00000E-3,
,,,1.6100,-800.000012E-3,
,,,1.6200,2.6000,
,,,1.6300,200.00000E-3,
,,,1.6400,-200.00000E-3,
,,,1.6500,-400.00001E-3,
,,,1.6600,2.6000,
,,,1.6700,0.0,
,,,1.6800,0.0,
,,,1.6900,-800.000012E-3,
,,,1.7000,2.6000,
,,,1.7100,-1.2000,
,,,1.7200,-1.000,
,,,1.7300,1.2000,
,,,1.7400,3.00000,
,,,1.7500,1.4000,
,,,1.7600,600.000024E-3,
,,,1.7700,1.4000,
,,,1.7800,1.6000,
,,,1.7900,-1.6000,
,,,1.8000,-1.000,
,,,1.8100,-600.000024E-3,
,,,1.8200,2.6000,
,,,1.8300,600.000024E-3,
,,,1.8400,-200.00000E-3,
,,,1.8500,-400.00001E-3,
,,,1.8600,2.2000,
,,,1.8700,-200.00000E-3,
,,,1.8800,-600.000024E-3,
,,,1.8900,200.00000E-3,
,,,1.9000,2.6000,
,,,1.9100,-400.00001E-3,
,,,1.9200,400.00001E-3,
,,,1.9300,-600.000024E-3,
,,,1.9400,2.6000,
,,,1.9500,-1.2000,
,,,1.9600,-800.000012E-3,
,,,1.9700,-200.00000E-3,
,,,1.9800,2.80000,
,,,1.9900,-200.00000E-3,
,,,2.0000,200.00000E-3,
,,,2.0100,0.0,
,,,2.0200,2.6000,
,,,2.0300,-200.00000E-3,
,,,2.0400,-1.4000,
,,,2.0500,-800.000012E-3,
,,,2.0600,3.00000,
,,,2.0700,-1.000,
,,,2.0800,-800.000012E-3,
,,,2.0900,-200.00000E-3,
,,,2.1000,3.20000,
,,,2.1100,-200.00000E-3,
,,,2.1200,-200.00000E-3,
,,,2.1300,-200.00000E-3,
,,,2.1400,3.00000,
,,,2.1500,-400.00001E-3,
,,,2.1600,-600.000024E-3,
,,,2.1700,-200.00000E-3,
,,,2.1800,2.6000,
,,,2.1900,800.000012E-3,
,,,2.2000,-1.000,
,,,2.2100,-600.000024E-3,
,,,2.2200,2.6000,
,,,2.2300,0.0,
,,,2.2400,-1.000,
,,,2.2500,-400.00001E-3,
,,,2.2600,2.80000,
,,,2.2700,-600.000024E-3,
,,,2.2800,-600.000024E-3,
,,,2.2900,600.000024E-3,
,,,2.3000,2.6000,
,,,2.3100,1.4000,
,,,2.3200,800.000012E-3,
,,,2.3300,-800.000012E-3,
,,,2.3400,1.8000,
,,,2.3500,-1.2000,
,,,2.3600,-1.8000,
,,,2.3700,-600.000024E-3,
,,,2.3800,2.6000,
,,,2.3900,-1.000,
,,,2.4000,-800.000012E-3,
,,,2.4100,-800.000012E-3,
,,,2.4200,3.40000,
,,,2.4300,-1.2000,
,,,2.4400,-600.000024E-3,
,,,2.4500,0.0,
,,,2.4600,3.40000,
,,,2.4700,-200.00000E-3,
,,,2.4800,-400.00001E-3,
,,,2.4900,-200.00000E-3,
,,,2.5000,3.00000,
,,,2.5100,-600.000024E-3,
,,,2.5200,-600.000024E-3,
,,,2.5300,-200.00000E-3,
,,,2.5400,3.00000,
,,,2.5500,600.000024E-3,
,,,2.5600,-400.00001E-3,
,,,2.5700,200.00000E-3,
,,,2.5800,2.4000,
,,,2.5900,200.00000E-3,
,,,2.6000,-400.00001E-3,
,,,2.6100,-800.000012E-3,
,,,2.6200,2.2000,
,,,2.6300,0.0,
,,,2.6400,-1.000,
,,,2.6500,-1.000,
,,,2.6600,2.2000,
,,,2.6700,600.000024E-3,
,,,2.6800,200.00000E-3,
,,,2.6900,-200.00000E-3,
,,,2.7000,1.8000,
,,,2.7100,1.4000,
,,,2.72000,0.0,
,,,2.73000,-1.000,
,,,2.74000,1.6000,
,,,2.75000,400.00001E-3,
,,,2.76000,-1.4000,
,,,2.77000,-400.00001E-3,
,,,2.78000,2.4000,
,,,2.79000,-1.000,
,,,2.80000,1.2000,
,,,2.81000,-1.000,
,,,2.82000,2.4000,
,,,2.83000,-800.000012E-3,
,,,2.84000,-1.6000,
,,,2.85000,-200.00000E-3,
,,,2.86000,2.80000,
,,,2.87000,0.0,
,,,2.88000,200.00000E-3,
,,,2.89000,-1.2000,
,,,2.90000,2.6000,
,,,2.91000,-400.00001E-3,
,,,2.92000,600.000024E-3,
,,,2.93000,400.00001E-3,
,,,2.94000,2.4000,
,,,2.95000,-1.000,
,,,2.96000,-1.4000,
,,,2.97000,600.000024E-3,
,,,2.98000,2.6000,
,,,2.99000,-1.000,
,,,3.00000,-800.000012E-3,
,,,3.01000,1.8000,
,,,3.02000,2.2000,
,,,3.03000,600.000024E-3,
,,,3.04000,-1.000,
,,,3.05000,800.000012E-3,
,,,3.06000,1.4000,
,,,3.07000,-400.00001E-3,
,,,3.08000,-1.000,
,,,3.09000,400.00001E-3,
,,,3.10000,2.0000,
,,,3.11000,-1.2000,
,,,3.12000,-400.00001E-3,
,,,3.13000,0.0,
,,,3.14000,2.2000,
,,,3.15000,-1.4000,
,,,3.16000,-1.2000,
,,,3.17000,-800.000012E-3,
,,,3.18000,3.00000,
,,,3.19000,400.00001E-3,
,,,3.20000,0.0,
,,,3.21000,-400.00001E-3,
,,,3.22000,2.80000,
,,,3.23000,-600.000024E-3,
,,,3.24000,400.00001E-3,
,,,3.25000,-600.000024E-3,
,,,3.26000,2.6000,
,,,3.27000,-400.00001E-3,
,,,3.28000,-400.00001E-3,
,,,3.29000,0.0,
,,,3.30000,2.6000,
,,,3.31000,1.4000,
,,,3.32000,-800.000012E-3,
,,,3.33000,-400.00001E-3,
,,,3.34000,1.8000,
,,,3.35000,-600.000024E-3,
,,,3.36000,-200.00000E-3,
,,,3.37000,-200.00000E-3,
,,,3.38000,2.4000,
,,,3.39000,-600.000024E-3,
,,,3.40000,200.00000E-3,
,,,3.41000,-200.00000E-3,
,,,3.42000,2.4000,
,,,3.43000,-200.00000E-3,
,,,3.44000,-400.00001E-3,
,,,3.45000,-400.00001E-3,
,,,3.46000,2.4000,
,,,3.47000,400.00001E-3,
,,,3.48000,-800.000012E-3,
,,,3.49000,-600.000024E-3,
,,,3.50000,2.4000,
,,,3.51000,1.4000,
,,,3.52000,0.0,
,,,3.53000,-800.000012E-3,
,,,3.54000,1.6000,
,,,3.55000,0.0,
,,,3.56000,1.000,
,,,3.57000,1.4000,
,,,3.58000,1.4000,
,,,3.59000,0.0,
,,,3.60000,1.000,
,,,3.61000,600.000024E-3,
,,,3.62000,1.000,
,,,3.63000,200.00000E-3,
,,,3.64000,800.000012E-3,
,,,3.65000,1.2000,
,,,3.66000,1.2000,
,,,3.67000,-1.2000,
,,,3.68000,-800.000012E-3,
,,,3.69000,-200.00000E-3,
,,,3.70000,2.0000,
,,,3.71000,400.00001E-3,
,,,3.72000,800.000012E-3,
,,,3.73000,-1.000,
,,,3.74000,1.6000,
,,,3.75000,400.00001E-3,
,,,3.76000,-1.2000,
,,,3.77000,200.00000E-3,
,,,3.78000,1.8000,
,,,3.79000,0.0,
,,,3.80000,1.4000,
,,,3.81000,1.000,
,,,3.82000,1.4000,
,,,3.83000,-400.00001E-3,
,,,3.84000,-400.00001E-3,
,,,3.85000,-1.2000,
,,,3.86000,2.0000,
,,,3.87000,-1.000,
,,,3.88000,-1.000,
,,,3.89000,-400.00001E-3,
,,,3.90000,2.80000,
,,,3.91000,-400.00001E-3,
,,,3.92000,-400.00001E-3,
,,,3.93000,-200.00000E-3,
,,,3.94000,2.80000,
,,,3.95000,0.0,
,,,3.96000,-1.4000,
,,,3.97000,-1.000,
,,,3.98000,3.00000,
,,,3.99000,0.0,
,,,4.00000,1.6000,
,,,4.01000,1.000,
,,,4.02000,1.6000,
,,,4.03000,-1.2000,
,,,4.04000,-200.00000E-3,
,,,4.05000,200.00000E-3,
,,,4.06000,2.0000,
,,,4.07000,800.000012E-3,
,,,4.08000,200.00000E-3,
,,,4.09000,0.0,
,,,4.10000,1.8000,
,,,4.11000,-400.00001E-3,
,,,4.12000,-600.000024E-3,
,,,4.13000,-200.00000E-3,
,,,4.14000,2.2000,
,,,4.15000,1.000,
,,,4.16000,0.0,
,,,4.17000,-400.00001E-3,
,,,4.18000,2.2000,
,,,4.19000,-600.000024E-3,
,,,4.20000,-600.000024E-3,
,,,4.21000,0.0,
,,,4.22000,2.4000,
,,,4.23000,-600.000024E-3,
,,,4.24000,-600.000024E-3,
,,,4.25000,1.2000,
,,,4.26000,2.4000,
,,,4.27000,-800.000012E-3,
,,,4.28000,-200.00000E-3,
,,,4.29000,-400.00001E-3,
,,,4.30000,2.4000,
,,,4.31000,-200.00000E-3,
,,,4.32000,-600.000024E-3,
,,,4.33000,400.00001E-3,
,,,4.34000,2.4000,
,,,4.35000,-400.00001E-3,
,,,4.36000,-200.00000E-3,
,,,4.37000,-600.000024E-3,
,,,4.38000,2.2000,
,,,4.39000,-400.00001E-3,
,,,4.40000,-400.00001E-3,
,,,4.41000,-400.00001E-3,
,,,4.42000,2.80000,
,,,4.43000,0.0,
,,,4.44000,-200.00000E-3,
,,,4.45000,-1.000,
,,,4.46000,2.6000,
,,,4.47000,800.000012E-3,
,,,4.48000,0.0,
,,,4.49000,200.00000E-3,
,,,4.50000,2.4000,
,,,4.51000,-1.2000,
,,,4.52000,200.00000E-3,
,,,4.53000,-600.000024E-3,
,,,4.54000,2.6000,
,,,4.55000,400.00001E-3,
,,,4.56000,-400.00001E-3,
,,,4.57000,-200.00000E-3,
,,,4.58000,2.6000,
,,,4.59000,-200.00000E-3,
,,,4.60000,400.00001E-3,
,,,4.61000,200.00000E-3,
,,,4.62000,2.4000,
,,,4.63000,400.00001E-3,
,,,4.64000,400.00001E-3,
,,,4.65000,1.000,
,,,4.66000,1.6000,
,,,4.67000,-400.00001E-3,
,,,4.68000,200.00000E-3,
,,,4.69000,0.0,
,,,4.70000,1.8000,
,,,4.71000,-600.000024E-3,
,,,4.72000,-800.000012E-3,
,,,4.73000,0.0,
,,,4.74000,2.2000,
,,,4.75000,-1.000,
,,,4.76000,-1.2000,
,,,4.77000,200.00000E-3,
,,,4.78000,2.6000,
,,,4.79000,-200.00000E-3,
,,,4.80000,-1.000,
,,,4.81000,-800.000012E-3,
,,,4.82000,3.00000,
,,,4.83000,600.000024E-3,
,,,4.84000,1.000,
,,,4.85000,-200.00000E-3,
,,,4.86000,2.2000,
,,,4.87000,-1.4000,
,,,4.88000,-1.000,
,,,4.89000,400.00001E-3,
,,,4.90000,2.80000,
,,,4.91000,-400.00001E-3,
,,,4.92000,-200.00000E-3,
,,,4.93000,-400.00001E-3,
,,,4.94000,2.6000,
,,,4.95000,-1.4000,
,,,4.96000,-600.000024E-3,
,,,4.97000,600.000024E-3,
,,,4.98000,3.00000,
,,,4.99000,0.0,
,,,5.00000,200.00000E-3,
,,,5.01000,-600.000024E-3,
,,,5.02000,2.6000,
,,,5.03000,-600.000024E-3,
,,,5.04000,400.00001E-3,
,,,5.05000,-200.00000E-3,
,,,5.06000,2.6000,
,,,5.07000,-1.8000,
,,,5.08000,-200.00000E-3,
,,,5.09000,600.000024E-3,
,,,5.10000,2.6000,
,,,5.11000,400.00001E-3,
,,,5.12000,-200.00000E-3,
,,,5.13000,-1.2000,
,,,5.14000,2.6000,
,,,5.15000,-400.00001E-3,
,,,5.16000,0.0,
,,,5.17000,-600.000024E-3,
,,,5.18000,2.6000,
,,,5.19000,-600.000024E-3,
,,,5.20000,-1.2000,
,,,5.21000,-400.00001E-3,
,,,5.22000,3.20000,
,,,5.23000,600.000024E-3,
,,,5.24000,-400.00001E-3,
,,,5.25000,-400.00001E-3,
,,,5.26000,2.6000,
,,,5.27000,-1.000,
,,,5.28000,400.00001E-3,
,,,5.29000,400.00001E-3,
,,,5.30000,2.2000,
,,,5.31000,-400.00001E-3,
,,,5.32000,-200.00000E-3,
,,,5.33000,-200.00000E-3,
,,,5.34000,2.4000,
,,,5.35000,-1.6000,
,,,5.36000,-1.2000,
,,,5.37000,-200.00000E-3,
,,,5.38000,3.00000,
,,,5.39000,-400.00001E-3,
,,,5.40000,-1.2000,
,,,5.41000,-1.000,
,,,5.42000,3.40000,
,,,5.43000,0.0,
,,,5.44000,-200.00000E-3,
,,,5.45000,200.00000E-3,
,,,5.46000,2.80000,
,,,5.47000,-800.000012E-3,
,,,5.48000,-1.000,
,,,5.49000,-200.00000E-3,
,,,5.50000,3.00000,
,,,5.51000,-1.000,
,,,5.52000,-200.00000E-3,
,,,5.53000,400.00001E-3,
,,,5.54000,3.00000,
,,,5.55000,-800.000012E-3,
,,,5.56000,-1.000,
,,,5.57000,0.0,
,,,5.58000,3.00000,
,,,5.59000,-600.000024E-3,
,,,5.60000,-800.000012E-3,
,,,5.61000,600.000024E-3,
,,,5.62000,3.20000,
,,,5.63000,200.00000E-3,
,,,5.64000,-600.000024E-3,
,,,5.65000,-800.000012E-3,
,,,5.66000,2.80000,
,,,5.67000,-800.000012E-3,
,,,5.68000,-200.00000E-3,
,,,5.69000,0.0,
,,,5.70000,3.00000,
,,,5.71000,-1.000,
,,,5.72000,-800.000012E-3,
,,,5.73000,-400.00001E-3,
,,,5.74000,3.00000,
,,,5.75000,400.00001E-3,
,,,5.76000,-400.00001E-3,
,,,5.77000,-600.000024E-3,
,,,5.78000,3.20000,
,,,5.79000,-1.000,
,,,5.80000,-600.000024E-3,
,,,5.81000,-600.000024E-3,
,,,5.82000,2.80000,
,,,5.83000,-1.000,
,,,5.84000,-1.000,
,,,5.85000,-400.00001E-3,
,,,5.86000,3.40000,
,,,5.87000,200.00000E-3,
,,,5.88000,400.00001E-3,
,,,5.89000,-800.000012E-3,
,,,5.90000,3.00000,
,,,5.91000,-1.2000,
,,,5.92000,-800.000012E-3,
,,,5.93000,-400.00001E-3,
,,,5.94000,3.40000,
,,,5.95000,-1.000,
,,,5.96000,-600.000024E-3,
,,,5.97000,400.00001E-3,
,,,5.98000,3.20000,
,,,5.99000,400.00001E-3,
,,,6.00000,400.00001E-3,
,,,6.01000,200.00000E-3,
,,,6.02000,2.4000,
,,,6.03000,-1.000,
,,,6.04000,0.0,
,,,6.05000,-200.00000E-3,
,,,6.06000,3.00000,
,,,6.07000,-800.000012E-3,
,,,6.08000,-800.000012E-3,
,,,6.09000,-200.00000E-3,
,,,6.10000,2.80000,
,,,6.11000,-200.00000E-3,
,,,6.12000,-1.000,
,,,6.13000,-200.00000E-3,
,,,6.14000,2.80000,
,,,6.15000,-1.4000,
,,,6.16000,-600.000024E-3,
,,,6.17000,-600.000024E-3,
,,,6.18000,3.20000,
,,,6.19000,-600.000024E-3,
,,,6.20000,-400.00001E-3,
,,,6.21000,-600.000024E-3,
,,,6.22000,3.40000,
,,,6.23000,400.00001E-3,
,,,6.24000,-800.000012E-3,
,,,6.25000,-200.00000E-3,
,,,6.26000,3.20000,
,,,6.27000,-1.000,
,,,6.28000,-800.000012E-3,
,,,6.29000,-200.00000E-3,
,,,6.30000,3.40000,
,,,6.31000,0.0,
,,,6.32000,-800.000012E-3,
,,,6.33000,-400.00001E-3,
,,,6.34000,3.40000,
,,,6.35000,-600.000024E-3,
,,,6.36000,-200.00000E-3,
,,,6.37000,-600.000024E-3,
,,,6.38000,3.00000,
,,,6.39000,1.000,
,,,6.40000,0.0,
,,,6.41000,-600.000024E-3,
,,,6.42000,2.80000,
,,,6.43000,-1.000,
,,,6.44000,-1.000,
,,,6.45000,-400.00001E-3,
,,,6.46000,3.40000,
,,,6.47000,-800.000012E-3,
,,,6.48000,0.0,
,,,6.49000,-600.000024E-3,
,,,6.50000,3.00000,
,,,6.51000,-1.000,
,,,6.52000,-800.000012E-3,
,,,6.53000,-400.00001E-3,
,,,6.54000,3.40000,
,,,6.55000,0.0,
,,,6.56000,-200.00000E-3,
,,,6.57000,-600.000024E-3,
,,,6.58000,3.20000,
,,,6.59000,0.0,
,,,6.60000,-600.000024E-3,
,,,6.61000,-800.000012E-3,
,,,6.62000,3.00000,
,,,6.63000,-800.000012E-3,
,,,6.64000,-600.000024E-3,
,,,6.65000,-400.00001E-3,
,,,6.66000,3.40000,
,,,6.67000,200.00000E-3,
,,,6.68000,-800.000012E-3,
,,,6.69000,-200.00000E-3,
,,,6.70000,3.00000,
,,,6.71000,-400.00001E-3,
,,,6.72000,-1.000,
,,,6.73000,-200.00000E-3,
,,,6.74000,3.40000,
,,,6.75000,-400.00001E-3,
,,,6.76000,-800.000012E-3,
,,,6.77000,-400.00001E-3,
,,,6.78000,3.40000,
,,,6.79000,-400.00001E-3,
,,,6.80000,600.000024E-3,
,,,6.81000,-600.000024E-3,
,,,6.82000,2.80000,
,,,6.83000,400.00001E-3,
,,,6.84000,-1.000,
,,,6.85000,-1.000,
,,,6.86000,3.00000,
,,,6.87000,-600.000024E-3,
,,,6.88000,-1.000,
,,,6.89000,-800.000012E-3,
,,,6.90000,3.40000,
,,,6.91000,0.0,
,,,6.92000,-600.000024E-3,
,,,6.93000,-400.00001E-3,
,,,6.94000,3.20000,
,,,6.95000,400.00001E-3,
,,,6.96000,200.00000E-3,
,,,6.97000,-1.000,
,,,6.98000,2.80000,
,,,6.99000,-800.000012E-3,
,,,7.00000,-600.000024E-3,
,,,7.01000,-800.000012E-3,
,,,7.02000,3.20000,
,,,7.03000,-1.2000,
,,,7.04000,-800.000012E-3,
,,,7.05000,0.0,
,,,7.06000,3.40000,
,,,7.07000,-1.2000,
,,,7.08000,-1.000,
,,,7.09000,-400.00001E-3,
,,,7.10000,3.80000,
,,,7.11000,-200.00000E-3,
,,,7.12000,-600.000024E-3,
,,,7.13000,-1.000,
,,,7.14000,3.40000,
,,,7.15000,-800.000012E-3,
,,,7.16000,-400.00001E-3,
,,,7.17000,-1.2000,
,,,7.18000,3.20000,
,,,7.19000,-1.000,
,,,7.20000,-1.4000,
,,,7.21000,-800.000012E-3,
,,,7.22000,4.00000,
,,,7.23000,-1.4000,
,,,7.24000,-800.000012E-3,
,,,7.25000,600.000024E-3,
,,,7.26000,3.80000,
,,,7.27000,-600.000024E-3,
,,,7.28000,-800.000012E-3,
,,,7.29000,-600.000024E-3,
,,,7.30000,3.20000,
,,,7.31000,2.0000,
,,,7.32000,-1.2000,
,,,7.33000,600.000024E-3,
,,,7.34000,3.00000,
,,,7.35000,-800.000012E-3,
,,,7.36000,0.0,
,,,7.37000,-1.000,
,,,7.38000,3.40000,
,,,7.390000,-1.2000,
,,,7.400000,-1.000,
,,,7.410000,-400.00001E-3,
,,,7.420000,3.80000,
,,,7.430000,600.000024E-3,
,,,7.440000,800.000012E-3,
,,,7.450000,-800.000012E-3,
,,,7.460000,3.00000,
,,,7.470000,-600.000024E-3,
,,,7.480000,-1.8000,
,,,7.490000,-1.6000,
,,,7.500000,3.40000,
,,,7.510000,-600.000024E-3,
,,,7.520000,-800.000012E-3,
,,,7.530000,-1.2000,
,,,7.540000,3.00000,
,,,7.550000,400.00001E-3,
,,,7.560000,-200.00000E-3,
,,,7.570000,-1.2000,
,,,7.580000,3.20000,
,,,7.590000,-400.00001E-3,
,,,7.600000,-600.000024E-3,
,,,7.610000,0.0,
,,,7.620000,3.40000,
,,,7.630000,-600.000024E-3,
,,,7.640000,-1.6000,
,,,7.650000,-1.000,
,,,7.660000,3.80000,
,,,7.670000,-400.00001E-3,
,,,7.680000,-600.000024E-3,
,,,7.690000,-600.000024E-3,
,,,7.700000,3.40000,
,,,7.710000,-600.000024E-3,
,,,7.720000,-1.2000,
,,,7.730000,-600.000024E-3,
,,,7.740000,3.60000,
,,,7.750000,1.4000,
,,,7.760000,1.4000,
,,,7.770000,-1.2000,
,,,7.780000,2.4000,
,,,7.790000,-2.0000,
,,,7.800000,-1.2000,
,,,7.810000,0.0,
,,,7.820000,3.20000,
,,,7.830000,600.000024E-3,
,,,7.840000,-1.6000,
,,,7.850000,-600.000024E-3,
,,,7.860000,2.80000,
,,,7.870000,-1.6000,
,,,7.880000,-1.2000,
,,,7.890000,-600.000024E-3,
,,,7.900000,3.80000,
,,,7.910000,-1.000,
,,,7.920000,-400.00001E-3,
,,,7.930000,-1.000,
,,,7.940000,3.40000,
,,,7.950000,-200.00000E-3,
,,,7.960000,-400.00001E-3,
,,,7.970000,-1.2000,
,,,7.980000,3.40000,
,,,7.990000,-800.000012E-3,
,,,8.000000,1.6000,
,,,8.010000,-200.00000E-3,
,,,8.020000,2.80000,
,,,8.030000,-800.000012E-3,
,,,8.040000,1.2000,
,,,8.050000,-2.0000,
,,,8.059999,3.00000,
,,,8.070000,-1.4000,
,,,8.080000,-1.000,
,,,8.090000,-600.000024E-3,
,,,8.099999,3.60000,
,,,8.110000,400.00001E-3,
,,,8.120000,600.000024E-3,
,,,8.130000,2.4000,
,,,8.139999,2.6000,
,,,8.150000,-1.000,
,,,8.160000,2.0000,
,,,8.170000,-1.6000,
,,,8.179999,2.2000,
,,,8.190000,-200.00000E-3,
,,,8.200000,-200.00000E-3,
,,,8.210000,-600.000024E-3,
,,,8.220000,2.2000,
,,,8.230000,-2.2000,
,,,8.240000,-1.2000,
,,,8.250000,-1.000,
,,,8.260000,3.40000,
,,,8.270000,-1.4000,
,,,8.280000,-1.2000,
,,,8.290000,-600.000024E-3,
,,,8.300000,3.80000,
,,,8.309999,1.6000,
,,,8.320000,2.4000,
,,,8.330000,-1.6000,
,,,8.340000,2.4000,
,,,8.349999,200.00000E-3,
,,,8.360000,200.00000E-3,
,,,8.370000,-1.4000,
,,,8.380000,2.2000,
,,,8.389999,-2.0000,
,,,8.400000,-1.8000,
,,,8.410000,600.000024E-3,
,,,8.420000,3.40000,
,,,8.429999,-1.2000,
,,,8.440000,-1.000,
,,,8.450000,-200.00000E-3,
,,,8.460000,3.40000,
,,,8.470000,800.000012E-3,
,,,8.480000,-800.000012E-3,
,,,8.490000,-400.00001E-3,
,,,8.500000,3.00000,
,,,8.510000,1.4000,
,,,8.520000,-1.2000,
,,,8.530000,-1.2000,
,,,8.540000,3.00000,
,,,8.550000,-1.000,
,,,8.559999,-1.000,
,,,8.570000,-800.000012E-3,
,,,8.580000,3.60000,
,,,8.590000,-600.000024E-3,
,,,8.599999,600.000024E-3,
,,,8.610000,2.6000,
,,,8.620000,2.4000,
,,,8.630000,-600.000024E-3,
,,,8.639999,-200.00000E-3,
,,,8.650000,-1.8000,
,,,8.660000,2.80000,
,,,8.670000,1.000,
,,,8.679999,-1.2000,
,,,8.690000,-800.000012E-3,
,,,8.700000,2.80000,
,,,8.710000,400.00001E-3,
,,,8.720000,-600.000024E-3,
,,,8.730000,-400.00001E-3,
,,,8.740000,3.00000,
,,,8.750000,400.00001E-3,
,,,8.760000,-1.2000,
,,,8.770000,1.4000,
,,,8.780000,2.4000,
,,,8.790000,-1.000,
,,,8.800000,800.000012E-3,
,,,8.809999,-1.6000,
,,,8.820000,2.4000,
,,,8.830000,0.0,
,,,8.840000,600.000024E-3,
,,,8.849999,-1.000,
,,,8.860000,2.0000,
,,,8.870000,800.000012E-3,
,,,8.880000,-400.00001E-3,
,,,8.889999,-1.4000,
,,,8.900000,2.6000,
,,,8.910000,200.00000E-3,
,,,8.920000,1.4000,
,,,8.929999,-2.0000,
,,,8.940000,2.2000,
,,,8.950000,-1.4000,
,,,8.960000,-1.4000,
,,,8.970000,-800.000012E-3,
,,,8.980000,3.20000,
,,,8.990000,2.0000,
,,,9.000000,1.000,
,,,9.010000,-200.00000E-3,
,,,9.020000,2.0000,
,,,9.030000,600.000024E-3,
,,,9.040000,200.00000E-3,
,,,9.050000,-1.2000,
,,,9.059999,2.2000,
,,,9.070000,-1.2000,
,,,9.080000,1.000,
,,,9.090000,800.000012E-3,
,,,9.099999,2.6000,
,,,9.110000,600.000024E-3,
,,,9.120000,400.00001E-3,
,,,9.130000,-1.6000,
,,,9.139999,2.4000,
,,,9.150000,1.2000,
,,,9.160000,2.0000,
,,,9.170000,-1.4000,
,,,9.179999,2.4000,
,,,9.190000,1.4000,
,,,9.200000,-400.00001E-3,
,,,9.210000,-2.0000,
,,,9.220000,2.4000,
,,,9.230000,-600.000024E-3,
,,,9.240000,2.2000,
,,,9.250000,200.00000E-3,
,,,9.260000,2.0000,
,,,9.270000,1.2000,
,,,9.280000,600.000024E-3,
,,,9.290000,-1.4000,
,,,9.300000,2.0000,
,,,9.309999,1.4000,
,,,9.320000,1.000,
,,,9.330000,-400.00001E-3,
,,,9.340000,2.2000,
,,,9.349999,800.000012E-3,
,,,9.360000,-800.000012E-3,
,,,9.370000,-400.00001E-3,
,,,9.380000,2.6000,
,,,9.389999,1.000,
,,,9.400000,800.000012E-3,
,,,9.410000,-1.000,
,,,9.420000,2.2000,
,,,9.429999,-200.00000E-3,
,,,9.440000,0.0,
,,,9.450000,-600.000024E-3,
,,,9.460000,1.8000,
,,,9.469999,0.0,
,,,9.480000,800.000012E-3,
,,,9.490000,1.6000,
,,,9.500000,1.4000,
,,,9.510000,200.00000E-3,
,,,9.520000,-600.000024E-3,
,,,9.530000,400.00001E-3,
,,,9.540000,1.4000,
,,,9.550000,1.000,
,,,9.559999,-200.00000E-3,
,,,9.570000,400.00001E-3,
,,,9.580000,1.2000,
,,,9.590000,1.000,
,,,9.599999,200.00000E-3,
,,,9.610000,1.2000,
,,,9.620000,1.2000,
,,,9.630000,600.000024E-3,
,,,9.639999,600.000024E-3,
,,,9.650000,600.000024E-3,
,,,9.660000,800.000012E-3,
,,,9.670000,0.0,
,,,9.679999,-1.2000,
,,,9.690000,200.00000E-3,
,,,9.700000,2.0000,
,,,9.710000,0.0,
,,,9.719999,-800.000012E-3,
,,,9.730000,1.8000,
,,,9.740000,1.6000,
,,,9.750000,1.000,
,,,9.760000,200.00000E-3,
,,,9.770000,-1.6000,
,,,9.780000,1.4000,
,,,9.790000,1.000,
,,,9.800000,400.00001E-3,
,,,9.809999,-400.00001E-3,
,,,9.820000,1.8000,
,,,9.830000,600.000024E-3,
,,,9.840000,-600.000024E-3,
,,,9.849999,1.4000,
,,,9.860000,1.6000,
,,,9.870000,400.00001E-3,
,,,9.880000,1.2000,
,,,9.889999,1.000,
,,,9.900000,800.000012E-3,
,,,9.910000,400.00001E-3,
,,,9.920000,800.000012E-3,
,,,9.929999,600.000024E-3,
,,,9.940000,600.000024E-3,
,,,9.950000,600.000024E-3,
,,,9.960000,800.000012E-3,
,,,9.969999,800.000012E-3,
,,,9.980000,600.000024E-3,
,,,9.990000,600.000024E-3,
,,,10.0000,800.000012E-3,
,,,10.0100,800.000012E-3,
,,,10.0200,600.000024E-3,
,,,10.0300,600.000024E-3,
,,,10.0400,600.000024E-3,
,,,10.0500,600.000024E-3,
,,,10.0600,600.000024E-3,
,,,10.0700,600.000024E-3,
,,,10.0800,-800.000012E-3,
,,,10.0900,200.00000E-3,
,,,10.1000,400.00001E-3,
,,,10.1100,600.000024E-3,
,,,10.1200,800.000012E-3,
,,,10.1300,-1.8000,
,,,10.1400,1.2000,
,,,10.1500,0.0,
,,,10.1600,600.000024E-3,
,,,10.1700,1.4000,
,,,10.1800,1.4000,
,,,10.1900,1.000,
,,,10.2000,1.000,
,,,10.2100,1.000,
,,,10.2200,800.000012E-3,
,,,10.2300,600.000024E-3,
,,,10.2400,800.000012E-3,
,,,10.2500,800.000012E-3,
,,,10.2600,-200.00000E-3,
,,,10.2700,200.00000E-3,
,,,10.2800,-800.000012E-3,
,,,10.2900,-2.80000,
,,,10.3000,2.0000,
,,,10.3100,-600.000024E-3,
,,,10.3200,1.6000,
,,,10.3300,-2.2000,
,,,10.3400,2.6000,
,,,10.3500,1.2000,
,,,10.3600,600.000024E-3,
,,,10.3700,-2.0000,
,,,10.3800,2.6000,
,,,10.3900,-400.00001E-3,
,,,10.4000,-200.00000E-3,
,,,10.4100,-1.6000,
,,,10.4200,3.20000,
,,,10.4300,400.00001E-3,
,,,10.4400,1.2000,
,,,10.4500,-1.000,
,,,10.4600,2.4000,
,,,10.4700,1.4000,
,,,10.4800,200.00000E-3,
,,,10.4900,-1.8000,
,,,10.5000,2.2000,
,,,10.5100,0.0,
,,,10.5200,-600.000024E-3,
,,,10.5300,-2.2000,
,,,10.5400,2.6000,
,,,10.5500,-1.4000,
,,,10.5600,-1.6000,
,,,10.5700,-800.000012E-3,
,,,10.5800,3.80000,
,,,10.5900,1.8000,
,,,10.6000,1.8000,
,,,10.6100,-2.0000,
,,,10.6200,2.6000,
,,,10.6300,1.000,
,,,10.6400,800.000012E-3,
,,,10.6500,-600.000024E-3,
,,,10.6600,2.6000,
,,,10.6700,-200.00000E-3,
,,,10.6800,200.00000E-3,
,,,10.6900,-1.6000,
,,,10.7000,3.00000,
,,,10.7100,1.6000,
,,,10.7200,800.000012E-3,
,,,10.7300,-1.000,
,,,10.7400,2.2000,
,,,10.7500,800.000012E-3,
,,,10.7600,200.00000E-3,
,,,10.7700,-2.2000,
,,,10.7800,2.6000,
,,,10.7900,400.00001E-3,
,,,10.8000,-400.00001E-3,
,,,10.8100,-1.8000,
,,,10.8200,2.6000,
,,,10.8300,600.000024E-3,
,,,10.8400,1.000,
,,,10.8500,-800.000012E-3,
,,,10.8600,2.6000,
,,,10.8700,-400.00001E-3,
,,,10.8800,200.00000E-3,
,,,10.8900,400.00001E-3,
,,,10.9000,2.0000,
,,,10.9100,200.00000E-3,
,,,10.9200,0.0,
,,,10.9300,-1.2000,
,,,10.9400,2.4000,
,,,10.9500,1.6000,
,,,10.9600,1.4000,
,,,10.9700,-2.0000,
,,,10.9800,2.2000,
,,,10.9900,-600.000024E-3,
,,,11.0000,200.00000E-3,
,,,11.0100,600.000024E-3,
,,,11.0200,2.6000,
,,,11.0300,1.000,
,,,11.0400,-800.000012E-3,
,,,11.0500,600.000024E-3,
,,,11.0600,2.4000,
,,,11.0700,1.4000,
,,,11.0800,-600.000024E-3,
,,,11.0900,-1.2000,
,,,11.1000,2.2000,
,,,11.1100,-1.2000,
,,,11.1200,0.0,
,,,11.1300,-1.4000,
,,,11.1400,2.6000,
,,,11.1500,-1.000,
,,,11.1600,-1.000,
,,,11.1700,-200.00000E-3,
,,,11.1800,3.20000,
,,,11.1900,1.6000,
,,,11.2000,2.0000,
,,,11.2100,-1.8000,
,,,11.2200,2.0000,
,,,11.2300,1.000,
,,,11.2400,600.000024E-3,
,,,11.2500,-800.000012E-3,
,,,11.2600,2.0000,
,,,11.2700,-1.2000,
,,,11.2800,-800.000012E-3,
,,,11.2900,-400.00001E-3,
,,,11.3000,2.80000,
,,,11.3100,-800.000012E-3,
,,,11.3200,800.000012E-3,
,,,11.3300,-1.2000,
,,,11.3400,2.4000,
,,,11.3500,1.2000,
,,,11.3600,-400.00001E-3,
,,,11.3700,-1.2000,
,,,11.3800,2.2000,
,,,11.3900,-1.000,
,,,11.4000,-200.00000E-3,
,,,11.4100,-1.000,
,,,11.4200,2.80000,
,,,11.4300,1.000,
,,,11.4400,1.4000,
,,,11.4500,-400.00001E-3,
,,,11.4600,2.4000,
,,,11.4700,-600.000024E-3,
,,,11.4800,-600.000024E-3,
,,,11.4900,0.0,
,,,11.5000,2.4000,
,,,11.5100,0.0,
,,,11.5200,-200.00000E-3,
,,,11.5300,-1.000,
,,,11.5400,2.6000,
,,,11.5500,600.000024E-3,
,,,11.5600,800.000012E-3,
,,,11.5700,-1.4000,
,,,11.5800,2.6000,
,,,11.5900,-400.00001E-3,
,,,11.6000,400.00001E-3,
,,,11.6100,-1.4000,
,,,11.6200,2.6000,
,,,11.6300,0.0,
,,,11.6400,-600.000024E-3,
,,,11.6500,-600.000024E-3,
,,,11.6600,2.6000,
,,,11.6700,400.00001E-3,
,,,11.6800,-200.00000E-3,
,,,11.6900,400.00001E-3,
,,,11.7000,2.2000,
,,,11.7100,-600.000024E-3,
,,,11.7200,0.0,
,,,11.7300,-800.000012E-3,
,,,11.7400,2.2000,
,,,11.7500,1.000,
,,,11.7600,1.2000,
,,,11.7700,-1.6000,
,,,11.7800,2.2000,
,,,11.7900,400.00001E-3,
,,,11.8000,0.0,
,,,11.8100,-600.000024E-3,
,,,11.8200,2.4000,
,,,11.8300,800.000012E-3,
,,,11.8400,1.4000,
,,,11.8500,-1.2000,
,,,11.8600,1.8000,
,,,11.8700,-400.00001E-3,
,,,11.8800,1.6000,
,,,11.8900,-1.000,
,,,11.9000,2.6000,
,,,11.9100,0.0,
,,,11.9200,1.2000,
,,,11.9300,-1.000,
,,,11.9400,2.80000,
,,,11.9500,1.000,
,,,11.9600,1.4000,
,,,11.9700,-1.000,
,,,11.9800,2.2000,
,,,11.9900,600.000024E-3,
,,,12.0000,-200.00000E-3,
,,,12.0100,-1.6000,
,,,12.0200,2.2000,
,,,12.0300,0.0,
,,,12.0400,-1.2000,
,,,12.0500,-1.000,
,,,12.0600,3.00000,
,,,12.0700,-200.00000E-3,
,,,12.0800,1.4000,
,,,12.0900,-1.2000,
,,,12.1000,2.4000,
,,,12.1100,400.00001E-3,
,,,12.1200,1.000,
,,,12.1300,-1.6000,
,,,12.1400,2.6000,
,,,12.1500,800.000012E-3,
,,,12.1600,800.000012E-3,
,,,12.1700,-1.8000,
,,,12.1800,2.80000,
,,,12.1900,-1.000,
,,,12.2000,-800.000012E-3,
,,,12.2100,-1.000,
,,,12.2200,3.20000,
,,,12.2300,600.000024E-3,
,,,12.2400,-400.00001E-3,
,,,12.2500,-400.00001E-3,
,,,12.2600,2.6000,
,,,12.2700,1.4000,
,,,12.2800,1.4000,
,,,12.2900,-1.6000,
,,,12.3000,2.4000,
,,,12.3100,-1.8000,
,,,12.3200,-1.000,
,,,12.3300,-600.000024E-3,
,,,12.3400,3.20000,
,,,12.3500,-800.000012E-3,
,,,12.3600,-600.000024E-3,
,,,12.3700,-200.00000E-3,
,,,12.3800,3.00000,
,,,12.3900,1.000,
,,,12.4000,1.8000,
,,,12.4100,-1.000,
,,,12.4200,2.2000,
,,,12.4300,1.000,
,,,12.4400,0.0,
,,,12.4500,600.000024E-3,
,,,12.4600,1.6000,
,,,12.4700,200.00000E-3,
,,,12.4800,200.00000E-3,
,,,12.4900,400.00001E-3,
,,,12.5000,1.4000,
,,,12.5100,-200.00000E-3,
,,,12.5200,600.000024E-3,
,,,12.5300,0.0,
,,,12.5400,1.2000,
,,,12.5500,0.0,
,,,12.5600,-200.00000E-3,
,,,12.5700,-600.000024E-3,
,,,12.5800,1.4000,
,,,12.5900,-600.000024E-3,
,,,12.6000,-200.00000E-3,
,,,12.6100,0.0,
,,,12.6200,2.0000,
,,,12.6300,-800.000012E-3,
,,,12.6400,600.000024E-3,
,,,12.6500,-1.2000,
,,,12.6600,2.2000,
,,,12.6700,600.000024E-3,
,,,12.6800,-1.000,
,,,12.6900,-400.00001E-3,
,,,12.7000,2.6000,
,,,12.7100,800.000012E-3,
,,,12.7200,600.000024E-3,
,,,12.7300,-1.8000,
,,,12.7400,2.80000,
,,,12.7500,600.000024E-3,
,,,12.7600,1.000,
,,,12.7700,-2.80000,
,,,12.7800,2.6000,
,,,12.7900,600.000024E-3,
,,,12.8000,-1.6000,
,,,12.8100,-1.2000,
,,,12.8200,3.40000,
,,,12.8300,-1.6000,
,,,12.8400,-800.000012E-3,
,,,12.8500,-1.000,
,,,12.8600,3.80000,
,,,12.8700,-800.000012E-3,
,,,12.8800,-1.4000,
,,,12.8900,-1.000,
,,,12.9000,4.00000,
,,,12.9100,-1.000,
,,,12.9200,2.6000,
,,,12.9300,600.000024E-3,
,,,12.9400,3.00000,
,,,12.9500,2.4000,
,,,12.9600,1.8000,
,,,12.9700,-1.4000,
,,,12.9800,2.0000,
,,,12.9900,800.000012E-3,
,,,13.0000,1.4000,
,,,13.0100,-2.0000,
,,,13.0200,2.6000,
,,,13.0300,1.2000,
,,,13.0400,1.6000,
,,,13.0500,-4.00000,
,,,13.0600,2.4000,
,,,13.0700,600.000024E-3,
,,,13.0800,-1.8000,
,,,13.0900,-2.2000,
,,,13.1000,3.60000,
,,,13.1100,-1.2000,
,,,13.1200,1.2000,
,,,13.1300,-1.6000,
,,,13.1400,3.80000,
,,,13.1500,1.4000,
,,,13.1600,200.00000E-3,
,,,13.1700,-2.2000,
,,,13.1800,3.60000,
,,,13.1900,-800.000012E-3,
,,,13.2000,200.00000E-3,
,,,13.2100,-1.6000,
,,,13.2200,3.20000,
,,,13.2300,-1.4000,
,,,13.2400,0.0,
,,,13.2500,0.0,
,,,13.2600,3.00000,
,,,13.2700,1.000,
,,,13.2800,1.4000,
,,,13.2900,-1.4000,
,,,13.3000,2.6000,
,,,13.3100,800.000012E-3,
,,,13.3200,0.0,
,,,13.3300,800.000012E-3,
,,,13.3400,2.2000,
,,,13.3500,-600.000024E-3,
,,,13.3600,800.000012E-3,
,,,13.3700,-2.0000,
,,,13.3800,3.00000,
,,,13.3900,-1.2000,
,,,13.4000,-1.000,
,,,13.4100,-600.000024E-3,
,,,13.4200,3.40000,
,,,13.4300,600.000024E-3,
,,,13.4400,400.00001E-3,
,,,13.4500,-2.2000,
,,,13.4600,3.00000,
,,,13.4700,1.4000,
,,,13.4800,200.00000E-3,
,,,13.4900,-2.0000,
,,,13.5000,2.4000,
,,,13.5100,400.00001E-3,
,,,13.5200,1.000,
,,,13.5300,-2.4000,
,,,13.5400,2.4000,
,,,13.5500,0.0,
,,,13.5600,-800.000012E-3,
,,,13.5700,-1.8000,
,,,13.5800,2.4000,
,,,13.5900,400.00001E-3,
,,,13.6000,1.4000,
,,,13.6100,-2.0000,
,,,13.6200,2.0000,
,,,13.6300,-1.2000,
,,,13.6400,-600.000024E-3,
,,,13.6500,-1.6000,
,,,13.6600,2.80000,
,,,13.6700,2.2000,
,,,13.6800,800.000012E-3,
,,,13.6900,-2.80000,
,,,13.7000,1.8000,
,,,13.7100,1.000,
,,,13.7200,-1.2000,
,,,13.7300,-2.0000,
,,,13.7400,2.0000,
,,,13.7500,200.00000E-3,
,,,13.7600,600.000024E-3,
,,,13.7700,-2.0000,
,,,13.7800,2.6000,
,,,13.7900,400.00001E-3,
,,,13.8000,2.0000,
,,,13.8100,-2.2000,
,,,13.8200,2.0000,
,,,13.8300,1.6000,
,,,13.8400,600.000024E-3,
,,,13.8500,-3.00000,
,,,13.8600,2.0000,
,,,13.8700,600.000024E-3,
,,,13.8800,1.2000,
,,,13.8900,-600.000024E-3,
,,,13.9000,1.8000,
,,,13.9100,800.000012E-3,
,,,13.9200,400.00001E-3,
,,,13.9300,-600.000024E-3,
,,,13.9400,1.6000,
,,,13.9500,600.000024E-3,
,,,13.9600,200.00000E-3,
,,,13.9700,-800.000012E-3,
,,,13.9800,1.6000,
,,,13.9900,200.00000E-3,
,,,14.0000,800.000012E-3,
,,,14.0100,-1.6000,
,,,14.0200,1.6000,
,,,14.0300,200.00000E-3,
,,,14.0400,400.00001E-3,
,,,14.0500,-1.2000,
,,,14.0600,1.6000,
,,,14.0700,600.000024E-3,
,,,14.0800,1.000,
,,,14.0900,-1.6000,
,,,14.1000,1.6000,
,,,14.1100,400.00001E-3,
,,,14.1200,-200.00000E-3,
,,,14.1300,-800.000012E-3,
,,,14.1400,2.0000,
,,,14.1500,-1.4000,
,,,14.1600,-200.00000E-3,
,,,14.1700,-2.2000,
,,,14.1800,3.20000,
,,,14.1900,400.00001E-3,
,,,14.2000,1.2000,
,,,14.2100,-1.6000,
,,,14.2200,3.20000,
,,,14.2300,-200.00000E-3,
,,,14.2400,-200.00000E-3,
,,,14.2500,-1.2000,
,,,14.2600,3.20000,
,,,14.2700,-1.000,
,,,14.2800,-400.00001E-3,
,,,14.2900,-1.000,
,,,14.3000,3.40000,
,,,14.3100,-1.2000,
,,,14.3200,200.00000E-3,
,,,14.3300,-1.2000,
,,,14.3400,3.40000,
,,,14.3500,-400.00001E-3,
,,,14.3600,200.00000E-3,
,,,14.3700,-2.0000,
,,,14.3800,3.60000,
,,,14.3900,-1.2000,
,,,14.4000,0.0,
,,,14.4100,-1.6000,
,,,14.4200,3.80000,
,,,14.4300,-2.4000,
,,,14.4400,0.0,
,,,14.4500,-1.4000,
,,,14.4600,4.20000,
,,,14.4700,-400.00001E-3,
,,,14.4800,1.000,
,,,14.4900,-1.000,
,,,14.5000,3.40000,
,,,14.5100,-1.8000,
,,,14.5200,-2.4000,
,,,14.5300,-1.4000,
,,,14.5400,4.40000,
,,,14.5500,600.000024E-3,
,,,14.5600,1.8000,
,,,14.5700,-1.6000,
,,,14.5800,3.00000,
,,,14.5900,-2.2000,
,,,14.6000,1.4000,
,,,14.6100,0.0,
,,,14.6200,3.00000,
,,,14.6300,800.000012E-3,
,,,14.6400,0.0,
,,,14.6500,-800.000012E-3,
,,,14.6600,2.6000,
,,,14.6700,-1.2000,
,,,14.6800,-800.000012E-3,
,,,14.6900,-200.00000E-3,
,,,14.7000,2.80000,
,,,14.7100,800.000012E-3,
,,,14.7200,200.00000E-3,
,,,14.7300,-1.000,
,,,14.7400,2.2000,
,,,14.7500,-1.4000,
,,,14.7600,200.00000E-3,
,,,14.7700,-800.000012E-3,
,,,14.7800,2.2000,
,,,14.7900,200.00000E-3,
,,,14.8000,400.00001E-3,
,,,14.8100,200.00000E-3,
,,,14.8200,1.8000,
,,,14.8300,-400.00001E-3,
,,,14.8400,200.00000E-3,
,,,14.8500,-1.2000,
,,,14.8600,2.4000,
,,,14.8700,-2.0000,
,,,14.8800,-1.4000,
,,,14.8900,-1.6000,
,,,14.9000,3.80000,
,,,14.9100,-600.000024E-3,
,,,14.9200,600.000024E-3,
,,,14.9300,-2.0000,
,,,14.9400,3.40000,
,,,14.9500,-1.8000,
,,,14.9600,-800.000012E-3,
,,,14.9700,-800.000012E-3,
,,,14.9800,4.20000,
,,,14.9900,-1.6000,
,,,15.0000,-1.2000,
,,,15.0100,1.4000,
,,,15.0200,3.20000,
,,,15.0300,-200.00000E-3,
,,,15.0400,-600.000024E-3,
,,,15.0500,800.000012E-3,
,,,15.0600,3.00000,
,,,15.0700,2.2000,
,,,15.0800,1.8000,
,,,15.0900,-1.2000,
,,,15.1000,1.4000,
,,,15.1100,-200.00000E-3,
,,,15.1200,-200.00000E-3,
,,,15.1300,-1.000,
,,,15.1400,2.0000,
,,,15.1500,1.4000,
,,,15.1600,400.00001E-3,
,,,15.1700,-1.000,
,,,15.1800,1.8000,
,,,15.1900,800.000012E-3,
,,,15.2000,-400.00001E-3,
,,,15.2100,-600.000024E-3,
,,,15.2200,1.8000,
,,,15.2300,600.000024E-3,
,,,15.2400,400.00001E-3,
,,,15.2500,-1.6000,
,,,15.2600,1.8000,
,,,15.2700,200.00000E-3,
,,,15.2800,-800.000012E-3,
,,,15.2900,-1.000,
,,,15.3000,2.0000,
,,,15.3100,0.0,
,,,15.3200,1.000,
,,,15.3300,-2.0000,
,,,15.3400,2.80000,
,,,15.3500,0.0,
,,,15.3600,200.00000E-3,
,,,15.3700,-2.0000,
,,,15.3800,2.80000,
,,,15.3900,-1.000,
,,,15.4000,-1.000,
,,,15.4100,-1.4000,
,,,15.4200,3.40000,
,,,15.4300,1.000,
,,,15.4400,2.0000,
,,,15.4500,-2.2000,
,,,15.4600,3.20000,
,,,15.4700,1.8000,
,,,15.4800,1.2000,
,,,15.4900,-2.6000,
,,,15.5000,2.6000,
,,,15.5100,1.8000,
,,,15.5200,600.000024E-3,
,,,15.5300,-400.00001E-3,
,,,15.5400,2.0000,
,,,15.5500,-1.2000,
,,,15.5600,-800.000012E-3,
,,,15.5700,-1.2000,
,,,15.5800,3.00000,
,,,15.5900,400.00001E-3,
,,,15.6000,2.2000,
,,,15.6100,-3.00000,
,,,15.6200,2.80000,
,,,15.6300,1.000,
,,,15.6400,1.000,
,,,15.6500,-3.40000,
,,,15.6600,2.6000,
,,,15.6700,1.4000,
,,,15.6800,1.4000,
,,,15.6900,-2.4000,
,,,15.7000,2.80000,
,,,15.7100,800.000012E-3,
,,,15.7200,-1.4000,
,,,15.7300,-1.2000,
,,,15.7400,3.20000,
,,,15.7500,-1.2000,
,,,15.7600,0.0,
,,,15.7700,-800.000012E-3,
,,,15.7800,3.40000,
,,,15.7900,-1.6000,
,,,15.8000,0.0,
,,,15.8100,200.00000E-3,
,,,15.8200,3.20000,
,,,15.8300,-1.000,
,,,15.8400,-400.00001E-3,
,,,15.8500,-400.00001E-3,
,,,15.8600,3.60000,
,,,15.8700,-400.00001E-3,
,,,15.8800,200.00000E-3,
,,,15.8900,-400.00001E-3,
,,,15.9000,3.20000,
,,,15.9100,-3.40000,
,,,15.9200,-2.80000,
,,,15.9300,-1.4000,
,,,15.9400,4.80000,
,,,15.9500,600.000024E-3,
,,,15.9600,400.00001E-3,
,,,15.9700,800.000012E-3,
,,,15.9800,3.40000,
,,,15.9900,0.0,
,,,16.0000,0.0,
,,,16.0100,-200.00000E-3,
,,,16.0200,2.4000,
,,,16.0300,-200.00000E-3,
,,,16.0400,800.000012E-3,
,,,16.0500,-600.000024E-3,
,,,16.0600,2.4000,
,,,16.0700,-600.000024E-3,
,,,16.0800,600.000024E-3,
,,,16.0900,1.2000,
,,,16.1000,2.2000,
,,,16.1100,600.000024E-3,
,,,16.1200,-200.00000E-3,
,,,16.1300,-200.00000E-3,
,,,16.1400,2.0000,
,,,16.1500,-600.000024E-3,
,,,16.1600,200.00000E-3,
,,,16.1700,200.00000E-3,
,,,16.1800,1.8000,
,,,16.1900,-600.000024E-3,
,,,16.2000,-200.00000E-3,
,,,16.2100,0.0,
,,,16.2200,2.0000,
,,,16.2300,1.6000,
,,,16.2400,-600.000024E-3,
,,,16.2500,-600.000024E-3,
,,,16.2600,2.0000,
,,,16.2700,-200.00000E-3,
,,,16.2800,-200.00000E-3,
,,,16.2900,0.0,
,,,16.3000,2.0000,
,,,16.3100,-200.00000E-3,
,,,16.3200,400.00001E-3,
,,,16.3300,200.00000E-3,
,,,16.3400,1.6000,
,,,16.3500,800.000012E-3,
,,,16.3600,-800.000012E-3,
,,,16.3700,-600.000024E-3,
,,,16.3800,1.8000,
,,,16.3900,0.0,
,,,16.4000,800.000012E-3,
,,,16.4100,-200.00000E-3,
,,,16.4200,1.2000,
,,,16.4300,200.00000E-3,
,,,16.4400,800.000012E-3,
,,,16.4500,0.0,
,,,16.4600,1.4000,
,,,16.4700,0.0,
,,,16.4800,-400.00001E-3,
,,,16.4900,0.0,
,,,16.5000,1.4000,
,,,16.5100,600.000024E-3,
,,,16.5200,-200.00000E-3,
,,,16.5300,-200.00000E-3,
,,,16.5400,1.4000,
,,,16.5500,-200.00000E-3,
,,,16.5600,-400.00001E-3,
,,,16.5700,0.0,
,,,16.5800,1.8000,
,,,16.5900,-800.000012E-3,
,,,16.6000,1.2000,
,,,16.6100,-400.00001E-3,
,,,16.6200,1.8000,
,,,16.6300,400.00001E-3,
,,,16.6400,1.000,
,,,16.6500,-800.000012E-3,
,,,16.6600,1.4000,
,,,16.6700,400.00001E-3,
,,,16.6800,0.0,
,,,16.6900,-600.000024E-3,
,,,16.7000,1.6000,
,,,16.7100,-600.000024E-3,
,,,16.7200,-400.00001E-3,
,,,16.7300,-200.00000E-3,
,,,16.7400,2.0000,
,,,16.7500,800.000012E-3,
,,,16.7600,600.000024E-3,
,,,16.7700,-400.00001E-3,
,,,16.7800,1.6000,
,,,16.7900,1.000,
,,,16.8000,1.4000,
,,,16.8100,-3.00000,
,,,16.8200,2.2000,
,,,16.8300,-1.000,
,,,16.8400,-1.8000,
,,,16.8500,-1.4000,
,,,16.8600,3.20000,
,,,16.8700,-1.2000,
,,,16.8800,-1.000,
,,,16.8900,-600.000024E-3,
,,,16.9000,3.20000,
,,,16.9100,0.0,
,,,16.9200,1.8000,
,,,16.9300,-1.2000,
,,,16.9400,3.00000,
,,,16.9500,0.0,
,,,16.9600,0.0,
,,,16.9700,-1.000,
,,,16.9800,3.00000,
,,,16.9900,-200.00000E-3,
,,,17.0000,800.000012E-3,
,,,17.0100,-800.000012E-3,
,,,17.0200,2.4000,
,,,17.0300,0.0,
,,,17.0400,800.000012E-3,
,,,17.0500,-600.000024E-3,
,,,17.0600,2.4000,
,,,17.0700,800.000012E-3,
,,,17.0800,1.8000,
,,,17.0900,0.0,
,,,17.1000,1.6000,
,,,17.1100,1.8000,
,,,17.1200,1.4000,
,,,17.1300,600.000024E-3,
,,,17.1400,400.00001E-3,
,,,17.1500,1.6000,
,,,17.1600,600.000024E-3,
,,,17.1700,600.000024E-3,
,,,17.1800,-200.00000E-3,
,,,17.1900,200.00000E-3,
,,,17.2000,1.4000,
,,,17.2100,800.000012E-3,
,,,17.2200,-800.000012E-3,
,,,17.2300,2.4000,
,,,17.2400,600.000024E-3,
,,,17.2500,0.0,
,,,17.2600,-800.000012E-3,
,,,17.2700,600.000024E-3,
,,,17.2800,1.000,
,,,17.2900,-600.000024E-3,
,,,17.3000,-400.00001E-3,
,,,17.3100,0.0,
,,,17.3200,400.00001E-3,
,,,17.3300,-200.00000E-3,
,,,17.3400,400.00001E-3,
,,,17.3500,0.0,
,,,17.3600,400.00001E-3,
,,,17.3700,400.00001E-3,
,,,17.3800,400.00001E-3,
,,,17.3900,1.000,
,,,17.4000,800.000012E-3,
,,,17.4100,200.00000E-3,
,,,17.4200,400.00001E-3,
,,,17.4300,800.000012E-3,
,,,17.4400,400.00001E-3,
,,,17.4500,200.00000E-3,
,,,17.4600,200.00000E-3,
,,,17.4700,400.00001E-3,
,,,17.4800,-200.00000E-3,
,,,17.4900,-1.000,
,,,17.5000,600.000024E-3,
,,,17.5100,400.00001E-3,
,,,17.5200,0.0,
,,,17.5300,-600.000024E-3,
,,,17.5400,800.000012E-3,
,,,17.5500,-600.000024E-3,
,,,17.5600,200.00000E-3,
,,,17.5700,-600.000024E-3,
,,,17.5800,1.4000,
,,,17.5900,200.00000E-3,
,,,17.6000,600.000024E-3,
,,,17.6100,-400.00001E-3,
,,,17.6200,1.2000,
,,,17.6300,600.000024E-3,
,,,17.6400,400.00001E-3,
,,,17.6500,-200.00000E-3,
,,,17.6600,1.4000,
,,,17.6700,400.00001E-3,
,,,17.6800,600.000024E-3,
,,,17.6900,-200.00000E-3,
,,,17.7000,1.4000,
,,,17.7100,200.00000E-3,
,,,17.7200,800.000012E-3,
,,,17.7300,-200.00000E-3,
,,,17.7400,1.2000,
,,,17.7500,0.0,
,,,17.7600,200.00000E-3,
,,,17.7700,-200.00000E-3,
,,,17.7800,1.4000,
,,,17.7900,0.0,
,,,17.8000,400.00001E-3,
,,,17.8100,-600.000024E-3,
,,,17.8200,1.4000,
,,,17.8300,600.000024E-3,
,,,17.8400,200.00000E-3,
,,,17.8500,-800.000012E-3,
,,,17.8600,1.6000,
,,,17.8700,-400.00001E-3,
,,,17.8800,1.4000,
,,,17.8900,-1.000,
,,,17.9000,1.8000,
,,,17.9100,400.00001E-3,
,,,17.9200,400.00001E-3,
,,,17.9300,-400.00001E-3,
,,,17.9400,1.4000,
,,,17.9500,400.00001E-3,
,,,17.9600,-400.00001E-3,
,,,17.9700,-400.00001E-3,
,,,17.9800,2.0000,
,,,17.9900,1.000,
,,,18.0000,-600.000024E-3,
,,,18.0100,-600.000024E-3,
,,,18.0200,2.4000,
,,,18.0300,1.4000,
,,,18.0400,800.000012E-3,
,,,18.0500,-800.000012E-3,
,,,18.0600,1.8000,
,,,18.0700,600.000024E-3,
,,,18.0800,200.00000E-3,
,,,18.0900,-1.4000,
,,,18.1000,2.2000,
,,,18.1100,0.0,
,,,18.1200,600.000024E-3,
,,,18.1300,-800.000012E-3,
,,,18.1400,2.0000,
,,,18.1500,400.00001E-3,
,,,18.1600,800.000012E-3,
,,,18.1700,-1.8000,
,,,18.1800,2.4000,
,,,18.1900,1.000,
,,,18.2000,0.0,
,,,18.2100,-1.4000,
,,,18.2200,2.4000,
,,,18.2300,1.4000,
,,,18.2400,1.6000,
,,,18.2500,-2.2000,
,,,18.2600,2.0000,
,,,18.2700,-400.00001E-3,
,,,18.2800,-400.00001E-3,
,,,18.2900,-1.2000,
,,,18.3000,3.00000,
,,,18.3100,1.8000,
,,,18.3200,200.00000E-3,
,,,18.3300,-2.2000,
,,,18.3400,2.6000,
,,,18.3500,1.4000,
,,,18.3600,1.000,
,,,18.3700,-1.4000,
,,,18.3800,2.4000,
,,,18.3900,-400.00001E-3,
,,,18.4000,1.000,
,,,18.4100,-2.4000,
,,,18.4200,2.80000,
,,,18.4300,-800.000012E-3,
,,,18.4400,1.8000,
,,,18.4500,-2.2000,
,,,18.4600,2.80000,
,,,18.4700,1.2000,
,,,18.4800,200.00000E-3,
,,,18.4900,-1.6000,
,,,18.5000,2.80000,
,,,18.5100,-1.2000,
,,,18.5200,-600.000024E-3,
,,,18.5300,-1.6000,
,,,18.5400,3.40000,
,,,18.5500,-200.00000E-3,
,,,18.5600,1.4000,
,,,18.5700,-1.4000,
,,,18.5800,2.6000,
,,,18.5900,400.00001E-3,
,,,18.6000,400.00001E-3,
,,,18.6100,-2.0000,
,,,18.6200,3.20000,
,,,18.6300,2.6000,
,,,18.6400,1.000,
,,,18.6500,-2.2000,
,,,18.6600,2.4000,
,,,18.6700,-200.00000E-3,
,,,18.6800,800.000012E-3,
,,,18.6900,-1.000,
,,,18.7000,2.80000,
,,,18.7100,1.000,
,,,18.7200,800.000012E-3,
,,,18.7300,-1.4000,
,,,18.7400,2.6000,
,,,18.7500,1.6000,
,,,18.7600,1.8000,
,,,18.7700,-2.4000,
,,,18.7800,2.4000,
,,,18.7900,-600.000024E-3,
,,,18.8000,-400.00001E-3,
,,,18.8100,-1.6000,
,,,18.8200,2.80000,
,,,18.8300,2.4000,
,,,18.8400,1.8000,
,,,18.8500,-2.4000,
,,,18.8600,2.4000,
,,,18.8700,-1.8000,
,,,18.8800,-1.2000,
,,,18.8900,-1.000,
,,,18.9000,3.60000,
,,,18.9100,1.6000,
,,,18.9200,1.8000,
,,,18.9300,-2.80000,
,,,18.9400,2.4000,
,,,18.9500,800.000012E-3,
,,,18.9600,200.00000E-3,
,,,18.9700,-1.4000,
,,,18.9800,2.6000,
,,,18.9900,1.000,
,,,19.0000,0.0,
,,,19.0100,-1.4000,
,,,19.0200,2.6000,
,,,19.0300,1.2000,
,,,19.0400,1.4000,
,,,19.0500,-2.2000,
,,,19.0600,2.2000,
,,,19.0700,-400.00001E-3,
,,,19.0800,0.0,
,,,19.0900,-1.6000,
,,,19.1000,2.80000,
,,,19.1100,-400.00001E-3,
,,,19.1200,400.00001E-3,
,,,19.1300,-400.00001E-3,
,,,19.1400,2.80000,
,,,19.1500,-1.000,
,,,19.1600,800.000012E-3,
,,,19.1700,-1.000,
,,,19.1800,2.4000,
,,,19.1900,600.000024E-3,
,,,19.2000,2.0000,
,,,19.2100,-1.4000,
,,,19.2200,2.4000,
,,,19.2300,1.4000,
,,,19.2400,600.000024E-3,
,,,19.2500,-1.6000,
,,,19.2600,2.0000,
,,,19.2700,200.00000E-3,
,,,19.2800,1.000,
,,,19.2900,-1.4000,
,,,19.3000,2.2000,
,,,19.3100,400.00001E-3,
,,,19.3200,200.00000E-3,
,,,19.3300,-200.00000E-3,
,,,19.3400,2.2000,
,,,19.3500,600.000024E-3,
,,,19.3600,800.000012E-3,
,,,19.3700,-2.0000,
,,,19.3800,1.8000,
,,,19.3900,800.000012E-3,
,,,19.4000,400.00001E-3,
,,,19.4100,-1.000,
,,,19.4200,2.0000,
,,,19.4300,400.00001E-3,
,,,19.4400,600.000024E-3,
,,,19.4500,-800.000012E-3,
,,,19.4600,2.4000,
,,,19.4700,1.000,
,,,19.4800,0.0,
,,,19.4900,-1.000,
,,,19.5000,2.2000,
,,,19.5100,600.000024E-3,
,,,19.5200,-200.00000E-3,
,,,19.5300,0.0,
,,,19.5400,2.0000,
,,,19.5500,400.00001E-3,
,,,19.5600,1.000,
,,,19.5700,-1.4000,
,,,19.5800,1.8000,
,,,19.5900,400.00001E-3,
,,,19.6000,0.0,
,,,19.6100,-1.000,
,,,19.6200,2.2000,
,,,19.6300,1.000,
,,,19.6400,800.000012E-3,
,,,19.6500,-1.2000,
,,,19.6600,1.6000,
,,,19.6700,-800.000012E-3,
,,,19.6800,800.000012E-3,
,,,19.6900,-200.00000E-3,
,,,19.7000,2.0000,
,,,19.7100,600.000024E-3,
,,,19.7200,800.000012E-3,
,,,19.7300,-800.000012E-3,
,,,19.7400,1.4000,
,,,19.7500,1.2000,
,,,19.7600,800.000012E-3,
,,,19.7700,-600.000024E-3,
,,,19.7800,1.2000,
,,,19.7900,-800.000012E-3,
,,,19.8000,400.00001E-3,
,,,19.8100,200.00000E-3,
,,,19.8200,1.6000,
,,,19.8300,1.2000,
,,,19.8400,1.000,
,,,19.8500,0.0,
,,,19.8600,1.000,
,,,19.8700,600.000024E-3,
,,,19.8800,600.000024E-3,
,,,19.8900,-200.00000E-3,
,,,19.9000,800.000012E-3,
,,,19.9100,0.0,
,,,19.9200,200.00000E-3,
,,,19.9300,200.00000E-3,
,,,19.9400,1.2000,
,,,19.9500,200.00000E-3,
,,,19.9600,1.000,
,,,19.9700,0.0,
,,,19.9800,1.000,
,,,19.9900,800.000012E-3,
,,,20.0000,400.00001E-3,
,,,20.0100,0.0,
,,,20.0200,600.000024E-3,
,,,20.0300,600.000024E-3,
,,,20.0400,400.00001E-3,
,,,20.0500,0.0,
,,,20.0600,600.000024E-3,
,,,20.0700,600.000024E-3,
,,,20.0800,600.000024E-3,
,,,20.09000,-200.00000E-3,
,,,20.10000,600.000024E-3,
,,,20.11000,600.000024E-3,
,,,20.12000,1.2000,
,,,20.13000,-600.000024E-3,
,,,20.14000,400.00001E-3,
,,,20.15000,400.00001E-3,
,,,20.16000,600.000024E-3,
,,,20.17000,-400.00001E-3,
,,,20.18000,800.000012E-3,
,,,20.19000,1.2000,
,,,20.20000,1.000,
,,,20.21000,400.00001E-3,
,,,20.22000,400.00001E-3,
,,,20.23000,800.000012E-3,
,,,20.24000,1.2000,
,,,20.25000,-800.000012E-3,
,,,20.26000,200.00000E-3,
,,,20.27000,600.000024E-3,
,,,20.28000,0.0,
,,,20.29000,-400.00001E-3,
,,,20.30000,800.000012E-3,
,,,20.31000,800.000012E-3,
,,,20.32000,1.2000,
,,,20.33000,-400.00001E-3,
,,,20.34000,600.000024E-3,
,,,20.35000,800.000012E-3,
,,,20.36000,-400.00001E-3,
,,,20.37000,200.00000E-3,
,,,20.38000,600.000024E-3,
,,,20.39000,600.000024E-3,
,,,20.40000,2.0000,
,,,20.41000,-600.000024E-3,
,,,20.42000,200.00000E-3,
,,,20.43000,200.00000E-3,
,,,20.44000,400.00001E-3,
,,,20.45000,-200.00000E-3,
,,,20.46000,600.000024E-3,
,,,20.47000,200.00000E-3,
,,,20.48000,0.0,
,,,20.49000,0.0,
,,,20.50000,600.000024E-3,
,,,20.51000,400.00001E-3,
,,,20.52000,1.4000,
,,,20.53000,800.000012E-3,
,,,20.54000,200.00000E-3,
,,,20.55000,400.00001E-3,
,,,20.56000,200.00000E-3,
,,,20.57000,0.0,
,,,20.58000,200.00000E-3,
,,,20.59000,200.00000E-3,
,,,20.60000,400.00001E-3,
,,,20.61000,0.0,
,,,20.62000,600.000024E-3,
,,,20.63000,1.2000,
,,,20.64000,1.000,
,,,20.65000,-400.00001E-3,
,,,20.66000,400.00001E-3,
,,,20.67000,600.000024E-3,
,,,20.68000,400.00001E-3,
,,,20.69000,0.0,
,,,20.70000,600.000024E-3,
,,,20.71000,200.00000E-3,
,,,20.72000,1.000,
,,,20.73000,-600.000024E-3,
,,,20.74000,800.000012E-3,
,,,20.75000,400.00001E-3,
,,,20.76000,0.0,
,,,20.77000,-200.00000E-3,
,,,20.78000,1.000,
,,,20.79000,400.00001E-3,
,,,20.80000,200.00000E-3,
,,,20.81000,-200.00000E-3,
,,,20.82000,800.000012E-3,
,,,20.83000,600.000024E-3,
,,,20.84000,1.000,
,,,20.85000,0.0,
,,,20.86000,600.000024E-3,
,,,20.87000,600.000024E-3,
,,,20.88000,800.000012E-3,
,,,20.89000,-200.00000E-3,
,,,20.90000,800.000012E-3,
,,,20.91000,400.00001E-3,
,,,20.92000,0.0,
,,,20.93000,200.00000E-3,
,,,20.94000,600.000024E-3,
,,,20.95000,400.00001E-3,
,,,20.96000,200.00000E-3,
,,,20.97000,0.0,
,,,20.98000,600.000024E-3,
,,,20.99000,600.000024E-3,
,,,21.00000,600.000024E-3,
,,,21.01000,0.0,
,,,21.02000,800.000012E-3,
,,,21.03000,400.00001E-3,
,,,21.04000,800.000012E-3,
,,,21.05000,0.0,
,,,21.06000,800.000012E-3,
,,,21.07000,600.000024E-3,
,,,21.08000,600.000024E-3,
,,,21.09000,-200.00000E-3,
,,,21.10000,800.000012E-3,
,,,21.11000,200.00000E-3,
,,,21.12000,600.000024E-3,
,,,21.13000,-200.00000E-3,
,,,21.14000,600.000024E-3,
,,,21.15000,600.000024E-3,
,,,21.16000,800.000012E-3,
,,,21.17000,1.2000,
,,,21.18000,600.000024E-3,
,,,21.19000,800.000012E-3,
,,,21.20000,1.2000,
,,,21.21000,200.00000E-3,
,,,21.22000,200.00000E-3,
,,,21.23000,200.00000E-3,
,,,21.24000,200.00000E-3,
,,,21.25000,-200.00000E-3,
,,,21.26000,400.00001E-3,
,,,21.27000,600.000024E-3,
,,,21.28000,600.000024E-3,
,,,21.29000,0.0,
,,,21.30000,600.000024E-3,
,,,21.31000,800.000012E-3,
,,,21.32000,400.00001E-3,
,,,21.33000,-400.00001E-3,
,,,21.34000,600.000024E-3,
,,,21.35000,400.00001E-3,
,,,21.36000,0.0,
,,,21.37000,0.0,
,,,21.38000,1.000,
,,,21.39000,200.00000E-3,
,,,21.40000,600.000024E-3,
,,,21.41000,-400.00001E-3,
,,,21.42000,600.000024E-3,
,,,21.43000,600.000024E-3,
,,,21.44000,1.000,
,,,21.45000,-600.000024E-3,
,,,21.46000,800.000012E-3,
,,,21.47000,200.00000E-3,
,,,21.48000,600.000024E-3,
,,,21.49000,600.000024E-3,
,,,21.50000,600.000024E-3,
,,,21.51000,800.000012E-3,
,,,21.52000,600.000024E-3,
,,,21.53000,-600.000024E-3,
,,,21.54000,600.000024E-3,
,,,21.55000,200.00000E-3,
,,,21.56000,400.00001E-3,
,,,21.57000,-200.00000E-3,
,,,21.58000,600.000024E-3,
,,,21.59000,1.000,
,,,21.60000,600.000024E-3,
,,,21.61000,-200.00000E-3,
,,,21.62000,800.000012E-3,
,,,21.63000,1.000,
,,,21.64000,1.000,
,,,21.65000,400.00001E-3,
,,,21.66000,200.00000E-3,
,,,21.67000,1.000,
,,,21.68000,400.00001E-3,
,,,21.69000,200.00000E-3,
,,,21.70000,200.00000E-3,
,,,21.71000,200.00000E-3,
,,,21.72000,0.0,
,,,21.73000,600.000024E-3,
,,,21.74000,400.00001E-3,
,,,21.75000,600.000024E-3,
,,,21.76000,600.000024E-3,
,,,21.77000,200.00000E-3,
,,,21.78000,600.000024E-3,
,,,21.79000,200.00000E-3,
,,,21.80000,-400.00001E-3,
,,,21.81000,-200.00000E-3,
,,,21.82000,1.000,
,,,21.83000,200.00000E-3,
,,,21.84000,800.000012E-3,
,,,21.85000,-600.000024E-3,
,,,21.86000,1.000,
,,,21.87000,600.000024E-3,
,,,21.88000,600.000024E-3,
,,,21.89000,-600.000024E-3,
,,,21.90000,800.000012E-3,
,,,21.91000,400.00001E-3,
,,,21.92000,1.2000,
,,,21.93000,-400.00001E-3,
,,,21.94000,1.000,
,,,21.95000,400.00001E-3,
,,,21.96000,200.00000E-3,
,,,21.97000,-200.00000E-3,
,,,21.98000,800.000012E-3,
,,,21.99000,1.000,
,,,22.00000,1.2000,
,,,22.01000,-600.000024E-3,
,,,22.02000,1.000,
,,,22.03000,200.00000E-3,
,,,22.04000,-400.00001E-3,
,,,22.05000,-600.000024E-3,
,,,22.06000,1.2000,
,,,22.07000,1.000,
,,,22.08000,800.000012E-3,
,,,22.09000,-800.000012E-3,
,,,22.10000,1.000,
,,,22.11000,0.0,
,,,22.12000,200.00000E-3,
,,,22.13000,-400.00001E-3,
,,,22.14000,1.2000,
,,,22.15000,800.000012E-3,
,,,22.16000,800.000012E-3,
,,,22.17000,-200.00000E-3,
,,,22.18000,1.000,
,,,22.19000,400.00001E-3,
,,,22.20000,200.00000E-3,
,,,22.21000,400.00001E-3,
,,,22.22000,400.00001E-3,
,,,22.23000,200.00000E-3,
,,,22.24000,200.00000E-3,
,,,22.25000,0.0,
,,,22.26000,1.000,
,,,22.27000,400.00001E-3,
,,,22.28000,800.000012E-3,
,,,22.29000,200.00000E-3,
,,,22.30000,800.000012E-3,
,,,22.31000,600.000024E-3,
,,,22.32000,1.6000,
,,,22.33000,-400.00001E-3,
,,,22.34000,600.000024E-3,
,,,22.35000,200.00000E-3,
,,,22.36000,1.2000,
,,,22.37000,-400.00001E-3,
,,,22.38000,600.000024E-3,
,,,22.39000,800.000012E-3,
,,,22.40000,200.00000E-3,
,,,22.41000,-400.00001E-3,
,,,22.42000,800.000012E-3,
,,,22.43000,600.000024E-3,
,,,22.44000,200.00000E-3,
,,,22.45000,-400.00001E-3,
,,,22.46000,1.2000,
,,,22.47000,0.0,
,,,22.48000,-25.60000,
,,,22.49000,-25.60000,
,,,22.50000,-25.60000,
,,,22.51000,-25.60000,
,,,22.52000,-25.60000,
,,,22.53000,-25.60000,
,,,22.54000,-25.60000,
,,,22.55000,-25.60000,
,,,22.56000,-25.60000,
,,,22.57000,-25.60000,
,,,22.58000,-25.60000,
,,,22.59000,-25.60000,
,,,22.60000,-25.60000,
,,,22.61000,-25.60000,
,,,22.62000,-25.60000,
,,,22.63000,-25.60000,
,,,22.64000,-25.60000,
,,,22.65000,-25.60000,
,,,22.66000,-25.60000,
,,,22.67000,-25.60000,
,,,22.68000,-25.60000,
,,,22.69000,-25.60000,
,,,22.70000,-25.60000,
,,,22.71000,-25.60000,
,,,22.72000,-25.60000,
,,,22.73000,-25.60000,
,,,22.74000,-25.60000,
,,,22.75000,-25.60000,
,,,22.76000,-25.60000,
,,,22.77000,-25.60000,
,,,22.78000,-25.60000,
,,,22.79000,-25.60000,
,,,22.80000,-25.60000,
,,,22.81000,-25.60000,
,,,22.82000,-25.60000,
,,,22.83000,-25.60000,
,,,22.84000,-25.60000,
,,,22.85000,-25.60000,
,,,22.86000,-25.60000,
,,,22.87000,-25.60000,
,,,22.88000,-25.60000,
,,,22.89000,-25.60000,
,,,22.90000,-25.60000,
,,,22.91000,-25.60000,
,,,22.92000,-25.60000,
,,,22.93000,-25.60000,
,,,22.94000,-25.60000,
,,,22.95000,-25.60000,
,,,22.96000,-25.60000,
,,,22.97000,-25.60000,
,,,22.98000,-25.60000,
,,,22.99000,-25.60000,
,,,23.00000,-25.60000,
,,,23.01000,-25.60000,
,,,23.02000,-25.60000,
,,,23.03000,-25.60000,
,,,23.04000,-25.60000,
,,,23.05000,-25.60000,
,,,23.06000,-25.60000,
,,,23.07000,-25.60000,
,,,23.08000,-25.60000,
,,,23.09000,-25.60000,
,,,23.10000,-25.60000,
,,,23.11000,-25.60000,
,,,23.12000,-25.60000,
,,,23.13000,-25.60000,
,,,23.14000,-25.60000,
,,,23.15000,-25.60000,
,,,23.16000,-25.60000,
,,,23.17000,-25.60000,
,,,23.18000,-25.60000,
,,,23.19000,-25.60000,
,,,23.20000,-25.60000,
,,,23.21000,-25.60000,
,,,23.22000,-25.60000,
,,,23.23000,-25.60000,
,,,23.24000,-25.60000,
,,,23.25000,-25.60000,
,,,23.26000,-25.60000,
,,,23.27000,-25.60000,
,,,23.28000,-25.60000,
,,,23.29000,-25.60000,
,,,23.30000,-25.60000,
,,,23.31000,-25.60000,
,,,23.32000,-25.60000,
,,,23.33000,-25.60000,
,,,23.34000,-25.60000,
,,,23.35000,-25.60000,
,,,23.36000,-25.60000,
,,,23.37000,-25.60000,
,,,23.38000,-25.60000,
,,,23.39000,-25.60000,
,,,23.40000,-25.60000,
,,,23.41000,-25.60000,
,,,23.42000,-25.60000,
,,,23.43000,-25.60000,
,,,23.44000,-25.60000,
,,,23.45000,-25.60000,
,,,23.46000,-25.60000,
,,,23.47000,-25.60000,
,,,23.48000,-25.60000,
,,,23.49000,-25.60000,
,,,23.50000,-25.60000,
,,,23.51000,-25.60000,
,,,23.52000,-25.60000,
,,,23.53000,-25.60000,
,,,23.54000,-25.60000,
,,,23.55000,-25.60000,
,,,23.56000,-25.60000,
,,,23.57000,-25.60000,
,,,23.58000,-25.60000,
,,,23.59000,-25.60000,
,,,23.60000,-25.60000,
,,,23.61000,-25.60000,
,,,23.62000,-25.60000,
,,,23.63000,-25.60000,
,,,23.64000,-25.60000,
,,,23.65000,-25.60000,
,,,23.66000,-25.60000,
,,,23.67000,-25.60000,
,,,23.68000,-25.60000,
,,,23.69000,-25.60000,
,,,23.70000,-25.60000,
,,,23.71000,-25.60000,
,,,23.72000,-25.60000,
,,,23.73000,-25.60000,
,,,23.74000,-25.60000,
,,,23.75000,-25.60000,
,,,23.76000,-25.60000,
,,,23.77000,-25.60000,
,,,23.78000,-25.60000,
,,,23.79000,-25.60000,
,,,23.80000,-25.60000,
,,,23.81000,-25.60000,
,,,23.82000,-25.60000,
,,,23.83000,-25.60000,
,,,23.84000,-25.60000,
,,,23.85000,-25.60000,
,,,23.86000,-25.60000,
,,,23.87000,-25.60000,
,,,23.88000,-25.60000,
,,,23.89000,-25.60000,
,,,23.90000,-25.60000,
,,,23.91000,-25.60000,
,,,23.92000,-25.60000,
,,,23.93000,-25.60000,
,,,23.94000,-25.60000,
,,,23.95000,-25.60000,
,,,23.96000,-25.60000,
,,,23.97000,-25.60000,
,,,23.98000,-25.60000,
,,,23.99000,-25.60000,
,,,24.00000,-25.60000,
,,,24.01000,-25.60000,
,,,24.02000,-25.60000,
,,,24.03000,-25.60000,
,,,24.04000,-25.60000,
,,,24.05000,-25.60000,
,,,24.06000,-25.60000,
,,,24.07000,-25.60000,
,,,24.08000,-25.60000,
,,,24.09000,-25.60000,
,,,24.10000,-25.60000,
,,,24.11000,-25.60000,
,,,24.12000,-25.60000,
,,,24.13000,-25.60000,
,,,24.14000,-25.60000,
,,,24.15000,-25.60000,
,,,24.16000,-25.60000,
,,,24.17000,-25.60000,
,,,24.18000,-25.60000,
,,,24.19000,-25.60000,
,,,24.20000,-25.60000,
,,,24.21000,-25.60000,
,,,24.22000,-25.60000,
,,,24.23000,-25.60000,
,,,24.24000,-25.60000,
,,,24.25000,-25.60000,
,,,24.26000,-25.60000,
,,,24.27000,-25.60000,
,,,24.28000,-25.60000,
,,,24.29000,-25.60000,
,,,24.30000,-25.60000,
,,,24.31000,-25.60000,
,,,24.32000,-25.60000,
,,,24.33000,-25.60000,
,,,24.34000,-25.60000,
,,,24.35000,-25.60000,
,,,24.36000,-25.60000,
,,,24.37000,-25.60000,
,,,24.38000,-25.60000,
,,,24.39000,-25.60000,
,,,24.40000,-25.60000,
,,,24.41000,-25.60000,
,,,24.42000,-25.60000,
,,,24.43000,-25.60000,
,,,24.44000,-25.60000,
,,,24.45000,-25.60000,
,,,24.46000,-25.60000,
,,,24.47000,-25.60000,
,,,24.48000,-25.60000,
,,,24.49000,-25.60000,
,,,24.50000,-25.60000,
,,,24.51000,-25.60000,
,,,24.52000,-25.60000,
,,,24.53000,-25.60000,
,,,24.54000,-25.60000,
,,,24.55000,-25.60000,
,,,24.56000,-25.60000,
,,,24.57000,-25.60000,
,,,24.58000,-25.60000,
,,,24.59000,-25.60000,
,,,24.60000,-25.60000,
,,,24.61000,-25.60000,
,,,24.62000,-25.60000,
,,,24.63000,-25.60000,
,,,24.64000,-25.60000,
,,,24.65000,-25.60000,
,,,24.66000,-25.60000,
,,,24.67000,-25.60000,
,,,24.68000,-25.60000,
,,,24.69000,-25.60000,
,,,24.70000,-25.60000,
,,,24.71000,-25.60000,
,,,24.72000,-25.60000,
,,,24.73000,-25.60000,
,,,24.74000,-25.60000,
,,,24.75000,-25.60000,
,,,24.76000,-25.60000,
,,,24.77000,-25.60000,
,,,24.78000,-25.60000,
,,,24.79000,-25.60000,
,,,24.80000,-25.60000,
,,,24.81000,-25.60000,
,,,24.82000,-25.60000,
,,,24.83000,-25.60000,
,,,24.84000,-25.60000,
,,,24.85000,-25.60000,
,,,24.86000,-25.60000,
,,,24.87000,-25.60000,
,,,24.88000,-25.60000,
,,,24.89000,-25.60000,
,,,24.90000,-25.60000,
,,,24.91000,-25.60000,
,,,24.92000,-25.60000,
,,,24.93000,-25.60000,
,,,24.94000,-25.60000,
,,,24.95000,-25.60000,
,,,24.96000,-25.60000,
,,,24.97000,-25.60000,
,,,24.98000,2.4000,
,,,24.99000,-1.000,
