Record Length,2500,Points,0.0,384.00000E-3,
Sample Interval,10.00000E-3,s,10.00000E-3,344.00001E-3,
Trigger Point,0.0,Samples,20.0000E-3,392.00002E-3,
,,,30.00000E-3,336.00003E-3,
,,,40.00000E-3,424.000025E-3,
,,,50.00000E-3,344.00001E-3,
Source,CH1,,59.999999E-3,360.00001E-3,
Vertical Units,Volts,,70.000000E-3,392.00002E-3,
Vertical Scale,204.78126E-3,,79.999998E-3,320.00002E-3,
Vertical Offset,0,,89.999996E-3,400.00001E-3,
Horizontal Units,s,,99.999994E-3,352.00003E-3,
Horizontal Scale,2.5000,,110.0000E-3,368.00003E-3,
Pt Fmt,Y,,120.0000E-3,392.00002E-3,
Yzero,0.0,,130.0000E-3,352.00003E-3,
Probe Atten,10.0000,,140.0000E-3,416.000009E-3,
,,,149.99999E-3,352.00003E-3,
Note,TDS 2012 - 3:15:07 PM   4/26/2022,,160.00000E-3,384.00000E-3,
,,,170.00000E-3,368.00003E-3,
,,,179.99999E-3,336.00003E-3,
,,,190.00000E-3,424.000025E-3,
,,,199.99999E-3,352.00003E-3,
,,,209.99999E-3,376.00002E-3,
,,,220.00000E-3,400.00001E-3,
,,,229.99999E-3,336.00003E-3,
,,,239.99999E-3,408.000022E-3,
,,,250.00000E-3,360.00001E-3,
,,,259.99999E-3,376.00002E-3,
,,,269.99998E-3,424.000025E-3,
,,,280.00000E-3,344.00001E-3,
,,,289.99999E-3,400.00001E-3,
,,,299.99998E-3,352.00003E-3,
,,,310.00000E-3,352.00003E-3,
,,,319.99999E-3,384.00000E-3,
,,,329.99998E-3,352.00003E-3,
,,,340.00000E-3,400.00001E-3,
,,,349.99999E-3,360.00001E-3,
,,,359.99998E-3,360.00001E-3,
,,,370.00000E-3,392.00002E-3,
,,,380.00000E-3,328.00001E-3,
,,,389.99999E-3,416.000009E-3,
,,,399.99998E-3,328.00001E-3,
,,,409.999996E-3,360.00001E-3,
,,,419.999987E-3,384.00000E-3,
,,,429.999977E-3,328.00001E-3,
,,,439.999998E-3,408.000022E-3,
,,,449.999988E-3,352.00003E-3,
,,,459.999979E-3,360.00001E-3,
,,,469.999999E-3,400.00001E-3,
,,,479.999989E-3,360.00001E-3,
,,,489.999980E-3,408.000022E-3,
,,,500.000000E-3,344.00001E-3,
,,,509.999990E-3,368.00003E-3,
,,,519.999981E-3,384.00000E-3,
,,,529.999971E-3,344.00001E-3,
,,,539.999962E-3,416.000009E-3,
,,,550.000012E-3,352.00003E-3,
,,,560.000002E-3,360.00001E-3,
,,,569.999993E-3,392.00002E-3,
,,,579.999983E-3,344.00001E-3,
,,,589.999974E-3,400.00001E-3,
,,,599.999964E-3,360.00001E-3,
,,,610.000014E-3,360.00001E-3,
,,,620.000005E-3,400.00001E-3,
,,,629.999995E-3,328.00001E-3,
,,,639.999986E-3,400.00001E-3,
,,,649.999976E-3,368.00003E-3,
,,,659.999967E-3,400.00001E-3,
,,,669.999957E-3,392.00002E-3,
,,,680.000007E-3,320.00002E-3,
,,,689.999998E-3,408.000022E-3,
,,,699.999988E-3,344.00001E-3,
,,,709.999979E-3,368.00003E-3,
,,,719.999969E-3,408.000022E-3,
,,,729.999959E-3,320.00002E-3,
,,,740.000010E-3,408.000022E-3,
,,,750.000000E-3,360.00001E-3,
,,,759.999990E-3,384.00000E-3,
,,,769.999981E-3,416.000009E-3,
,,,779.999971E-3,336.00003E-3,
,,,789.999962E-3,392.00002E-3,
,,,799.999952E-3,336.00003E-3,
,,,810.000002E-3,376.00002E-3,
,,,819.999993E-3,384.00000E-3,
,,,829.999983E-3,320.00002E-3,
,,,839.999974E-3,400.00001E-3,
,,,849.999964E-3,344.00001E-3,
,,,859.999955E-3,360.00001E-3,
,,,870.000005E-3,384.00000E-3,
,,,879.999995E-3,328.00001E-3,
,,,889.999986E-3,392.00002E-3,
,,,899.999976E-3,368.00003E-3,
,,,909.999967E-3,368.00003E-3,
,,,919.999957E-3,400.00001E-3,
,,,930.000007E-3,336.00003E-3,
,,,939.999998E-3,408.000022E-3,
,,,949.999988E-3,352.00003E-3,
,,,959.999979E-3,360.00001E-3,
,,,969.999969E-3,384.00000E-3,
,,,979.999959E-3,336.00003E-3,
,,,989.999950E-3,424.000025E-3,
,,,1.000,360.00001E-3,
,,,1.0100,368.00003E-3,
,,,1.0200,424.000025E-3,
,,,1.0300,344.00001E-3,
,,,1.0400,416.000009E-3,
,,,1.0500,352.00003E-3,
,,,1.0600,360.00001E-3,
,,,1.0700,392.00002E-3,
,,,1.0800,376.00002E-3,
,,,1.0900,400.00001E-3,
,,,1.1000,336.00003E-3,
,,,1.1100,328.00001E-3,
,,,1.1200,384.00000E-3,
,,,1.1300,336.00003E-3,
,,,1.1400,400.00001E-3,
,,,1.1500,336.00003E-3,
,,,1.1600,360.00001E-3,
,,,1.1700,392.00002E-3,
,,,1.1800,360.00001E-3,
,,,1.1900,408.000022E-3,
,,,1.2000,344.00001E-3,
,,,1.2100,384.00000E-3,
,,,1.2200,360.00001E-3,
,,,1.2300,344.00001E-3,
,,,1.2400,400.00001E-3,
,,,1.2500,344.00001E-3,
,,,1.2600,376.00002E-3,
,,,1.2700,392.00002E-3,
,,,1.2800,336.00003E-3,
,,,1.2900,408.000022E-3,
,,,1.3000,360.00001E-3,
,,,1.3100,360.00001E-3,
,,,1.3200,400.00001E-3,
,,,1.3300,352.00003E-3,
,,,1.3400,424.000025E-3,
,,,1.3500,352.00003E-3,
,,,1.3600,368.00003E-3,
,,,1.3700,400.00001E-3,
,,,1.3800,344.00001E-3,
,,,1.3900,416.000009E-3,
,,,1.4000,344.00001E-3,
,,,1.4100,392.00002E-3,
,,,1.4200,384.00000E-3,
,,,1.4300,360.00001E-3,
,,,1.4400,432.000011E-3,
,,,1.4500,368.00003E-3,
,,,1.4600,368.00003E-3,
,,,1.4700,400.00001E-3,
,,,1.4800,320.00002E-3,
,,,1.4900,392.00002E-3,
,,,1.5000,352.00003E-3,
,,,1.5100,360.00001E-3,
,,,1.5200,400.00001E-3,
,,,1.5300,336.00003E-3,
,,,1.5400,408.000022E-3,
,,,1.5500,344.00001E-3,
,,,1.5600,376.00002E-3,
,,,1.5700,384.00000E-3,
,,,1.5800,352.00003E-3,
,,,1.5900,392.00002E-3,
,,,1.6000,360.00001E-3,
,,,1.6100,368.00003E-3,
,,,1.6200,384.00000E-3,
,,,1.6300,344.00001E-3,
,,,1.6400,400.00001E-3,
,,,1.6500,360.00001E-3,
,,,1.6600,384.00000E-3,
,,,1.6700,376.00002E-3,
,,,1.6800,336.00003E-3,
,,,1.6900,424.000025E-3,
,,,1.7000,352.00003E-3,
,,,1.7100,352.00003E-3,
,,,1.7200,384.00000E-3,
,,,1.7300,344.00001E-3,
,,,1.7400,408.000022E-3,
,,,1.7500,360.00001E-3,
,,,1.7600,368.00003E-3,
,,,1.7700,392.00002E-3,
,,,1.7800,320.00002E-3,
,,,1.7900,408.000022E-3,
,,,1.8000,336.00003E-3,
,,,1.8100,384.00000E-3,
,,,1.8200,376.00002E-3,
,,,1.8300,360.00001E-3,
,,,1.8400,424.000025E-3,
,,,1.8500,352.00003E-3,
,,,1.8600,392.00002E-3,
,,,1.8700,392.00002E-3,
,,,1.8800,352.00003E-3,
,,,1.8900,448.000014E-3,
,,,1.9000,336.00003E-3,
,,,1.9100,392.00002E-3,
,,,1.9200,376.00002E-3,
,,,1.9300,336.00003E-3,
,,,1.9400,416.000009E-3,
,,,1.9500,360.00001E-3,
,,,1.9600,392.00002E-3,
,,,1.9700,400.00001E-3,
,,,1.9800,336.00003E-3,
,,,1.9900,400.00001E-3,
,,,2.0000,344.00001E-3,
,,,2.0100,384.00000E-3,
,,,2.0200,400.00001E-3,
,,,2.0300,320.00002E-3,
,,,2.0400,408.000022E-3,
,,,2.0500,344.00001E-3,
,,,2.0600,368.00003E-3,
,,,2.0700,416.000009E-3,
,,,2.0800,344.00001E-3,
,,,2.0900,400.00001E-3,
,,,2.1000,344.00001E-3,
,,,2.1100,384.00000E-3,
,,,2.1200,392.00002E-3,
,,,2.1300,352.00003E-3,
,,,2.1400,408.000022E-3,
,,,2.1500,344.00001E-3,
,,,2.1600,368.00003E-3,
,,,2.1700,384.00000E-3,
,,,2.1800,360.00001E-3,
,,,2.1900,400.00001E-3,
,,,2.2000,344.00001E-3,
,,,2.2100,352.00003E-3,
,,,2.2200,384.00000E-3,
,,,2.2300,360.00001E-3,
,,,2.2400,384.00000E-3,
,,,2.2500,360.00001E-3,
,,,2.2600,368.00003E-3,
,,,2.2700,368.00003E-3,
,,,2.2800,336.00003E-3,
,,,2.2900,424.000025E-3,
,,,2.3000,360.00001E-3,
,,,2.3100,360.00001E-3,
,,,2.3200,400.00001E-3,
,,,2.3300,344.00001E-3,
,,,2.3400,424.000025E-3,
,,,2.3500,336.00003E-3,
,,,2.3600,368.00003E-3,
,,,2.3700,384.00000E-3,
,,,2.3800,344.00001E-3,
,,,2.3900,400.00001E-3,
,,,2.4000,344.00001E-3,
,,,2.4100,352.00003E-3,
,,,2.4200,384.00000E-3,
,,,2.4300,312.00001E-3,
,,,2.4400,416.000009E-3,
,,,2.4500,360.00001E-3,
,,,2.4600,376.00002E-3,
,,,2.4700,408.000022E-3,
,,,2.4800,328.00001E-3,
,,,2.4900,408.000022E-3,
,,,2.5000,352.00003E-3,
,,,2.5100,368.00003E-3,
,,,2.5200,392.00002E-3,
,,,2.5300,336.00003E-3,
,,,2.5400,424.000025E-3,
,,,2.5500,360.00001E-3,
,,,2.5600,384.00000E-3,
,,,2.5700,416.000009E-3,
,,,2.5800,352.00003E-3,
,,,2.5900,384.00000E-3,
,,,2.6000,360.00001E-3,
,,,2.6100,376.00002E-3,
,,,2.6200,384.00000E-3,
,,,2.6300,344.00001E-3,
,,,2.6400,416.000009E-3,
,,,2.6500,368.00003E-3,
,,,2.6600,376.00002E-3,
,,,2.6700,392.00002E-3,
,,,2.6800,344.00001E-3,
,,,2.6900,408.000022E-3,
,,,2.7000,360.00001E-3,
,,,2.7100,368.00003E-3,
,,,2.72000,384.00000E-3,
,,,2.73000,336.00003E-3,
,,,2.74000,424.000025E-3,
,,,2.75000,368.00003E-3,
,,,2.76000,376.00002E-3,
,,,2.77000,384.00000E-3,
,,,2.78000,352.00003E-3,
,,,2.79000,400.00001E-3,
,,,2.80000,360.00001E-3,
,,,2.81000,344.00001E-3,
,,,2.82000,400.00001E-3,
,,,2.83000,320.00002E-3,
,,,2.84000,424.000025E-3,
,,,2.85000,328.00001E-3,
,,,2.86000,368.00003E-3,
,,,2.87000,384.00000E-3,
,,,2.88000,344.00001E-3,
,,,2.89000,416.000009E-3,
,,,2.90000,352.00003E-3,
,,,2.91000,392.00002E-3,
,,,2.92000,376.00002E-3,
,,,2.93000,360.00001E-3,
,,,2.94000,368.00003E-3,
,,,2.95000,352.00003E-3,
,,,2.96000,360.00001E-3,
,,,2.97000,384.00000E-3,
,,,2.98000,360.00001E-3,
,,,2.99000,424.000025E-3,
,,,3.00000,376.00002E-3,
,,,3.01000,368.00003E-3,
,,,3.02000,392.00002E-3,
,,,3.03000,336.00003E-3,
,,,3.04000,416.000009E-3,
,,,3.05000,360.00001E-3,
,,,3.06000,392.00002E-3,
,,,3.07000,400.00001E-3,
,,,3.08000,352.00003E-3,
,,,3.09000,416.000009E-3,
,,,3.10000,368.00003E-3,
,,,3.11000,376.00002E-3,
,,,3.12000,360.00001E-3,
,,,3.13000,352.00003E-3,
,,,3.14000,416.000009E-3,
,,,3.15000,368.00003E-3,
,,,3.16000,360.00001E-3,
,,,3.17000,416.000009E-3,
,,,3.18000,344.00001E-3,
,,,3.19000,392.00002E-3,
,,,3.20000,344.00001E-3,
,,,3.21000,376.00002E-3,
,,,3.22000,360.00001E-3,
,,,3.23000,336.00003E-3,
,,,3.24000,416.000009E-3,
,,,3.25000,336.00003E-3,
,,,3.26000,360.00001E-3,
,,,3.27000,368.00003E-3,
,,,3.28000,336.00003E-3,
,,,3.29000,392.00002E-3,
,,,3.30000,336.00003E-3,
,,,3.31000,384.00000E-3,
,,,3.32000,392.00002E-3,
,,,3.33000,352.00003E-3,
,,,3.34000,440.000027E-3,
,,,3.35000,360.00001E-3,
,,,3.36000,368.00003E-3,
,,,3.37000,400.00001E-3,
,,,3.38000,352.00003E-3,
,,,3.39000,400.00001E-3,
,,,3.40000,312.00001E-3,
,,,3.41000,384.00000E-3,
,,,3.42000,400.00001E-3,
,,,3.43000,352.00003E-3,
,,,3.44000,384.00000E-3,
,,,3.45000,368.00003E-3,
,,,3.46000,368.00003E-3,
,,,3.47000,392.00002E-3,
,,,3.48000,344.00001E-3,
,,,3.49000,392.00002E-3,
,,,3.50000,336.00003E-3,
,,,3.51000,376.00002E-3,
,,,3.52000,392.00002E-3,
,,,3.53000,360.00001E-3,
,,,3.54000,416.000009E-3,
,,,3.55000,360.00001E-3,
,,,3.56000,384.00000E-3,
,,,3.57000,368.00003E-3,
,,,3.58000,320.00002E-3,
,,,3.59000,408.000022E-3,
,,,3.60000,376.00002E-3,
,,,3.61000,368.00003E-3,
,,,3.62000,376.00002E-3,
,,,3.63000,288.00002E-3,
,,,3.64000,392.00002E-3,
,,,3.65000,368.00003E-3,
,,,3.66000,392.00002E-3,
,,,3.67000,384.00000E-3,
,,,3.68000,344.00001E-3,
,,,3.69000,416.000009E-3,
,,,3.70000,328.00001E-3,
,,,3.71000,376.00002E-3,
,,,3.72000,376.00002E-3,
,,,3.73000,336.00003E-3,
,,,3.74000,392.00002E-3,
,,,3.75000,352.00003E-3,
,,,3.76000,368.00003E-3,
,,,3.77000,384.00000E-3,
,,,3.78000,344.00001E-3,
,,,3.79000,392.00002E-3,
,,,3.80000,344.00001E-3,
,,,3.81000,384.00000E-3,
,,,3.82000,384.00000E-3,
,,,3.83000,352.00003E-3,
,,,3.84000,392.00002E-3,
,,,3.85000,352.00003E-3,
,,,3.86000,368.00003E-3,
,,,3.87000,400.00001E-3,
,,,3.88000,336.00003E-3,
,,,3.89000,416.000009E-3,
,,,3.90000,360.00001E-3,
,,,3.91000,376.00002E-3,
,,,3.92000,384.00000E-3,
,,,3.93000,352.00003E-3,
,,,3.94000,392.00002E-3,
,,,3.95000,360.00001E-3,
,,,3.96000,376.00002E-3,
,,,3.97000,368.00003E-3,
,,,3.98000,352.00003E-3,
,,,3.99000,408.000022E-3,
,,,4.00000,352.00003E-3,
,,,4.01000,400.00001E-3,
,,,4.02000,368.00003E-3,
,,,4.03000,360.00001E-3,
,,,4.04000,408.000022E-3,
,,,4.05000,376.00002E-3,
,,,4.06000,392.00002E-3,
,,,4.07000,360.00001E-3,
,,,4.08000,352.00003E-3,
,,,4.09000,408.000022E-3,
,,,4.10000,344.00001E-3,
,,,4.11000,344.00001E-3,
,,,4.12000,376.00002E-3,
,,,4.13000,368.00003E-3,
,,,4.14000,424.000025E-3,
,,,4.15000,352.00003E-3,
,,,4.16000,384.00000E-3,
,,,4.17000,392.00002E-3,
,,,4.18000,352.00003E-3,
,,,4.19000,440.000027E-3,
,,,4.20000,352.00003E-3,
,,,4.21000,384.00000E-3,
,,,4.22000,368.00003E-3,
,,,4.23000,320.00002E-3,
,,,4.24000,400.00001E-3,
,,,4.25000,344.00001E-3,
,,,4.26000,392.00002E-3,
,,,4.27000,384.00000E-3,
,,,4.28000,360.00001E-3,
,,,4.29000,408.000022E-3,
,,,4.30000,344.00001E-3,
,,,4.31000,376.00002E-3,
,,,4.32000,392.00002E-3,
,,,4.33000,352.00003E-3,
,,,4.34000,432.000011E-3,
,,,4.35000,360.00001E-3,
,,,4.36000,392.00002E-3,
,,,4.37000,368.00003E-3,
,,,4.38000,344.00001E-3,
,,,4.39000,432.000011E-3,
,,,4.40000,360.00001E-3,
,,,4.41000,368.00003E-3,
,,,4.42000,360.00001E-3,
,,,4.43000,336.00003E-3,
,,,4.44000,384.00000E-3,
,,,4.45000,360.00001E-3,
,,,4.46000,336.00003E-3,
,,,4.47000,392.00002E-3,
,,,4.48000,320.00002E-3,
,,,4.49000,408.000022E-3,
,,,4.50000,344.00001E-3,
,,,4.51000,360.00001E-3,
,,,4.52000,384.00000E-3,
,,,4.53000,344.00001E-3,
,,,4.54000,408.000022E-3,
,,,4.55000,352.00003E-3,
,,,4.56000,376.00002E-3,
,,,4.57000,392.00002E-3,
,,,4.58000,336.00003E-3,
,,,4.59000,408.000022E-3,
,,,4.60000,352.00003E-3,
,,,4.61000,392.00002E-3,
,,,4.62000,400.00001E-3,
,,,4.63000,344.00001E-3,
,,,4.64000,424.000025E-3,
,,,4.65000,376.00002E-3,
,,,4.66000,400.00001E-3,
,,,4.67000,376.00002E-3,
,,,4.68000,344.00001E-3,
,,,4.69000,400.00001E-3,
,,,4.70000,344.00001E-3,
,,,4.71000,392.00002E-3,
,,,4.72000,384.00000E-3,
,,,4.73000,344.00001E-3,
,,,4.74000,408.000022E-3,
,,,4.75000,360.00001E-3,
,,,4.76000,360.00001E-3,
,,,4.77000,368.00003E-3,
,,,4.78000,344.00001E-3,
,,,4.79000,400.00001E-3,
,,,4.80000,360.00001E-3,
,,,4.81000,400.00001E-3,
,,,4.82000,368.00003E-3,
,,,4.83000,328.00001E-3,
,,,4.84000,392.00002E-3,
,,,4.85000,328.00001E-3,
,,,4.86000,400.00001E-3,
,,,4.87000,368.00003E-3,
,,,4.88000,344.00001E-3,
,,,4.89000,416.000009E-3,
,,,4.90000,360.00001E-3,
,,,4.91000,384.00000E-3,
,,,4.92000,376.00002E-3,
,,,4.93000,320.00002E-3,
,,,4.94000,392.00002E-3,
,,,4.95000,352.00003E-3,
,,,4.96000,392.00002E-3,
,,,4.97000,376.00002E-3,
,,,4.98000,344.00001E-3,
,,,4.99000,416.000009E-3,
,,,5.00000,344.00001E-3,
,,,5.01000,368.00003E-3,
,,,5.02000,360.00001E-3,
,,,5.03000,360.00001E-3,
,,,5.04000,400.00001E-3,
,,,5.05000,344.00001E-3,
,,,5.06000,384.00000E-3,
,,,5.07000,392.00002E-3,
,,,5.08000,368.00003E-3,
,,,5.09000,392.00002E-3,
,,,5.10000,360.00001E-3,
,,,5.11000,376.00002E-3,
,,,5.12000,360.00001E-3,
,,,5.13000,344.00001E-3,
,,,5.14000,400.00001E-3,
,,,5.15000,336.00003E-3,
,,,5.16000,408.000022E-3,
,,,5.17000,376.00002E-3,
,,,5.18000,368.00003E-3,
,,,5.19000,368.00003E-3,
,,,5.20000,336.00003E-3,
,,,5.21000,400.00001E-3,
,,,5.22000,360.00001E-3,
,,,5.23000,360.00001E-3,
,,,5.24000,408.000022E-3,
,,,5.25000,360.00001E-3,
,,,5.26000,336.00003E-3,
,,,5.27000,384.00000E-3,
,,,5.28000,320.00002E-3,
,,,5.29000,400.00001E-3,
,,,5.30000,336.00003E-3,
,,,5.31000,368.00003E-3,
,,,5.32000,368.00003E-3,
,,,5.33000,360.00001E-3,
,,,5.34000,416.000009E-3,
,,,5.35000,360.00001E-3,
,,,5.36000,376.00002E-3,
,,,5.37000,392.00002E-3,
,,,5.38000,352.00003E-3,
,,,5.39000,400.00001E-3,
,,,5.40000,352.00003E-3,
,,,5.41000,392.00002E-3,
,,,5.42000,376.00002E-3,
,,,5.43000,352.00003E-3,
,,,5.44000,416.000009E-3,
,,,5.45000,352.00003E-3,
,,,5.46000,384.00000E-3,
,,,5.47000,376.00002E-3,
,,,5.48000,344.00001E-3,
,,,5.49000,424.000025E-3,
,,,5.50000,336.00003E-3,
,,,5.51000,376.00002E-3,
,,,5.52000,368.00003E-3,
,,,5.53000,352.00003E-3,
,,,5.54000,384.00000E-3,
,,,5.55000,352.00003E-3,
,,,5.56000,384.00000E-3,
,,,5.57000,368.00003E-3,
,,,5.58000,352.00003E-3,
,,,5.59000,424.000025E-3,
,,,5.60000,344.00001E-3,
,,,5.61000,392.00002E-3,
,,,5.62000,392.00002E-3,
,,,5.63000,352.00003E-3,
,,,5.64000,400.00001E-3,
,,,5.65000,360.00001E-3,
,,,5.66000,376.00002E-3,
,,,5.67000,368.00003E-3,
,,,5.68000,344.00001E-3,
,,,5.69000,432.000011E-3,
,,,5.70000,344.00001E-3,
,,,5.71000,384.00000E-3,
,,,5.72000,368.00003E-3,
,,,5.73000,376.00002E-3,
,,,5.74000,408.000022E-3,
,,,5.75000,352.00003E-3,
,,,5.76000,400.00001E-3,
,,,5.77000,392.00002E-3,
,,,5.78000,360.00001E-3,
,,,5.79000,400.00001E-3,
,,,5.80000,336.00003E-3,
,,,5.81000,376.00002E-3,
,,,5.82000,360.00001E-3,
,,,5.83000,336.00003E-3,
,,,5.84000,416.000009E-3,
,,,5.85000,344.00001E-3,
,,,5.86000,384.00000E-3,
,,,5.87000,384.00000E-3,
,,,5.88000,328.00001E-3,
,,,5.89000,408.000022E-3,
,,,5.90000,344.00001E-3,
,,,5.91000,368.00003E-3,
,,,5.92000,376.00002E-3,
,,,5.93000,344.00001E-3,
,,,5.94000,416.000009E-3,
,,,5.95000,352.00003E-3,
,,,5.96000,368.00003E-3,
,,,5.97000,376.00002E-3,
,,,5.98000,344.00001E-3,
,,,5.99000,424.000025E-3,
,,,6.00000,360.00001E-3,
,,,6.01000,392.00002E-3,
,,,6.02000,384.00000E-3,
,,,6.03000,344.00001E-3,
,,,6.04000,416.000009E-3,
,,,6.05000,344.00001E-3,
,,,6.06000,392.00002E-3,
,,,6.07000,384.00000E-3,
,,,6.08000,344.00001E-3,
,,,6.09000,400.00001E-3,
,,,6.10000,328.00001E-3,
,,,6.11000,392.00002E-3,
,,,6.12000,384.00000E-3,
,,,6.13000,328.00001E-3,
,,,6.14000,408.000022E-3,
,,,6.15000,320.00002E-3,
,,,6.16000,392.00002E-3,
,,,6.17000,368.00003E-3,
,,,6.18000,360.00001E-3,
,,,6.19000,408.000022E-3,
,,,6.20000,344.00001E-3,
,,,6.21000,392.00002E-3,
,,,6.22000,376.00002E-3,
,,,6.23000,328.00001E-3,
,,,6.24000,424.000025E-3,
,,,6.25000,352.00003E-3,
,,,6.26000,392.00002E-3,
,,,6.27000,384.00000E-3,
,,,6.28000,336.00003E-3,
,,,6.29000,416.000009E-3,
,,,6.30000,344.00001E-3,
,,,6.31000,400.00001E-3,
,,,6.32000,384.00000E-3,
,,,6.33000,352.00003E-3,
,,,6.34000,408.000022E-3,
,,,6.35000,344.00001E-3,
,,,6.36000,392.00002E-3,
,,,6.37000,376.00002E-3,
,,,6.38000,328.00001E-3,
,,,6.39000,384.00000E-3,
,,,6.40000,336.00003E-3,
,,,6.41000,400.00001E-3,
,,,6.42000,360.00001E-3,
,,,6.43000,360.00001E-3,
,,,6.44000,424.000025E-3,
,,,6.45000,344.00001E-3,
,,,6.46000,408.000022E-3,
,,,6.47000,384.00000E-3,
,,,6.48000,344.00001E-3,
,,,6.49000,432.000011E-3,
,,,6.50000,336.00003E-3,
,,,6.51000,376.00002E-3,
,,,6.52000,368.00003E-3,
,,,6.53000,376.00002E-3,
,,,6.54000,400.00001E-3,
,,,6.55000,320.00002E-3,
,,,6.56000,368.00003E-3,
,,,6.57000,368.00003E-3,
,,,6.58000,352.00003E-3,
,,,6.59000,400.00001E-3,
,,,6.60000,352.00003E-3,
,,,6.61000,376.00002E-3,
,,,6.62000,360.00001E-3,
,,,6.63000,376.00002E-3,
,,,6.64000,416.000009E-3,
,,,6.65000,352.00003E-3,
,,,6.66000,400.00001E-3,
,,,6.67000,360.00001E-3,
,,,6.68000,360.00001E-3,
,,,6.69000,424.000025E-3,
,,,6.70000,320.00002E-3,
,,,6.71000,400.00001E-3,
,,,6.72000,368.00003E-3,
,,,6.73000,352.00003E-3,
,,,6.74000,384.00000E-3,
,,,6.75000,312.00001E-3,
,,,6.76000,400.00001E-3,
,,,6.77000,352.00003E-3,
,,,6.78000,328.00001E-3,
,,,6.79000,424.000025E-3,
,,,6.80000,336.00003E-3,
,,,6.81000,352.00003E-3,
,,,6.82000,360.00001E-3,
,,,6.83000,360.00001E-3,
,,,6.84000,392.00002E-3,
,,,6.85000,336.00003E-3,
,,,6.86000,384.00000E-3,
,,,6.87000,360.00001E-3,
,,,6.88000,384.00000E-3,
,,,6.89000,408.000022E-3,
,,,6.90000,336.00003E-3,
,,,6.91000,384.00000E-3,
,,,6.92000,352.00003E-3,
,,,6.93000,328.00001E-3,
,,,6.94000,384.00000E-3,
,,,6.95000,352.00003E-3,
,,,6.96000,360.00001E-3,
,,,6.97000,376.00002E-3,
,,,6.98000,352.00003E-3,
,,,6.99000,432.000011E-3,
,,,7.00000,360.00001E-3,
,,,7.01000,384.00000E-3,
,,,7.02000,392.00002E-3,
,,,7.03000,376.00002E-3,
,,,7.04000,416.000009E-3,
,,,7.05000,336.00003E-3,
,,,7.06000,400.00001E-3,
,,,7.07000,384.00000E-3,
,,,7.08000,360.00001E-3,
,,,7.09000,400.00001E-3,
,,,7.10000,336.00003E-3,
,,,7.11000,392.00002E-3,
,,,7.12000,392.00002E-3,
,,,7.13000,360.00001E-3,
,,,7.14000,416.000009E-3,
,,,7.15000,304.00002E-3,
,,,7.16000,400.00001E-3,
,,,7.17000,336.00003E-3,
,,,7.18000,368.00003E-3,
,,,7.19000,400.00001E-3,
,,,7.20000,328.00001E-3,
,,,7.21000,400.00001E-3,
,,,7.22000,368.00003E-3,
,,,7.23000,352.00003E-3,
,,,7.24000,440.000027E-3,
,,,7.25000,368.00003E-3,
,,,7.26000,416.000009E-3,
,,,7.27000,360.00001E-3,
,,,7.28000,352.00003E-3,
,,,7.29000,416.000009E-3,
,,,7.30000,328.00001E-3,
,,,7.31000,400.00001E-3,
,,,7.32000,376.00002E-3,
,,,7.33000,368.00003E-3,
,,,7.34000,416.000009E-3,
,,,7.35000,344.00001E-3,
,,,7.36000,384.00000E-3,
,,,7.37000,400.00001E-3,
,,,7.38000,360.00001E-3,
,,,7.390000,392.00002E-3,
,,,7.400000,408.000022E-3,
,,,7.410000,392.00002E-3,
,,,7.420000,344.00001E-3,
,,,7.430000,368.00003E-3,
,,,7.440000,400.00001E-3,
,,,7.450000,312.00001E-3,
,,,7.460000,384.00000E-3,
,,,7.470000,368.00003E-3,
,,,7.480000,344.00001E-3,
,,,7.490000,400.00001E-3,
,,,7.500000,344.00001E-3,
,,,7.510000,392.00002E-3,
,,,7.520000,376.00002E-3,
,,,7.530000,368.00003E-3,
,,,7.540000,400.00001E-3,
,,,7.550000,336.00003E-3,
,,,7.560000,352.00003E-3,
,,,7.570000,360.00001E-3,
,,,7.580000,320.00002E-3,
,,,7.590000,352.00003E-3,
,,,7.600000,296.00000E-3,
,,,7.610000,352.00003E-3,
,,,7.620000,344.00001E-3,
,,,7.630000,320.00002E-3,
,,,7.640000,360.00001E-3,
,,,7.650000,312.00001E-3,
,,,7.660000,392.00002E-3,
,,,7.670000,360.00001E-3,
,,,7.680000,344.00001E-3,
,,,7.690000,392.00002E-3,
,,,7.700000,328.00001E-3,
,,,7.710000,376.00002E-3,
,,,7.720000,336.00003E-3,
,,,7.730000,352.00003E-3,
,,,7.740000,408.000022E-3,
,,,7.750000,336.00003E-3,
,,,7.760000,368.00003E-3,
,,,7.770000,376.00002E-3,
,,,7.780000,360.00001E-3,
,,,7.790000,408.000022E-3,
,,,7.800000,344.00001E-3,
,,,7.810000,408.000022E-3,
,,,7.820000,360.00001E-3,
,,,7.830000,352.00003E-3,
,,,7.840000,424.000025E-3,
,,,7.850000,352.00003E-3,
,,,7.860000,384.00000E-3,
,,,7.870000,320.00002E-3,
,,,7.880000,352.00003E-3,
,,,7.890000,384.00000E-3,
,,,7.900000,344.00001E-3,
,,,7.910000,384.00000E-3,
,,,7.920000,392.00002E-3,
,,,7.930000,360.00001E-3,
,,,7.940000,400.00001E-3,
,,,7.950000,312.00001E-3,
,,,7.960000,360.00001E-3,
,,,7.970000,384.00000E-3,
,,,7.980000,352.00003E-3,
,,,7.990000,400.00001E-3,
,,,8.000000,344.00001E-3,
,,,8.010000,384.00000E-3,
,,,8.020000,392.00002E-3,
,,,8.030000,376.00002E-3,
,,,8.040000,400.00001E-3,
,,,8.050000,344.00001E-3,
,,,8.059999,384.00000E-3,
,,,8.070000,384.00000E-3,
,,,8.080000,368.00003E-3,
,,,8.090000,392.00002E-3,
,,,8.099999,312.00001E-3,
,,,8.110000,424.000025E-3,
,,,8.120000,408.000022E-3,
,,,8.130000,344.00001E-3,
,,,8.139999,408.000022E-3,
,,,8.150000,344.00001E-3,
,,,8.160000,440.000027E-3,
,,,8.170000,352.00003E-3,
,,,8.179999,344.00001E-3,
,,,8.190000,392.00002E-3,
,,,8.200000,336.00003E-3,
,,,8.210000,392.00002E-3,
,,,8.220000,368.00003E-3,
,,,8.230000,352.00003E-3,
,,,8.240000,424.000025E-3,
,,,8.250000,336.00003E-3,
,,,8.260000,376.00002E-3,
,,,8.270000,368.00003E-3,
,,,8.280000,352.00003E-3,
,,,8.290000,392.00002E-3,
,,,8.300000,352.00003E-3,
,,,8.309999,408.000022E-3,
,,,8.320000,368.00003E-3,
,,,8.330000,400.00001E-3,
,,,8.340000,400.00001E-3,
,,,8.349999,328.00001E-3,
,,,8.360000,392.00002E-3,
,,,8.370000,368.00003E-3,
,,,8.380000,368.00003E-3,
,,,8.389999,376.00002E-3,
,,,8.400000,320.00002E-3,
,,,8.410000,392.00002E-3,
,,,8.420000,368.00003E-3,
,,,8.429999,368.00003E-3,
,,,8.440000,400.00001E-3,
,,,8.450000,320.00002E-3,
,,,8.460000,392.00002E-3,
,,,8.470000,360.00001E-3,
,,,8.480000,360.00001E-3,
,,,8.490000,400.00001E-3,
,,,8.500000,320.00002E-3,
,,,8.510000,400.00001E-3,
,,,8.520000,392.00002E-3,
,,,8.530000,352.00003E-3,
,,,8.540000,400.00001E-3,
,,,8.550000,328.00001E-3,
,,,8.559999,392.00002E-3,
,,,8.570000,360.00001E-3,
,,,8.580000,360.00001E-3,
,,,8.590000,408.000022E-3,
,,,8.599999,352.00003E-3,
,,,8.610000,384.00000E-3,
,,,8.620000,368.00003E-3,
,,,8.630000,344.00001E-3,
,,,8.639999,408.000022E-3,
,,,8.650000,312.00001E-3,
,,,8.660000,384.00000E-3,
,,,8.670000,360.00001E-3,
,,,8.679999,368.00003E-3,
,,,8.690000,416.000009E-3,
,,,8.700000,352.00003E-3,
,,,8.710000,392.00002E-3,
,,,8.720000,352.00003E-3,
,,,8.730000,352.00003E-3,
,,,8.740000,424.000025E-3,
,,,8.750000,352.00003E-3,
,,,8.760000,392.00002E-3,
,,,8.770000,344.00001E-3,
,,,8.780000,376.00002E-3,
,,,8.790000,392.00002E-3,
,,,8.800000,304.00002E-3,
,,,8.809999,392.00002E-3,
,,,8.820000,344.00001E-3,
,,,8.830000,360.00001E-3,
,,,8.840000,384.00000E-3,
,,,8.849999,328.00001E-3,
,,,8.860000,400.00001E-3,
,,,8.870000,376.00002E-3,
,,,8.880000,344.00001E-3,
,,,8.889999,384.00000E-3,
,,,8.900000,304.00002E-3,
,,,8.910000,376.00002E-3,
,,,8.920000,360.00001E-3,
,,,8.929999,336.00003E-3,
,,,8.940000,376.00002E-3,
,,,8.950000,336.00003E-3,
,,,8.960000,400.00001E-3,
,,,8.970000,392.00002E-3,
,,,8.980000,352.00003E-3,
,,,8.990000,432.000011E-3,
,,,9.000000,352.00003E-3,
,,,9.010000,416.000009E-3,
,,,9.020000,384.00000E-3,
,,,9.030000,384.00000E-3,
,,,9.040000,416.000009E-3,
,,,9.050000,352.00003E-3,
,,,9.059999,416.000009E-3,
,,,9.070000,384.00000E-3,
,,,9.080000,368.00003E-3,
,,,9.090000,440.000027E-3,
,,,9.099999,360.00001E-3,
,,,9.110000,400.00001E-3,
,,,9.120000,368.00003E-3,
,,,9.130000,336.00003E-3,
,,,9.139999,424.000025E-3,
,,,9.150000,344.00001E-3,
,,,9.160000,416.000009E-3,
,,,9.170000,376.00002E-3,
,,,9.179999,368.00003E-3,
,,,9.190000,424.000025E-3,
,,,9.200000,336.00003E-3,
,,,9.210000,400.00001E-3,
,,,9.220000,352.00003E-3,
,,,9.230000,352.00003E-3,
,,,9.240000,400.00001E-3,
,,,9.250000,344.00001E-3,
,,,9.260000,408.000022E-3,
,,,9.270000,368.00003E-3,
,,,9.280000,368.00003E-3,
,,,9.290000,408.000022E-3,
,,,9.300000,336.00003E-3,
,,,9.309999,400.00001E-3,
,,,9.320000,368.00003E-3,
,,,9.330000,392.00002E-3,
,,,9.340000,448.000014E-3,
,,,9.349999,368.00003E-3,
,,,9.360000,456.000030E-3,
,,,9.370000,392.00002E-3,
,,,9.380000,400.00001E-3,
,,,9.389999,424.000025E-3,
,,,9.400000,352.00003E-3,
,,,9.410000,424.000025E-3,
,,,9.420000,392.00002E-3,
,,,9.429999,360.00001E-3,
,,,9.440000,392.00002E-3,
,,,9.450000,336.00003E-3,
,,,9.460000,384.00000E-3,
,,,9.469999,384.00000E-3,
,,,9.480000,352.00003E-3,
,,,9.490000,400.00001E-3,
,,,9.500000,344.00001E-3,
,,,9.510000,400.00001E-3,
,,,9.520000,352.00003E-3,
,,,9.530000,368.00003E-3,
,,,9.540000,392.00002E-3,
,,,9.550000,336.00003E-3,
,,,9.559999,392.00002E-3,
,,,9.570000,360.00001E-3,
,,,9.580000,320.00002E-3,
,,,9.590000,376.00002E-3,
,,,9.599999,312.00001E-3,
,,,9.610000,384.00000E-3,
,,,9.620000,352.00003E-3,
,,,9.630000,368.00003E-3,
,,,9.639999,392.00002E-3,
,,,9.650000,320.00002E-3,
,,,9.660000,400.00001E-3,
,,,9.670000,360.00001E-3,
,,,9.679999,360.00001E-3,
,,,9.690000,384.00000E-3,
,,,9.700000,312.00001E-3,
,,,9.710000,416.000009E-3,
,,,9.719999,352.00003E-3,
,,,9.730000,352.00003E-3,
,,,9.740000,400.00001E-3,
,,,9.750000,328.00001E-3,
,,,9.760000,384.00000E-3,
,,,9.770000,376.00002E-3,
,,,9.780000,360.00001E-3,
,,,9.790000,392.00002E-3,
,,,9.800000,336.00003E-3,
,,,9.809999,392.00002E-3,
,,,9.820000,360.00001E-3,
,,,9.830000,352.00003E-3,
,,,9.840000,392.00002E-3,
,,,9.849999,328.00001E-3,
,,,9.860000,384.00000E-3,
,,,9.870000,352.00003E-3,
,,,9.880000,368.00003E-3,
,,,9.889999,408.000022E-3,
,,,9.900000,336.00003E-3,
,,,9.910000,368.00003E-3,
,,,9.920000,352.00003E-3,
,,,9.929999,352.00003E-3,
,,,9.940000,400.00001E-3,
,,,9.950000,320.00002E-3,
,,,9.960000,416.000009E-3,
,,,9.969999,352.00003E-3,
,,,9.980000,344.00001E-3,
,,,9.990000,408.000022E-3,
,,,10.0000,352.00003E-3,
,,,10.0100,384.00000E-3,
,,,10.0200,336.00003E-3,
,,,10.0300,368.00003E-3,
,,,10.0400,400.00001E-3,
,,,10.0500,336.00003E-3,
,,,10.0600,400.00001E-3,
,,,10.0700,336.00003E-3,
,,,10.0800,360.00001E-3,
,,,10.0900,400.00001E-3,
,,,10.1000,328.00001E-3,
,,,10.1100,400.00001E-3,
,,,10.1200,376.00002E-3,
,,,10.1300,368.00003E-3,
,,,10.1400,408.000022E-3,
,,,10.1500,320.00002E-3,
,,,10.1600,408.000022E-3,
,,,10.1700,360.00001E-3,
,,,10.1800,360.00001E-3,
,,,10.1900,400.00001E-3,
,,,10.2000,336.00003E-3,
,,,10.2100,392.00002E-3,
,,,10.2200,376.00002E-3,
,,,10.2300,392.00002E-3,
,,,10.2400,392.00002E-3,
,,,10.2500,352.00003E-3,
,,,10.2600,408.000022E-3,
,,,10.2700,344.00001E-3,
,,,10.2800,360.00001E-3,
,,,10.2900,368.00003E-3,
,,,10.3000,336.00003E-3,
,,,10.3100,400.00001E-3,
,,,10.3200,352.00003E-3,
,,,10.3300,368.00003E-3,
,,,10.3400,384.00000E-3,
,,,10.3500,360.00001E-3,
,,,10.3600,392.00002E-3,
,,,10.3700,392.00002E-3,
,,,10.3800,360.00001E-3,
,,,10.3900,384.00000E-3,
,,,10.4000,368.00003E-3,
,,,10.4100,376.00002E-3,
,,,10.4200,352.00003E-3,
,,,10.4300,392.00002E-3,
,,,10.4400,408.000022E-3,
,,,10.4500,320.00002E-3,
,,,10.4600,400.00001E-3,
,,,10.4700,360.00001E-3,
,,,10.4800,360.00001E-3,
,,,10.4900,400.00001E-3,
,,,10.5000,336.00003E-3,
,,,10.5100,416.000009E-3,
,,,10.5200,344.00001E-3,
,,,10.5300,360.00001E-3,
,,,10.5400,392.00002E-3,
,,,10.5500,344.00001E-3,
,,,10.5600,400.00001E-3,
,,,10.5700,352.00003E-3,
,,,10.5800,360.00001E-3,
,,,10.5900,384.00000E-3,
,,,10.6000,328.00001E-3,
,,,10.6100,392.00002E-3,
,,,10.6200,368.00003E-3,
,,,10.6300,368.00003E-3,
,,,10.6400,392.00002E-3,
,,,10.6500,328.00001E-3,
,,,10.6600,384.00000E-3,
,,,10.6700,376.00002E-3,
,,,10.6800,376.00002E-3,
,,,10.6900,384.00000E-3,
,,,10.7000,344.00001E-3,
,,,10.7100,400.00001E-3,
,,,10.7200,376.00002E-3,
,,,10.7300,376.00002E-3,
,,,10.7400,408.000022E-3,
,,,10.7500,352.00003E-3,
,,,10.7600,400.00001E-3,
,,,10.7700,360.00001E-3,
,,,10.7800,352.00003E-3,
,,,10.7900,424.000025E-3,
,,,10.8000,344.00001E-3,
,,,10.8100,416.000009E-3,
,,,10.8200,352.00003E-3,
,,,10.8300,368.00003E-3,
,,,10.8400,392.00002E-3,
,,,10.8500,344.00001E-3,
,,,10.8600,392.00002E-3,
,,,10.8700,360.00001E-3,
,,,10.8800,384.00000E-3,
,,,10.8900,416.000009E-3,
,,,10.9000,312.00001E-3,
,,,10.9100,392.00002E-3,
,,,10.9200,344.00001E-3,
,,,10.9300,360.00001E-3,
,,,10.9400,416.000009E-3,
,,,10.9500,344.00001E-3,
,,,10.9600,408.000022E-3,
,,,10.9700,368.00003E-3,
,,,10.9800,368.00003E-3,
,,,10.9900,416.000009E-3,
,,,11.0000,320.00002E-3,
,,,11.0100,416.000009E-3,
,,,11.0200,360.00001E-3,
,,,11.0300,408.000022E-3,
,,,11.0400,432.000011E-3,
,,,11.0500,344.00001E-3,
,,,11.0600,424.000025E-3,
,,,11.0700,352.00003E-3,
,,,11.0800,400.00001E-3,
,,,11.0900,376.00002E-3,
,,,11.1000,328.00001E-3,
,,,11.1100,416.000009E-3,
,,,11.1200,344.00001E-3,
,,,11.1300,352.00003E-3,
,,,11.1400,408.000022E-3,
,,,11.1500,320.00002E-3,
,,,11.1600,400.00001E-3,
,,,11.1700,352.00003E-3,
,,,11.1800,368.00003E-3,
,,,11.1900,400.00001E-3,
,,,11.2000,352.00003E-3,
,,,11.2100,376.00002E-3,
,,,11.2200,344.00001E-3,
,,,11.2300,376.00002E-3,
,,,11.2400,400.00001E-3,
,,,11.2500,352.00003E-3,
,,,11.2600,408.000022E-3,
,,,11.2700,392.00002E-3,
,,,11.2800,368.00003E-3,
,,,11.2900,400.00001E-3,
,,,11.3000,352.00003E-3,
,,,11.3100,400.00001E-3,
,,,11.3200,352.00003E-3,
,,,11.3300,344.00001E-3,
,,,11.3400,400.00001E-3,
,,,11.3500,352.00003E-3,
,,,11.3600,408.000022E-3,
,,,11.3700,360.00001E-3,
,,,11.3800,368.00003E-3,
,,,11.3900,400.00001E-3,
,,,11.4000,344.00001E-3,
,,,11.4100,408.000022E-3,
,,,11.4200,368.00003E-3,
,,,11.4300,376.00002E-3,
,,,11.4400,400.00001E-3,
,,,11.4500,312.00001E-3,
,,,11.4600,360.00001E-3,
,,,11.4700,352.00003E-3,
,,,11.4800,392.00002E-3,
,,,11.4900,400.00001E-3,
,,,11.5000,336.00003E-3,
,,,11.5100,376.00002E-3,
,,,11.5200,360.00001E-3,
,,,11.5300,368.00003E-3,
,,,11.5400,384.00000E-3,
,,,11.5500,352.00003E-3,
,,,11.5600,400.00001E-3,
,,,11.5700,360.00001E-3,
,,,11.5800,392.00002E-3,
,,,11.5900,384.00000E-3,
,,,11.6000,328.00001E-3,
,,,11.6100,400.00001E-3,
,,,11.6200,360.00001E-3,
,,,11.6300,360.00001E-3,
,,,11.6400,400.00001E-3,
,,,11.6500,328.00001E-3,
,,,11.6600,416.000009E-3,
,,,11.6700,376.00002E-3,
,,,11.6800,384.00000E-3,
,,,11.6900,432.000011E-3,
,,,11.7000,344.00001E-3,
,,,11.7100,400.00001E-3,
,,,11.7200,360.00001E-3,
,,,11.7300,352.00003E-3,
,,,11.7400,384.00000E-3,
,,,11.7500,320.00002E-3,
,,,11.7600,408.000022E-3,
,,,11.7700,360.00001E-3,
,,,11.7800,368.00003E-3,
,,,11.7900,392.00002E-3,
,,,11.8000,336.00003E-3,
,,,11.8100,400.00001E-3,
,,,11.8200,344.00001E-3,
,,,11.8300,360.00001E-3,
,,,11.8400,384.00000E-3,
,,,11.8500,352.00003E-3,
,,,11.8600,368.00003E-3,
,,,11.8700,352.00003E-3,
,,,11.8800,392.00002E-3,
,,,11.8900,384.00000E-3,
,,,11.9000,328.00001E-3,
,,,11.9100,376.00002E-3,
,,,11.9200,344.00001E-3,
,,,11.9300,352.00003E-3,
,,,11.9400,400.00001E-3,
,,,11.9500,328.00001E-3,
,,,11.9600,408.000022E-3,
,,,11.9700,360.00001E-3,
,,,11.9800,384.00000E-3,
,,,11.9900,384.00000E-3,
,,,12.0000,320.00002E-3,
,,,12.0100,408.000022E-3,
,,,12.0200,376.00002E-3,
,,,12.0300,368.00003E-3,
,,,12.0400,384.00000E-3,
,,,12.0500,352.00003E-3,
,,,12.0600,416.000009E-3,
,,,12.0700,336.00003E-3,
,,,12.0800,328.00001E-3,
,,,12.0900,368.00003E-3,
,,,12.1000,336.00003E-3,
,,,12.1100,400.00001E-3,
,,,12.1200,360.00001E-3,
,,,12.1300,392.00002E-3,
,,,12.1400,392.00002E-3,
,,,12.1500,328.00001E-3,
,,,12.1600,392.00002E-3,
,,,12.1700,368.00003E-3,
,,,12.1800,344.00001E-3,
,,,12.1900,384.00000E-3,
,,,12.2000,360.00001E-3,
,,,12.2100,400.00001E-3,
,,,12.2200,360.00001E-3,
,,,12.2300,360.00001E-3,
,,,12.2400,400.00001E-3,
,,,12.2500,336.00003E-3,
,,,12.2600,408.000022E-3,
,,,12.2700,352.00003E-3,
,,,12.2800,368.00003E-3,
,,,12.2900,384.00000E-3,
,,,12.3000,344.00001E-3,
,,,12.3100,408.000022E-3,
,,,12.3200,360.00001E-3,
,,,12.3300,384.00000E-3,
,,,12.3400,400.00001E-3,
,,,12.3500,352.00003E-3,
,,,12.3600,408.000022E-3,
,,,12.3700,360.00001E-3,
,,,12.3800,360.00001E-3,
,,,12.3900,400.00001E-3,
,,,12.4000,344.00001E-3,
,,,12.4100,400.00001E-3,
,,,12.4200,352.00003E-3,
,,,12.4300,336.00003E-3,
,,,12.4400,408.000022E-3,
,,,12.4500,344.00001E-3,
,,,12.4600,368.00003E-3,
,,,12.4700,360.00001E-3,
,,,12.4800,384.00000E-3,
,,,12.4900,400.00001E-3,
,,,12.5000,360.00001E-3,
,,,12.5100,440.000027E-3,
,,,12.5200,360.00001E-3,
,,,12.5300,384.00000E-3,
,,,12.5400,368.00003E-3,
,,,12.5500,336.00003E-3,
,,,12.5600,416.000009E-3,
,,,12.5700,360.00001E-3,
,,,12.5800,384.00000E-3,
,,,12.5900,392.00002E-3,
,,,12.6000,352.00003E-3,
,,,12.6100,400.00001E-3,
,,,12.6200,368.00003E-3,
,,,12.6300,352.00003E-3,
,,,12.6400,400.00001E-3,
,,,12.6500,360.00001E-3,
,,,12.6600,392.00002E-3,
,,,12.6700,320.00002E-3,
,,,12.6800,360.00001E-3,
,,,12.6900,416.000009E-3,
,,,12.7000,384.00000E-3,
,,,12.7100,344.00001E-3,
,,,12.7200,384.00000E-3,
,,,12.7300,352.00003E-3,
,,,12.7400,400.00001E-3,
,,,12.7500,336.00003E-3,
,,,12.7600,392.00002E-3,
,,,12.7700,360.00001E-3,
,,,12.7800,360.00001E-3,
,,,12.7900,408.000022E-3,
,,,12.8000,328.00001E-3,
,,,12.8100,400.00001E-3,
,,,12.8200,352.00003E-3,
,,,12.8300,400.00001E-3,
,,,12.8400,408.000022E-3,
,,,12.8500,360.00001E-3,
,,,12.8600,408.000022E-3,
,,,12.8700,352.00003E-3,
,,,12.8800,360.00001E-3,
,,,12.8900,408.000022E-3,
,,,12.9000,352.00003E-3,
,,,12.9100,424.000025E-3,
,,,12.9200,344.00001E-3,
,,,12.9300,368.00003E-3,
,,,12.9400,384.00000E-3,
,,,12.9500,344.00001E-3,
,,,12.9600,408.000022E-3,
,,,12.9700,344.00001E-3,
,,,12.9800,392.00002E-3,
,,,12.9900,368.00003E-3,
,,,13.0000,336.00003E-3,
,,,13.0100,424.000025E-3,
,,,13.0200,368.00003E-3,
,,,13.0300,368.00003E-3,
,,,13.0400,400.00001E-3,
,,,13.0500,352.00003E-3,
,,,13.0600,408.000022E-3,
,,,13.0700,344.00001E-3,
,,,13.0800,368.00003E-3,
,,,13.0900,400.00001E-3,
,,,13.1000,344.00001E-3,
,,,13.1100,408.000022E-3,
,,,13.1200,384.00000E-3,
,,,13.1300,368.00003E-3,
,,,13.1400,384.00000E-3,
,,,13.1500,336.00003E-3,
,,,13.1600,392.00002E-3,
,,,13.1700,344.00001E-3,
,,,13.1800,376.00002E-3,
,,,13.1900,392.00002E-3,
,,,13.2000,336.00003E-3,
,,,13.2100,400.00001E-3,
,,,13.2200,376.00002E-3,
,,,13.2300,376.00002E-3,
,,,13.2400,384.00000E-3,
,,,13.2500,320.00002E-3,
,,,13.2600,400.00001E-3,
,,,13.2700,352.00003E-3,
,,,13.2800,384.00000E-3,
,,,13.2900,384.00000E-3,
,,,13.3000,320.00002E-3,
,,,13.3100,392.00002E-3,
,,,13.3200,352.00003E-3,
,,,13.3300,400.00001E-3,
,,,13.3400,408.000022E-3,
,,,13.3500,312.00001E-3,
,,,13.3600,424.000025E-3,
,,,13.3700,368.00003E-3,
,,,13.3800,384.00000E-3,
,,,13.3900,400.00001E-3,
,,,13.4000,328.00001E-3,
,,,13.4100,416.000009E-3,
,,,13.4200,360.00001E-3,
,,,13.4300,368.00003E-3,
,,,13.4400,384.00000E-3,
,,,13.4500,376.00002E-3,
,,,13.4600,424.000025E-3,
,,,13.4700,368.00003E-3,
,,,13.4800,400.00001E-3,
,,,13.4900,376.00002E-3,
,,,13.5000,360.00001E-3,
,,,13.5100,416.000009E-3,
,,,13.5200,360.00001E-3,
,,,13.5300,368.00003E-3,
,,,13.5400,384.00000E-3,
,,,13.5500,352.00003E-3,
,,,13.5600,424.000025E-3,
,,,13.5700,336.00003E-3,
,,,13.5800,376.00002E-3,
,,,13.5900,344.00001E-3,
,,,13.6000,352.00003E-3,
,,,13.6100,416.000009E-3,
,,,13.6200,360.00001E-3,
,,,13.6300,376.00002E-3,
,,,13.6400,392.00002E-3,
,,,13.6500,352.00003E-3,
,,,13.6600,416.000009E-3,
,,,13.6700,360.00001E-3,
,,,13.6800,392.00002E-3,
,,,13.6900,384.00000E-3,
,,,13.7000,344.00001E-3,
,,,13.7100,408.000022E-3,
,,,13.7200,360.00001E-3,
,,,13.7300,384.00000E-3,
,,,13.7400,392.00002E-3,
,,,13.7500,344.00001E-3,
,,,13.7600,416.000009E-3,
,,,13.7700,328.00001E-3,
,,,13.7800,360.00001E-3,
,,,13.7900,384.00000E-3,
,,,13.8000,312.00001E-3,
,,,13.8100,432.000011E-3,
,,,13.8200,360.00001E-3,
,,,13.8300,368.00003E-3,
,,,13.8400,384.00000E-3,
,,,13.8500,352.00003E-3,
,,,13.8600,416.000009E-3,
,,,13.8700,360.00001E-3,
,,,13.8800,392.00002E-3,
,,,13.8900,384.00000E-3,
,,,13.9000,336.00003E-3,
,,,13.9100,416.000009E-3,
,,,13.9200,336.00003E-3,
,,,13.9300,368.00003E-3,
,,,13.9400,392.00002E-3,
,,,13.9500,352.00003E-3,
,,,13.9600,416.000009E-3,
,,,13.9700,360.00001E-3,
,,,13.9800,376.00002E-3,
,,,13.9900,392.00002E-3,
,,,14.0000,352.00003E-3,
,,,14.0100,400.00001E-3,
,,,14.0200,344.00001E-3,
,,,14.0300,392.00002E-3,
,,,14.0400,360.00001E-3,
,,,14.0500,376.00002E-3,
,,,14.0600,400.00001E-3,
,,,14.0700,360.00001E-3,
,,,14.0800,384.00000E-3,
,,,14.0900,384.00000E-3,
,,,14.1000,352.00003E-3,
,,,14.1100,392.00002E-3,
,,,14.1200,368.00003E-3,
,,,14.1300,360.00001E-3,
,,,14.1400,392.00002E-3,
,,,14.1500,376.00002E-3,
,,,14.1600,392.00002E-3,
,,,14.1700,376.00002E-3,
,,,14.1800,368.00003E-3,
,,,14.1900,400.00001E-3,
,,,14.2000,344.00001E-3,
,,,14.2100,392.00002E-3,
,,,14.2200,344.00001E-3,
,,,14.2300,376.00002E-3,
,,,14.2400,376.00002E-3,
,,,14.2500,344.00001E-3,
,,,14.2600,408.000022E-3,
,,,14.2700,368.00003E-3,
,,,14.2800,376.00002E-3,
,,,14.2900,392.00002E-3,
,,,14.3000,360.00001E-3,
,,,14.3100,384.00000E-3,
,,,14.3200,368.00003E-3,
,,,14.3300,368.00003E-3,
,,,14.3400,400.00001E-3,
,,,14.3500,352.00003E-3,
,,,14.3600,400.00001E-3,
,,,14.3700,344.00001E-3,
,,,14.3800,384.00000E-3,
,,,14.3900,392.00002E-3,
,,,14.4000,352.00003E-3,
,,,14.4100,400.00001E-3,
,,,14.4200,352.00003E-3,
,,,14.4300,384.00000E-3,
,,,14.4400,368.00003E-3,
,,,14.4500,368.00003E-3,
,,,14.4600,384.00000E-3,
,,,14.4700,352.00003E-3,
,,,14.4800,376.00002E-3,
,,,14.4900,392.00002E-3,
,,,14.5000,344.00001E-3,
,,,14.5100,424.000025E-3,
,,,14.5200,360.00001E-3,
,,,14.5300,384.00000E-3,
,,,14.5400,368.00003E-3,
,,,14.5500,352.00003E-3,
,,,14.5600,400.00001E-3,
,,,14.5700,360.00001E-3,
,,,14.5800,384.00000E-3,
,,,14.5900,376.00002E-3,
,,,14.6000,352.00003E-3,
,,,14.6100,400.00001E-3,
,,,14.6200,336.00003E-3,
,,,14.6300,368.00003E-3,
,,,14.6400,392.00002E-3,
,,,14.6500,360.00001E-3,
,,,14.6600,384.00000E-3,
,,,14.6700,344.00001E-3,
,,,14.6800,384.00000E-3,
,,,14.6900,376.00002E-3,
,,,14.7000,336.00003E-3,
,,,14.7100,392.00002E-3,
,,,14.7200,360.00001E-3,
,,,14.7300,384.00000E-3,
,,,14.7400,376.00002E-3,
,,,14.7500,344.00001E-3,
,,,14.7600,408.000022E-3,
,,,14.7700,320.00002E-3,
,,,14.7800,352.00003E-3,
,,,14.7900,344.00001E-3,
,,,14.8000,304.00002E-3,
,,,14.8100,384.00000E-3,
,,,14.8200,328.00001E-3,
,,,14.8300,352.00003E-3,
,,,14.8400,352.00003E-3,
,,,14.8500,320.00002E-3,
,,,14.8600,392.00002E-3,
,,,14.8700,352.00003E-3,
,,,14.8800,376.00002E-3,
,,,14.8900,376.00002E-3,
,,,14.9000,352.00003E-3,
,,,14.9100,400.00001E-3,
,,,14.9200,352.00003E-3,
,,,14.9300,392.00002E-3,
,,,14.9400,376.00002E-3,
,,,14.9500,352.00003E-3,
,,,14.9600,392.00002E-3,
,,,14.9700,360.00001E-3,
,,,14.9800,392.00002E-3,
,,,14.9900,384.00000E-3,
,,,15.0000,336.00003E-3,
,,,15.0100,408.000022E-3,
,,,15.0200,360.00001E-3,
,,,15.0300,384.00000E-3,
,,,15.0400,360.00001E-3,
,,,15.0500,360.00001E-3,
,,,15.0600,424.000025E-3,
,,,15.0700,336.00003E-3,
,,,15.0800,352.00003E-3,
,,,15.0900,392.00002E-3,
,,,15.1000,360.00001E-3,
,,,15.1100,416.000009E-3,
,,,15.1200,344.00001E-3,
,,,15.1300,392.00002E-3,
,,,15.1400,384.00000E-3,
,,,15.1500,360.00001E-3,
,,,15.1600,400.00001E-3,
,,,15.1700,344.00001E-3,
,,,15.1800,360.00001E-3,
,,,15.1900,360.00001E-3,
,,,15.2000,328.00001E-3,
,,,15.2100,408.000022E-3,
,,,15.2200,352.00003E-3,
,,,15.2300,376.00002E-3,
,,,15.2400,368.00003E-3,
,,,15.2500,344.00001E-3,
,,,15.2600,416.000009E-3,
,,,15.2700,328.00001E-3,
,,,15.2800,368.00003E-3,
,,,15.2900,384.00000E-3,
,,,15.3000,320.00002E-3,
,,,15.3100,416.000009E-3,
,,,15.3200,360.00001E-3,
,,,15.3300,392.00002E-3,
,,,15.3400,376.00002E-3,
,,,15.3500,376.00002E-3,
,,,15.3600,400.00001E-3,
,,,15.3700,360.00001E-3,
,,,15.3800,408.000022E-3,
,,,15.3900,400.00001E-3,
,,,15.4000,368.00003E-3,
,,,15.4100,448.000014E-3,
,,,15.4200,376.00002E-3,
,,,15.4300,408.000022E-3,
,,,15.4400,384.00000E-3,
,,,15.4500,328.00001E-3,
,,,15.4600,416.000009E-3,
,,,15.4700,360.00001E-3,
,,,15.4800,392.00002E-3,
,,,15.4900,392.00002E-3,
,,,15.5000,336.00003E-3,
,,,15.5100,408.000022E-3,
,,,15.5200,352.00003E-3,
,,,15.5300,384.00000E-3,
,,,15.5400,400.00001E-3,
,,,15.5500,360.00001E-3,
,,,15.5600,400.00001E-3,
,,,15.5700,344.00001E-3,
,,,15.5800,376.00002E-3,
,,,15.5900,376.00002E-3,
,,,15.6000,336.00003E-3,
,,,15.6100,408.000022E-3,
,,,15.6200,352.00003E-3,
,,,15.6300,376.00002E-3,
,,,15.6400,360.00001E-3,
,,,15.6500,360.00001E-3,
,,,15.6600,416.000009E-3,
,,,15.6700,352.00003E-3,
,,,15.6800,384.00000E-3,
,,,15.6900,376.00002E-3,
,,,15.7000,328.00001E-3,
,,,15.7100,408.000022E-3,
,,,15.7200,336.00003E-3,
,,,15.7300,392.00002E-3,
,,,15.7400,376.00002E-3,
,,,15.7500,360.00001E-3,
,,,15.7600,408.000022E-3,
,,,15.7700,352.00003E-3,
,,,15.7800,360.00001E-3,
,,,15.7900,368.00003E-3,
,,,15.8000,360.00001E-3,
,,,15.8100,424.000025E-3,
,,,15.8200,352.00003E-3,
,,,15.8300,384.00000E-3,
,,,15.8400,368.00003E-3,
,,,15.8500,352.00003E-3,
,,,15.8600,392.00002E-3,
,,,15.8700,328.00001E-3,
,,,15.8800,400.00001E-3,
,,,15.8900,368.00003E-3,
,,,15.9000,352.00003E-3,
,,,15.9100,400.00001E-3,
,,,15.9200,368.00003E-3,
,,,15.9300,384.00000E-3,
,,,15.9400,384.00000E-3,
,,,15.9500,352.00003E-3,
,,,15.9600,400.00001E-3,
,,,15.9700,336.00003E-3,
,,,15.9800,384.00000E-3,
,,,15.9900,368.00003E-3,
,,,16.0000,344.00001E-3,
,,,16.0100,408.000022E-3,
,,,16.0200,352.00003E-3,
,,,16.0300,384.00000E-3,
,,,16.0400,336.00003E-3,
,,,16.0500,360.00001E-3,
,,,16.0600,392.00002E-3,
,,,16.0700,352.00003E-3,
,,,16.0800,384.00000E-3,
,,,16.0900,360.00001E-3,
,,,16.1000,352.00003E-3,
,,,16.1100,408.000022E-3,
,,,16.1200,336.00003E-3,
,,,16.1300,400.00001E-3,
,,,16.1400,392.00002E-3,
,,,16.1500,360.00001E-3,
,,,16.1600,400.00001E-3,
,,,16.1700,344.00001E-3,
,,,16.1800,392.00002E-3,
,,,16.1900,360.00001E-3,
,,,16.2000,344.00001E-3,
,,,16.2100,384.00000E-3,
,,,16.2200,328.00001E-3,
,,,16.2300,376.00002E-3,
,,,16.2400,384.00000E-3,
,,,16.2500,360.00001E-3,
,,,16.2600,392.00002E-3,
,,,16.2700,328.00001E-3,
,,,16.2800,384.00000E-3,
,,,16.2900,376.00002E-3,
,,,16.3000,360.00001E-3,
,,,16.3100,408.000022E-3,
,,,16.3200,352.00003E-3,
,,,16.3300,376.00002E-3,
,,,16.3400,368.00003E-3,
,,,16.3500,360.00001E-3,
,,,16.3600,424.000025E-3,
,,,16.3700,376.00002E-3,
,,,16.3800,400.00001E-3,
,,,16.3900,368.00003E-3,
,,,16.4000,368.00003E-3,
,,,16.4100,392.00002E-3,
,,,16.4200,336.00003E-3,
,,,16.4300,400.00001E-3,
,,,16.4400,384.00000E-3,
,,,16.4500,360.00001E-3,
,,,16.4600,400.00001E-3,
,,,16.4700,344.00001E-3,
,,,16.4800,376.00002E-3,
,,,16.4900,376.00002E-3,
,,,16.5000,344.00001E-3,
,,,16.5100,400.00001E-3,
,,,16.5200,336.00003E-3,
,,,16.5300,400.00001E-3,
,,,16.5400,360.00001E-3,
,,,16.5500,368.00003E-3,
,,,16.5600,408.000022E-3,
,,,16.5700,368.00003E-3,
,,,16.5800,384.00000E-3,
,,,16.5900,392.00002E-3,
,,,16.6000,360.00001E-3,
,,,16.6100,400.00001E-3,
,,,16.6200,352.00003E-3,
,,,16.6300,384.00000E-3,
,,,16.6400,368.00003E-3,
,,,16.6500,352.00003E-3,
,,,16.6600,408.000022E-3,
,,,16.6700,360.00001E-3,
,,,16.6800,384.00000E-3,
,,,16.6900,368.00003E-3,
,,,16.7000,368.00003E-3,
,,,16.7100,432.000011E-3,
,,,16.7200,336.00003E-3,
,,,16.7300,384.00000E-3,
,,,16.7400,360.00001E-3,
,,,16.7500,360.00001E-3,
,,,16.7600,400.00001E-3,
,,,16.7700,328.00001E-3,
,,,16.7800,360.00001E-3,
,,,16.7900,360.00001E-3,
,,,16.8000,352.00003E-3,
,,,16.8100,368.00003E-3,
,,,16.8200,344.00001E-3,
,,,16.8300,392.00002E-3,
,,,16.8400,376.00002E-3,
,,,16.8500,360.00001E-3,
,,,16.8600,408.000022E-3,
,,,16.8700,352.00003E-3,
,,,16.8800,400.00001E-3,
,,,16.8900,384.00000E-3,
,,,16.9000,352.00003E-3,
,,,16.9100,424.000025E-3,
,,,16.9200,352.00003E-3,
,,,16.9300,376.00002E-3,
,,,16.9400,392.00002E-3,
,,,16.9500,344.00001E-3,
,,,16.9600,384.00000E-3,
,,,16.9700,344.00001E-3,
,,,16.9800,384.00000E-3,
,,,16.9900,360.00001E-3,
,,,17.0000,352.00003E-3,
,,,17.0100,424.000025E-3,
,,,17.0200,328.00001E-3,
,,,17.0300,392.00002E-3,
,,,17.0400,368.00003E-3,
,,,17.0500,368.00003E-3,
,,,17.0600,416.000009E-3,
,,,17.0700,360.00001E-3,
,,,17.0800,416.000009E-3,
,,,17.0900,360.00001E-3,
,,,17.1000,360.00001E-3,
,,,17.1100,384.00000E-3,
,,,17.1200,360.00001E-3,
,,,17.1300,424.000025E-3,
,,,17.1400,336.00003E-3,
,,,17.1500,368.00003E-3,
,,,17.1600,416.000009E-3,
,,,17.1700,352.00003E-3,
,,,17.1800,368.00003E-3,
,,,17.1900,368.00003E-3,
,,,17.2000,360.00001E-3,
,,,17.2100,392.00002E-3,
,,,17.2200,360.00001E-3,
,,,17.2300,392.00002E-3,
,,,17.2400,360.00001E-3,
,,,17.2500,408.000022E-3,
,,,17.2600,400.00001E-3,
,,,17.2700,344.00001E-3,
,,,17.2800,392.00002E-3,
,,,17.2900,384.00000E-3,
,,,17.3000,344.00001E-3,
,,,17.3100,416.000009E-3,
,,,17.3200,320.00002E-3,
,,,17.3300,400.00001E-3,
,,,17.3400,368.00003E-3,
,,,17.3500,360.00001E-3,
,,,17.3600,400.00001E-3,
,,,17.3700,312.00001E-3,
,,,17.3800,384.00000E-3,
,,,17.3900,360.00001E-3,
,,,17.4000,352.00003E-3,
,,,17.4100,432.000011E-3,
,,,17.4200,328.00001E-3,
,,,17.4300,400.00001E-3,
,,,17.4400,360.00001E-3,
,,,17.4500,368.00003E-3,
,,,17.4600,408.000022E-3,
,,,17.4700,328.00001E-3,
,,,17.4800,384.00000E-3,
,,,17.4900,384.00000E-3,
,,,17.5000,360.00001E-3,
,,,17.5100,392.00002E-3,
,,,17.5200,360.00001E-3,
,,,17.5300,384.00000E-3,
,,,17.5400,368.00003E-3,
,,,17.5500,368.00003E-3,
,,,17.5600,400.00001E-3,
,,,17.5700,352.00003E-3,
,,,17.5800,384.00000E-3,
,,,17.5900,352.00003E-3,
,,,17.6000,376.00002E-3,
,,,17.6100,400.00001E-3,
,,,17.6200,344.00001E-3,
,,,17.6300,400.00001E-3,
,,,17.6400,384.00000E-3,
,,,17.6500,360.00001E-3,
,,,17.6600,400.00001E-3,
,,,17.6700,376.00002E-3,
,,,17.6800,376.00002E-3,
,,,17.6900,360.00001E-3,
,,,17.7000,360.00001E-3,
,,,17.7100,384.00000E-3,
,,,17.7200,312.00001E-3,
,,,17.7300,392.00002E-3,
,,,17.7400,368.00003E-3,
,,,17.7500,360.00001E-3,
,,,17.7600,400.00001E-3,
,,,17.7700,312.00001E-3,
,,,17.7800,392.00002E-3,
,,,17.7900,376.00002E-3,
,,,17.8000,336.00003E-3,
,,,17.8100,384.00000E-3,
,,,17.8200,352.00003E-3,
,,,17.8300,400.00001E-3,
,,,17.8400,360.00001E-3,
,,,17.8500,336.00003E-3,
,,,17.8600,400.00001E-3,
,,,17.8700,336.00003E-3,
,,,17.8800,384.00000E-3,
,,,17.8900,368.00003E-3,
,,,17.9000,360.00001E-3,
,,,17.9100,408.000022E-3,
,,,17.9200,328.00001E-3,
,,,17.9300,368.00003E-3,
,,,17.9400,336.00003E-3,
,,,17.9500,360.00001E-3,
,,,17.9600,384.00000E-3,
,,,17.9700,336.00003E-3,
,,,17.9800,400.00001E-3,
,,,17.9900,368.00003E-3,
,,,18.0000,360.00001E-3,
,,,18.0100,392.00002E-3,
,,,18.0200,336.00003E-3,
,,,18.0300,360.00001E-3,
,,,18.0400,360.00001E-3,
,,,18.0500,352.00003E-3,
,,,18.0600,400.00001E-3,
,,,18.0700,320.00002E-3,
,,,18.0800,384.00000E-3,
,,,18.0900,376.00002E-3,
,,,18.1000,360.00001E-3,
,,,18.1100,392.00002E-3,
,,,18.1200,320.00002E-3,
,,,18.1300,384.00000E-3,
,,,18.1400,360.00001E-3,
,,,18.1500,376.00002E-3,
,,,18.1600,384.00000E-3,
,,,18.1700,352.00003E-3,
,,,18.1800,392.00002E-3,
,,,18.1900,376.00002E-3,
,,,18.2000,384.00000E-3,
,,,18.2100,424.000025E-3,
,,,18.2200,352.00003E-3,
,,,18.2300,440.000027E-3,
,,,18.2400,376.00002E-3,
,,,18.2500,376.00002E-3,
,,,18.2600,416.000009E-3,
,,,18.2700,344.00001E-3,
,,,18.2800,400.00001E-3,
,,,18.2900,360.00001E-3,
,,,18.3000,368.00003E-3,
,,,18.3100,400.00001E-3,
,,,18.3200,328.00001E-3,
,,,18.3300,384.00000E-3,
,,,18.3400,376.00002E-3,
,,,18.3500,344.00001E-3,
,,,18.3600,408.000022E-3,
,,,18.3700,344.00001E-3,
,,,18.3800,416.000009E-3,
,,,18.3900,344.00001E-3,
,,,18.4000,392.00002E-3,
,,,18.4100,424.000025E-3,
,,,18.4200,360.00001E-3,
,,,18.4300,408.000022E-3,
,,,18.4400,376.00002E-3,
,,,18.4500,368.00003E-3,
,,,18.4600,424.000025E-3,
,,,18.4700,360.00001E-3,
,,,18.4800,400.00001E-3,
,,,18.4900,368.00003E-3,
,,,18.5000,352.00003E-3,
,,,18.5100,416.000009E-3,
,,,18.5200,344.00001E-3,
,,,18.5300,368.00003E-3,
,,,18.5400,352.00003E-3,
,,,18.5500,368.00003E-3,
,,,18.5600,416.000009E-3,
,,,18.5700,352.00003E-3,
,,,18.5800,408.000022E-3,
,,,18.5900,328.00001E-3,
,,,18.6000,368.00003E-3,
,,,18.6100,424.000025E-3,
,,,18.6200,360.00001E-3,
,,,18.6300,416.000009E-3,
,,,18.6400,368.00003E-3,
,,,18.6500,360.00001E-3,
,,,18.6600,392.00002E-3,
,,,18.6700,344.00001E-3,
,,,18.6800,392.00002E-3,
,,,18.6900,352.00003E-3,
,,,18.7000,360.00001E-3,
,,,18.7100,408.000022E-3,
,,,18.7200,344.00001E-3,
,,,18.7300,408.000022E-3,
,,,18.7400,344.00001E-3,
,,,18.7500,360.00001E-3,
,,,18.7600,432.000011E-3,
,,,18.7700,328.00001E-3,
,,,18.7800,416.000009E-3,
,,,18.7900,376.00002E-3,
,,,18.8000,376.00002E-3,
,,,18.8100,392.00002E-3,
,,,18.8200,352.00003E-3,
,,,18.8300,416.000009E-3,
,,,18.8400,360.00001E-3,
,,,18.8500,376.00002E-3,
,,,18.8600,400.00001E-3,
,,,18.8700,328.00001E-3,
,,,18.8800,424.000025E-3,
,,,18.8900,360.00001E-3,
,,,18.9000,368.00003E-3,
,,,18.9100,400.00001E-3,
,,,18.9200,336.00003E-3,
,,,18.9300,416.000009E-3,
,,,18.9400,360.00001E-3,
,,,18.9500,384.00000E-3,
,,,18.9600,408.000022E-3,
,,,18.9700,312.00001E-3,
,,,18.9800,400.00001E-3,
,,,18.9900,352.00003E-3,
,,,19.0000,368.00003E-3,
,,,19.0100,392.00002E-3,
,,,19.0200,328.00001E-3,
,,,19.0300,400.00001E-3,
,,,19.0400,360.00001E-3,
,,,19.0500,360.00001E-3,
,,,19.0600,392.00002E-3,
,,,19.0700,344.00001E-3,
,,,19.0800,384.00000E-3,
,,,19.0900,360.00001E-3,
,,,19.1000,368.00003E-3,
,,,19.1100,408.000022E-3,
,,,19.1200,336.00003E-3,
,,,19.1300,424.000025E-3,
,,,19.1400,368.00003E-3,
,,,19.1500,352.00003E-3,
,,,19.1600,408.000022E-3,
,,,19.1700,344.00001E-3,
,,,19.1800,408.000022E-3,
,,,19.1900,352.00003E-3,
,,,19.2000,376.00002E-3,
,,,19.2100,408.000022E-3,
,,,19.2200,360.00001E-3,
,,,19.2300,400.00001E-3,
,,,19.2400,352.00003E-3,
,,,19.2500,368.00003E-3,
,,,19.2600,368.00003E-3,
,,,19.2700,312.00001E-3,
,,,19.2800,392.00002E-3,
,,,19.2900,360.00001E-3,
,,,19.3000,376.00002E-3,
,,,19.3100,408.000022E-3,
,,,19.3200,336.00003E-3,
,,,19.3300,400.00001E-3,
,,,19.3400,360.00001E-3,
,,,19.3500,360.00001E-3,
,,,19.3600,400.00001E-3,
,,,19.3700,328.00001E-3,
,,,19.3800,384.00000E-3,
,,,19.3900,360.00001E-3,
,,,19.4000,360.00001E-3,
,,,19.4100,408.000022E-3,
,,,19.4200,368.00003E-3,
,,,19.4300,448.000014E-3,
,,,19.4400,392.00002E-3,
,,,19.4500,392.00002E-3,
,,,19.4600,400.00001E-3,
,,,19.4700,360.00001E-3,
,,,19.4800,416.000009E-3,
,,,19.4900,360.00001E-3,
,,,19.5000,392.00002E-3,
,,,19.5100,400.00001E-3,
,,,19.5200,336.00003E-3,
,,,19.5300,400.00001E-3,
,,,19.5400,352.00003E-3,
,,,19.5500,392.00002E-3,
,,,19.5600,392.00002E-3,
,,,19.5700,328.00001E-3,
,,,19.5800,408.000022E-3,
,,,19.5900,368.00003E-3,
,,,19.6000,376.00002E-3,
,,,19.6100,400.00001E-3,
,,,19.6200,360.00001E-3,
,,,19.6300,408.000022E-3,
,,,19.6400,368.00003E-3,
,,,19.6500,408.000022E-3,
,,,19.6600,416.000009E-3,
,,,19.6700,368.00003E-3,
,,,19.6800,416.000009E-3,
,,,19.6900,368.00003E-3,
,,,19.7000,384.00000E-3,
,,,19.7100,400.00001E-3,
,,,19.7200,320.00002E-3,
,,,19.7300,416.000009E-3,
,,,19.7400,368.00003E-3,
,,,19.7500,368.00003E-3,
,,,19.7600,400.00001E-3,
,,,19.7700,320.00002E-3,
,,,19.7800,416.000009E-3,
,,,19.7900,400.00001E-3,
,,,19.8000,384.00000E-3,
,,,19.8100,408.000022E-3,
,,,19.8200,336.00003E-3,
,,,19.8300,416.000009E-3,
,,,19.8400,344.00001E-3,
,,,19.8500,360.00001E-3,
,,,19.8600,400.00001E-3,
,,,19.8700,352.00003E-3,
,,,19.8800,392.00002E-3,
,,,19.8900,320.00002E-3,
,,,19.9000,320.00002E-3,
,,,19.9100,344.00001E-3,
,,,19.9200,304.00002E-3,
,,,19.9300,368.00003E-3,
,,,19.9400,320.00002E-3,
,,,19.9500,320.00002E-3,
,,,19.9600,360.00001E-3,
,,,19.9700,336.00003E-3,
,,,19.9800,384.00000E-3,
,,,19.9900,360.00001E-3,
,,,20.0000,360.00001E-3,
,,,20.0100,400.00001E-3,
,,,20.0200,312.00001E-3,
,,,20.0300,408.000022E-3,
,,,20.0400,352.00003E-3,
,,,20.0500,392.00002E-3,
,,,20.0600,392.00002E-3,
,,,20.0700,352.00003E-3,
,,,20.0800,416.000009E-3,
,,,20.09000,352.00003E-3,
,,,20.10000,376.00002E-3,
,,,20.11000,416.000009E-3,
,,,20.12000,360.00001E-3,
,,,20.13000,400.00001E-3,
,,,20.14000,360.00001E-3,
,,,20.15000,368.00003E-3,
,,,20.16000,368.00003E-3,
,,,20.17000,336.00003E-3,
,,,20.18000,408.000022E-3,
,,,20.19000,344.00001E-3,
,,,20.20000,368.00003E-3,
,,,20.21000,424.000025E-3,
,,,20.22000,344.00001E-3,
,,,20.23000,400.00001E-3,
,,,20.24000,360.00001E-3,
,,,20.25000,352.00003E-3,
,,,20.26000,416.000009E-3,
,,,20.27000,352.00003E-3,
,,,20.28000,424.000025E-3,
,,,20.29000,344.00001E-3,
,,,20.30000,368.00003E-3,
,,,20.31000,440.000027E-3,
,,,20.32000,344.00001E-3,
,,,20.33000,400.00001E-3,
,,,20.34000,360.00001E-3,
,,,20.35000,360.00001E-3,
,,,20.36000,376.00002E-3,
,,,20.37000,344.00001E-3,
,,,20.38000,400.00001E-3,
,,,20.39000,352.00003E-3,
,,,20.40000,368.00003E-3,
,,,20.41000,408.000022E-3,
,,,20.42000,328.00001E-3,
,,,20.43000,448.000014E-3,
,,,20.44000,344.00001E-3,
,,,20.45000,376.00002E-3,
,,,20.46000,392.00002E-3,
,,,20.47000,344.00001E-3,
,,,20.48000,416.000009E-3,
,,,20.49000,376.00002E-3,
,,,20.50000,384.00000E-3,
,,,20.51000,416.000009E-3,
,,,20.52000,352.00003E-3,
,,,20.53000,424.000025E-3,
,,,20.54000,336.00003E-3,
,,,20.55000,376.00002E-3,
,,,20.56000,400.00001E-3,
,,,20.57000,336.00003E-3,
,,,20.58000,392.00002E-3,
,,,20.59000,352.00003E-3,
,,,20.60000,368.00003E-3,
,,,20.61000,392.00002E-3,
,,,20.62000,352.00003E-3,
,,,20.63000,416.000009E-3,
,,,20.64000,360.00001E-3,
,,,20.65000,360.00001E-3,
,,,20.66000,392.00002E-3,
,,,20.67000,344.00001E-3,
,,,20.68000,424.000025E-3,
,,,20.69000,368.00003E-3,
,,,20.70000,360.00001E-3,
,,,20.71000,368.00003E-3,
,,,20.72000,328.00001E-3,
,,,20.73000,392.00002E-3,
,,,20.74000,336.00003E-3,
,,,20.75000,360.00001E-3,
,,,20.76000,376.00002E-3,
,,,20.77000,312.00001E-3,
,,,20.78000,384.00000E-3,
,,,20.79000,368.00003E-3,
,,,20.80000,384.00000E-3,
,,,20.81000,384.00000E-3,
,,,20.82000,336.00003E-3,
,,,20.83000,424.000025E-3,
,,,20.84000,344.00001E-3,
,,,20.85000,384.00000E-3,
,,,20.86000,392.00002E-3,
,,,20.87000,344.00001E-3,
,,,20.88000,400.00001E-3,
,,,20.89000,376.00002E-3,
,,,20.90000,360.00001E-3,
,,,20.91000,352.00003E-3,
,,,20.92000,344.00001E-3,
,,,20.93000,432.000011E-3,
,,,20.94000,360.00001E-3,
,,,20.95000,408.000022E-3,
,,,20.96000,368.00003E-3,
,,,20.97000,336.00003E-3,
,,,20.98000,408.000022E-3,
,,,20.99000,336.00003E-3,
,,,21.00000,368.00003E-3,
,,,21.01000,392.00002E-3,
,,,21.02000,360.00001E-3,
,,,21.03000,416.000009E-3,
,,,21.04000,368.00003E-3,
,,,21.05000,384.00000E-3,
,,,21.06000,400.00001E-3,
,,,21.07000,352.00003E-3,
,,,21.08000,408.000022E-3,
,,,21.09000,312.00001E-3,
,,,21.10000,376.00002E-3,
,,,21.11000,416.000009E-3,
,,,21.12000,336.00003E-3,
,,,21.13000,408.000022E-3,
,,,21.14000,344.00001E-3,
,,,21.15000,392.00002E-3,
,,,21.16000,416.000009E-3,
,,,21.17000,360.00001E-3,
,,,21.18000,448.000014E-3,
,,,21.19000,-1.0240,
,,,21.20000,-1.0240,
,,,21.21000,-1.0240,
,,,21.22000,-1.0240,
,,,21.23000,-1.0240,
,,,21.24000,-1.0240,
,,,21.25000,-1.0240,
,,,21.26000,-1.0240,
,,,21.27000,-1.0240,
,,,21.28000,-1.0240,
,,,21.29000,-1.0240,
,,,21.30000,-1.0240,
,,,21.31000,-1.0240,
,,,21.32000,-1.0240,
,,,21.33000,-1.0240,
,,,21.34000,-1.0240,
,,,21.35000,-1.0240,
,,,21.36000,-1.0240,
,,,21.37000,-1.0240,
,,,21.38000,-1.0240,
,,,21.39000,-1.0240,
,,,21.40000,-1.0240,
,,,21.41000,-1.0240,
,,,21.42000,-1.0240,
,,,21.43000,-1.0240,
,,,21.44000,-1.0240,
,,,21.45000,-1.0240,
,,,21.46000,-1.0240,
,,,21.47000,-1.0240,
,,,21.48000,-1.0240,
,,,21.49000,-1.0240,
,,,21.50000,-1.0240,
,,,21.51000,-1.0240,
,,,21.52000,-1.0240,
,,,21.53000,-1.0240,
,,,21.54000,-1.0240,
,,,21.55000,-1.0240,
,,,21.56000,-1.0240,
,,,21.57000,-1.0240,
,,,21.58000,-1.0240,
,,,21.59000,-1.0240,
,,,21.60000,-1.0240,
,,,21.61000,-1.0240,
,,,21.62000,-1.0240,
,,,21.63000,-1.0240,
,,,21.64000,-1.0240,
,,,21.65000,-1.0240,
,,,21.66000,-1.0240,
,,,21.67000,-1.0240,
,,,21.68000,-1.0240,
,,,21.69000,-1.0240,
,,,21.70000,-1.0240,
,,,21.71000,-1.0240,
,,,21.72000,-1.0240,
,,,21.73000,-1.0240,
,,,21.74000,-1.0240,
,,,21.75000,-1.0240,
,,,21.76000,-1.0240,
,,,21.77000,-1.0240,
,,,21.78000,-1.0240,
,,,21.79000,-1.0240,
,,,21.80000,-1.0240,
,,,21.81000,-1.0240,
,,,21.82000,-1.0240,
,,,21.83000,-1.0240,
,,,21.84000,-1.0240,
,,,21.85000,-1.0240,
,,,21.86000,-1.0240,
,,,21.87000,-1.0240,
,,,21.88000,-1.0240,
,,,21.89000,-1.0240,
,,,21.90000,-1.0240,
,,,21.91000,-1.0240,
,,,21.92000,-1.0240,
,,,21.93000,-1.0240,
,,,21.94000,-1.0240,
,,,21.95000,-1.0240,
,,,21.96000,-1.0240,
,,,21.97000,-1.0240,
,,,21.98000,-1.0240,
,,,21.99000,-1.0240,
,,,22.00000,-1.0240,
,,,22.01000,-1.0240,
,,,22.02000,-1.0240,
,,,22.03000,-1.0240,
,,,22.04000,-1.0240,
,,,22.05000,-1.0240,
,,,22.06000,-1.0240,
,,,22.07000,-1.0240,
,,,22.08000,-1.0240,
,,,22.09000,-1.0240,
,,,22.10000,-1.0240,
,,,22.11000,-1.0240,
,,,22.12000,-1.0240,
,,,22.13000,-1.0240,
,,,22.14000,-1.0240,
,,,22.15000,-1.0240,
,,,22.16000,-1.0240,
,,,22.17000,-1.0240,
,,,22.18000,-1.0240,
,,,22.19000,-1.0240,
,,,22.20000,-1.0240,
,,,22.21000,-1.0240,
,,,22.22000,-1.0240,
,,,22.23000,-1.0240,
,,,22.24000,-1.0240,
,,,22.25000,-1.0240,
,,,22.26000,-1.0240,
,,,22.27000,-1.0240,
,,,22.28000,-1.0240,
,,,22.29000,-1.0240,
,,,22.30000,-1.0240,
,,,22.31000,-1.0240,
,,,22.32000,-1.0240,
,,,22.33000,-1.0240,
,,,22.34000,-1.0240,
,,,22.35000,-1.0240,
,,,22.36000,-1.0240,
,,,22.37000,-1.0240,
,,,22.38000,-1.0240,
,,,22.39000,-1.0240,
,,,22.40000,-1.0240,
,,,22.41000,-1.0240,
,,,22.42000,-1.0240,
,,,22.43000,-1.0240,
,,,22.44000,-1.0240,
,,,22.45000,-1.0240,
,,,22.46000,-1.0240,
,,,22.47000,-1.0240,
,,,22.48000,-1.0240,
,,,22.49000,-1.0240,
,,,22.50000,-1.0240,
,,,22.51000,-1.0240,
,,,22.52000,-1.0240,
,,,22.53000,-1.0240,
,,,22.54000,-1.0240,
,,,22.55000,-1.0240,
,,,22.56000,-1.0240,
,,,22.57000,-1.0240,
,,,22.58000,-1.0240,
,,,22.59000,-1.0240,
,,,22.60000,-1.0240,
,,,22.61000,-1.0240,
,,,22.62000,-1.0240,
,,,22.63000,-1.0240,
,,,22.64000,-1.0240,
,,,22.65000,-1.0240,
,,,22.66000,-1.0240,
,,,22.67000,-1.0240,
,,,22.68000,-1.0240,
,,,22.69000,-1.0240,
,,,22.70000,-1.0240,
,,,22.71000,-1.0240,
,,,22.72000,-1.0240,
,,,22.73000,-1.0240,
,,,22.74000,-1.0240,
,,,22.75000,-1.0240,
,,,22.76000,-1.0240,
,,,22.77000,-1.0240,
,,,22.78000,-1.0240,
,,,22.79000,-1.0240,
,,,22.80000,-1.0240,
,,,22.81000,-1.0240,
,,,22.82000,-1.0240,
,,,22.83000,-1.0240,
,,,22.84000,-1.0240,
,,,22.85000,-1.0240,
,,,22.86000,-1.0240,
,,,22.87000,-1.0240,
,,,22.88000,-1.0240,
,,,22.89000,-1.0240,
,,,22.90000,-1.0240,
,,,22.91000,-1.0240,
,,,22.92000,-1.0240,
,,,22.93000,-1.0240,
,,,22.94000,-1.0240,
,,,22.95000,-1.0240,
,,,22.96000,-1.0240,
,,,22.97000,-1.0240,
,,,22.98000,-1.0240,
,,,22.99000,-1.0240,
,,,23.00000,-1.0240,
,,,23.01000,-1.0240,
,,,23.02000,-1.0240,
,,,23.03000,-1.0240,
,,,23.04000,-1.0240,
,,,23.05000,-1.0240,
,,,23.06000,-1.0240,
,,,23.07000,-1.0240,
,,,23.08000,-1.0240,
,,,23.09000,-1.0240,
,,,23.10000,-1.0240,
,,,23.11000,-1.0240,
,,,23.12000,-1.0240,
,,,23.13000,-1.0240,
,,,23.14000,-1.0240,
,,,23.15000,-1.0240,
,,,23.16000,-1.0240,
,,,23.17000,-1.0240,
,,,23.18000,-1.0240,
,,,23.19000,-1.0240,
,,,23.20000,-1.0240,
,,,23.21000,-1.0240,
,,,23.22000,-1.0240,
,,,23.23000,-1.0240,
,,,23.24000,-1.0240,
,,,23.25000,-1.0240,
,,,23.26000,-1.0240,
,,,23.27000,-1.0240,
,,,23.28000,-1.0240,
,,,23.29000,-1.0240,
,,,23.30000,-1.0240,
,,,23.31000,-1.0240,
,,,23.32000,-1.0240,
,,,23.33000,-1.0240,
,,,23.34000,-1.0240,
,,,23.35000,-1.0240,
,,,23.36000,-1.0240,
,,,23.37000,-1.0240,
,,,23.38000,-1.0240,
,,,23.39000,-1.0240,
,,,23.40000,-1.0240,
,,,23.41000,-1.0240,
,,,23.42000,-1.0240,
,,,23.43000,-1.0240,
,,,23.44000,-1.0240,
,,,23.45000,-1.0240,
,,,23.46000,-1.0240,
,,,23.47000,-1.0240,
,,,23.48000,-1.0240,
,,,23.49000,-1.0240,
,,,23.50000,-1.0240,
,,,23.51000,-1.0240,
,,,23.52000,-1.0240,
,,,23.53000,-1.0240,
,,,23.54000,-1.0240,
,,,23.55000,-1.0240,
,,,23.56000,-1.0240,
,,,23.57000,-1.0240,
,,,23.58000,-1.0240,
,,,23.59000,-1.0240,
,,,23.60000,-1.0240,
,,,23.61000,-1.0240,
,,,23.62000,-1.0240,
,,,23.63000,-1.0240,
,,,23.64000,-1.0240,
,,,23.65000,-1.0240,
,,,23.66000,-1.0240,
,,,23.67000,-1.0240,
,,,23.68000,-1.0240,
,,,23.69000,-1.0240,
,,,23.70000,-1.0240,
,,,23.71000,-1.0240,
,,,23.72000,-1.0240,
,,,23.73000,-1.0240,
,,,23.74000,-1.0240,
,,,23.75000,-1.0240,
,,,23.76000,-1.0240,
,,,23.77000,-1.0240,
,,,23.78000,-1.0240,
,,,23.79000,-1.0240,
,,,23.80000,-1.0240,
,,,23.81000,-1.0240,
,,,23.82000,-1.0240,
,,,23.83000,-1.0240,
,,,23.84000,-1.0240,
,,,23.85000,-1.0240,
,,,23.86000,-1.0240,
,,,23.87000,-1.0240,
,,,23.88000,-1.0240,
,,,23.89000,-1.0240,
,,,23.90000,-1.0240,
,,,23.91000,-1.0240,
,,,23.92000,-1.0240,
,,,23.93000,-1.0240,
,,,23.94000,-1.0240,
,,,23.95000,-1.0240,
,,,23.96000,-1.0240,
,,,23.97000,-1.0240,
,,,23.98000,-1.0240,
,,,23.99000,-1.0240,
,,,24.00000,-1.0240,
,,,24.01000,-1.0240,
,,,24.02000,-1.0240,
,,,24.03000,-1.0240,
,,,24.04000,-1.0240,
,,,24.05000,-1.0240,
,,,24.06000,-1.0240,
,,,24.07000,-1.0240,
,,,24.08000,-1.0240,
,,,24.09000,-1.0240,
,,,24.10000,-1.0240,
,,,24.11000,-1.0240,
,,,24.12000,-1.0240,
,,,24.13000,-1.0240,
,,,24.14000,-1.0240,
,,,24.15000,-1.0240,
,,,24.16000,-1.0240,
,,,24.17000,-1.0240,
,,,24.18000,-1.0240,
,,,24.19000,-1.0240,
,,,24.20000,-1.0240,
,,,24.21000,-1.0240,
,,,24.22000,-1.0240,
,,,24.23000,-1.0240,
,,,24.24000,-1.0240,
,,,24.25000,-1.0240,
,,,24.26000,-1.0240,
,,,24.27000,-1.0240,
,,,24.28000,-1.0240,
,,,24.29000,-1.0240,
,,,24.30000,-1.0240,
,,,24.31000,-1.0240,
,,,24.32000,-1.0240,
,,,24.33000,-1.0240,
,,,24.34000,-1.0240,
,,,24.35000,-1.0240,
,,,24.36000,-1.0240,
,,,24.37000,-1.0240,
,,,24.38000,-1.0240,
,,,24.39000,-1.0240,
,,,24.40000,-1.0240,
,,,24.41000,-1.0240,
,,,24.42000,-1.0240,
,,,24.43000,-1.0240,
,,,24.44000,-1.0240,
,,,24.45000,-1.0240,
,,,24.46000,-1.0240,
,,,24.47000,-1.0240,
,,,24.48000,-1.0240,
,,,24.49000,-1.0240,
,,,24.50000,-1.0240,
,,,24.51000,-1.0240,
,,,24.52000,-1.0240,
,,,24.53000,-1.0240,
,,,24.54000,-1.0240,
,,,24.55000,-1.0240,
,,,24.56000,-1.0240,
,,,24.57000,-1.0240,
,,,24.58000,-1.0240,
,,,24.59000,-1.0240,
,,,24.60000,-1.0240,
,,,24.61000,-1.0240,
,,,24.62000,-1.0240,
,,,24.63000,-1.0240,
,,,24.64000,-1.0240,
,,,24.65000,-1.0240,
,,,24.66000,-1.0240,
,,,24.67000,-1.0240,
,,,24.68000,-1.0240,
,,,24.69000,-1.0240,
,,,24.70000,-1.0240,
,,,24.71000,-1.0240,
,,,24.72000,-1.0240,
,,,24.73000,-1.0240,
,,,24.74000,-1.0240,
,,,24.75000,-1.0240,
,,,24.76000,-1.0240,
,,,24.77000,-1.0240,
,,,24.78000,-1.0240,
,,,24.79000,-1.0240,
,,,24.80000,-1.0240,
,,,24.81000,-1.0240,
,,,24.82000,-1.0240,
,,,24.83000,-1.0240,
,,,24.84000,-1.0240,
,,,24.85000,-1.0240,
,,,24.86000,-1.0240,
,,,24.87000,-1.0240,
,,,24.88000,-1.0240,
,,,24.89000,-1.0240,
,,,24.90000,-1.0240,
,,,24.91000,-1.0240,
,,,24.92000,-1.0240,
,,,24.93000,-1.0240,
,,,24.94000,-1.0240,
,,,24.95000,-1.0240,
,,,24.96000,-1.0240,
,,,24.97000,-1.0240,
,,,24.98000,-1.0240,
,,,24.99000,-1.0240,
