Record Length,2500,Points,0.0,-10.2400,
Sample Interval,10.00000E-3,s,10.00000E-3,-10.2400,
Trigger Point,0.0,Samples,20.0000E-3,-10.2400,
,,,30.00000E-3,-10.2400,
,,,40.00000E-3,-10.2400,
,,,50.00000E-3,-10.2400,
Source,CH1,,59.999999E-3,-10.2400,
Vertical Units,Volts,,70.000000E-3,-10.2400,
Vertical Scale,2.0478,,79.999998E-3,-10.2400,
Vertical Offset,0,,89.999996E-3,-10.2400,
Horizontal Units,s,,99.999994E-3,-10.2400,
Horizontal Scale,2.5000,,110.0000E-3,-10.2400,
Pt Fmt,Y,,120.0000E-3,-10.2400,
Yzero,0.0,,130.0000E-3,-10.2400,
Probe Atten,10.0000,,140.0000E-3,-10.2400,
,,,149.99999E-3,-10.2400,
Note,TDS 2012 - 3:34:59 PM   4/26/2022,,160.00000E-3,-10.2400,
,,,170.00000E-3,-10.2400,
,,,179.99999E-3,-10.2400,
,,,190.00000E-3,-10.2400,
,,,199.99999E-3,-10.2400,
,,,209.99999E-3,-10.2400,
,,,220.00000E-3,-10.2400,
,,,229.99999E-3,-10.2400,
,,,239.99999E-3,-10.2400,
,,,250.00000E-3,-10.2400,
,,,259.99999E-3,-10.2400,
,,,269.99998E-3,-10.2400,
,,,280.00000E-3,-10.2400,
,,,289.99999E-3,-10.2400,
,,,299.99998E-3,-10.2400,
,,,310.00000E-3,-10.2400,
,,,319.99999E-3,-10.2400,
,,,329.99998E-3,-10.2400,
,,,340.00000E-3,-10.2400,
,,,349.99999E-3,-10.2400,
,,,359.99998E-3,-10.2400,
,,,370.00000E-3,-10.2400,
,,,380.00000E-3,-10.2400,
,,,389.99999E-3,-10.2400,
,,,399.99998E-3,-10.2400,
,,,409.999996E-3,-10.2400,
,,,419.999987E-3,-10.2400,
,,,429.999977E-3,-10.2400,
,,,439.999998E-3,-10.2400,
,,,449.999988E-3,-10.2400,
,,,459.999979E-3,-10.2400,
,,,469.999999E-3,-10.2400,
,,,479.999989E-3,-10.2400,
,,,489.999980E-3,-10.2400,
,,,500.000000E-3,-10.2400,
,,,509.999990E-3,-10.2400,
,,,519.999981E-3,-10.2400,
,,,529.999971E-3,-10.2400,
,,,539.999962E-3,-10.2400,
,,,550.000012E-3,-10.2400,
,,,560.000002E-3,-10.2400,
,,,569.999993E-3,-10.2400,
,,,579.999983E-3,-10.2400,
,,,589.999974E-3,-10.2400,
,,,599.999964E-3,-10.2400,
,,,610.000014E-3,-10.2400,
,,,620.000005E-3,-10.2400,
,,,629.999995E-3,-10.2400,
,,,639.999986E-3,-10.2400,
,,,649.999976E-3,-10.2400,
,,,659.999967E-3,-10.2400,
,,,669.999957E-3,-10.2400,
,,,680.000007E-3,-10.2400,
,,,689.999998E-3,-10.2400,
,,,699.999988E-3,-10.2400,
,,,709.999979E-3,-10.2400,
,,,719.999969E-3,-10.2400,
,,,729.999959E-3,-10.2400,
,,,740.000010E-3,-10.2400,
,,,750.000000E-3,-10.2400,
,,,759.999990E-3,-10.2400,
,,,769.999981E-3,-10.2400,
,,,779.999971E-3,-10.2400,
,,,789.999962E-3,-10.2400,
,,,799.999952E-3,-10.2400,
,,,810.000002E-3,-10.2400,
,,,819.999993E-3,-10.2400,
,,,829.999983E-3,-10.2400,
,,,839.999974E-3,-10.2400,
,,,849.999964E-3,-10.2400,
,,,859.999955E-3,-10.2400,
,,,870.000005E-3,-10.2400,
,,,879.999995E-3,-10.2400,
,,,889.999986E-3,-10.2400,
,,,899.999976E-3,-10.2400,
,,,909.999967E-3,-10.2400,
,,,919.999957E-3,-10.2400,
,,,930.000007E-3,-10.2400,
,,,939.999998E-3,-10.2400,
,,,949.999988E-3,-10.2400,
,,,959.999979E-3,-10.2400,
,,,969.999969E-3,-10.2400,
,,,979.999959E-3,-10.2400,
,,,989.999950E-3,-10.2400,
,,,1.000,-10.2400,
,,,1.0100,-10.2400,
,,,1.0200,-10.2400,
,,,1.0300,-10.2400,
,,,1.0400,-10.2400,
,,,1.0500,-10.2400,
,,,1.0600,-10.2400,
,,,1.0700,-10.2400,
,,,1.0800,-10.2400,
,,,1.0900,-10.2400,
,,,1.1000,-10.2400,
,,,1.1100,-10.2400,
,,,1.1200,-10.2400,
,,,1.1300,-10.2400,
,,,1.1400,-10.2400,
,,,1.1500,-10.2400,
,,,1.1600,-10.2400,
,,,1.1700,-10.2400,
,,,1.1800,-10.2400,
,,,1.1900,-10.2400,
,,,1.2000,-10.2400,
,,,1.2100,-10.2400,
,,,1.2200,-10.2400,
,,,1.2300,-10.2400,
,,,1.2400,-10.2400,
,,,1.2500,-10.2400,
,,,1.2600,-10.2400,
,,,1.2700,-10.2400,
,,,1.2800,-10.2400,
,,,1.2900,-10.2400,
,,,1.3000,-10.2400,
,,,1.3100,-10.2400,
,,,1.3200,-10.2400,
,,,1.3300,-10.2400,
,,,1.3400,-10.2400,
,,,1.3500,-10.2400,
,,,1.3600,-10.2400,
,,,1.3700,-10.2400,
,,,1.3800,-10.2400,
,,,1.3900,-10.2400,
,,,1.4000,-10.2400,
,,,1.4100,-10.2400,
,,,1.4200,-10.2400,
,,,1.4300,-10.2400,
,,,1.4400,-10.2400,
,,,1.4500,-10.2400,
,,,1.4600,-10.2400,
,,,1.4700,-10.2400,
,,,1.4800,-10.2400,
,,,1.4900,-10.2400,
,,,1.5000,-10.2400,
,,,1.5100,-10.2400,
,,,1.5200,-10.2400,
,,,1.5300,-10.2400,
,,,1.5400,-10.2400,
,,,1.5500,-10.2400,
,,,1.5600,-10.2400,
,,,1.5700,-10.2400,
,,,1.5800,-10.2400,
,,,1.5900,-10.2400,
,,,1.6000,-10.2400,
,,,1.6100,-10.2400,
,,,1.6200,-10.2400,
,,,1.6300,-10.2400,
,,,1.6400,-10.2400,
,,,1.6500,-10.2400,
,,,1.6600,-10.2400,
,,,1.6700,-10.2400,
,,,1.6800,-10.2400,
,,,1.6900,-10.2400,
,,,1.7000,-10.2400,
,,,1.7100,-10.2400,
,,,1.7200,-10.2400,
,,,1.7300,-10.2400,
,,,1.7400,-10.2400,
,,,1.7500,-10.2400,
,,,1.7600,-10.2400,
,,,1.7700,-10.2400,
,,,1.7800,-10.2400,
,,,1.7900,-10.2400,
,,,1.8000,-10.2400,
,,,1.8100,-10.2400,
,,,1.8200,-10.2400,
,,,1.8300,-10.2400,
,,,1.8400,-10.2400,
,,,1.8500,-10.2400,
,,,1.8600,-10.2400,
,,,1.8700,-10.2400,
,,,1.8800,-10.2400,
,,,1.8900,-10.2400,
,,,1.9000,-10.2400,
,,,1.9100,-10.2400,
,,,1.9200,-10.2400,
,,,1.9300,-10.2400,
,,,1.9400,-10.2400,
,,,1.9500,-10.2400,
,,,1.9600,-10.2400,
,,,1.9700,-10.2400,
,,,1.9800,-10.2400,
,,,1.9900,-10.2400,
,,,2.0000,-10.2400,
,,,2.0100,-10.2400,
,,,2.0200,-10.2400,
,,,2.0300,-10.2400,
,,,2.0400,-10.2400,
,,,2.0500,-10.2400,
,,,2.0600,10.1600,
,,,2.0700,-10.1600,
,,,2.0800,-10.1600,
,,,2.0900,-10.1600,
,,,2.1000,-9.120000,
,,,2.1100,-479.999989E-3,
,,,2.1200,-4.80000,
,,,2.1300,-4.72000,
,,,2.1400,-3.04000,
,,,2.1500,3.52000,
,,,2.1600,-2.4000,
,,,2.1700,5.52000,
,,,2.1800,-719.999969E-3,
,,,2.1900,560.000002E-3,
,,,2.2000,10.1600,
,,,2.2100,10.1600,
,,,2.2200,-3.04000,
,,,2.2300,-10.1600,
,,,2.2400,-10.1600,
,,,2.2500,-10.1600,
,,,2.2600,-8.800000,
,,,2.2700,0.0,
,,,2.2800,-4.80000,
,,,2.2900,-4.80000,
,,,2.3000,-3.04000,
,,,2.3100,3.68000,
,,,2.3200,-2.4000,
,,,2.3300,-3.28000,
,,,2.3400,-2.0800,
,,,2.3500,4.24000,
,,,2.3600,-2.1600,
,,,2.3700,-3.12000,
,,,2.3800,-2.0000,
,,,2.3900,4.48000,
,,,2.4000,-2.0000,
,,,2.4100,-3.04000,
,,,2.4200,-1.9200,
,,,2.4300,4.40000,
,,,2.4400,-2.0000,
,,,2.4500,5.84000,
,,,2.4600,-479.999989E-3,
,,,2.4700,799.999952E-3,
,,,2.4800,10.1600,
,,,2.4900,10.1600,
,,,2.5000,-160.00000E-3,
,,,2.5100,-10.1600,
,,,2.5200,-10.1600,
,,,2.5300,-10.1600,
,,,2.5400,-10.1600,
,,,2.5500,-2.0000,
,,,2.5600,-6.00000,
,,,2.5700,-5.44000,
,,,2.5800,-3.52000,
,,,2.5900,3.36000,
,,,2.6000,-2.6400,
,,,2.6100,-3.44000,
,,,2.6200,-2.2400,
,,,2.6300,4.24000,
,,,2.6400,-2.0800,
,,,2.6500,-3.12000,
,,,2.6600,-2.0000,
,,,2.6700,4.48000,
,,,2.6800,10.1600,
,,,2.6900,2.5600,
,,,2.7000,5.60000,
,,,2.7100,6.32000,
,,,2.72000,0.0,
,,,2.73000,10.1600,
,,,2.74000,10.1600,
,,,2.75000,-10.1600,
,,,2.76000,-10.1600,
,,,2.77000,-10.1600,
,,,2.78000,-7.04000,
,,,2.79000,1.2800,
,,,2.80000,-4.00000,
,,,2.81000,-4.24000,
,,,2.82000,-2.72000,
,,,2.83000,4.00000,
,,,2.84000,-2.4000,
,,,2.85000,-3.28000,
,,,2.86000,-2.0800,
,,,2.87000,4.40000,
,,,2.88000,-2.0800,
,,,2.89000,-3.12000,
,,,2.90000,-2.0000,
,,,2.91000,4.40000,
,,,2.92000,-2.0800,
,,,2.93000,-3.04000,
,,,2.94000,6.96000,
,,,2.95000,10.1600,
,,,2.96000,10.1600,
,,,2.97000,10.1600,
,,,2.98000,3.76000,
,,,2.99000,-10.1600,
,,,3.00000,-10.1600,
,,,3.01000,-10.1600,
,,,3.02000,-10.1600,
,,,3.03000,-1.9200,
,,,3.04000,-5.92000,
,,,3.05000,-5.44000,
,,,3.06000,-3.52000,
,,,3.07000,3.44000,
,,,3.08000,-2.72000,
,,,3.09000,-3.36000,
,,,3.10000,-2.1600,
,,,3.11000,4.24000,
,,,3.12000,6.56000,
,,,3.13000,-2.0800,
,,,3.14000,-3.92000,
,,,3.15000,799.999952E-3,
,,,3.16000,10.1600,
,,,3.17000,8.559999,
,,,3.18000,-7.840000,
,,,3.19000,-5.68000,
,,,3.20000,10.1600,
,,,3.21000,10.1600,
,,,3.22000,-1.4400,
,,,3.23000,-10.1600,
,,,3.24000,-10.1600,
,,,3.25000,-10.1600,
,,,3.26000,-9.280000,
,,,3.27000,-399.99998E-3,
,,,3.28000,-4.88000,
,,,3.29000,-4.80000,
,,,3.30000,-3.04000,
,,,3.31000,3.60000,
,,,3.32000,-2.4000,
,,,3.33000,-3.36000,
,,,3.34000,-2.0800,
,,,3.35000,4.24000,
,,,3.36000,10.1600,
,,,3.37000,-10.1600,
,,,3.38000,-10.1600,
,,,3.39000,-4.00000,
,,,3.40000,10.1600,
,,,3.41000,10.1600,
,,,3.42000,-4.72000,
,,,3.43000,-10.1600,
,,,3.44000,-10.1600,
,,,3.45000,-9.040000,
,,,3.46000,10.1600,
,,,3.47000,-10.1600,
,,,3.48000,-4.32000,
,,,3.49000,-10.1600,
,,,3.50000,-239.99999E-3,
,,,3.51000,6.64000,
,,,3.52000,-6.88000,
,,,3.53000,-6.32000,
,,,3.54000,-4.08000,
,,,3.55000,3.28000,
,,,3.56000,-2.88000,
,,,3.57000,-3.52000,
,,,3.58000,-2.3200,
,,,3.59000,4.48000,
,,,3.60000,-2.2400,
,,,3.61000,-3.12000,
,,,3.62000,-2.0000,
,,,3.63000,4.72000,
,,,3.64000,6.88000,
,,,3.65000,-2.1600,
,,,3.66000,5.04000,
,,,3.67000,-319.99999E-3,
,,,3.68000,10.1600,
,,,3.69000,10.1600,
,,,3.70000,9.040000,
,,,3.71000,-10.1600,
,,,3.72000,-10.1600,
,,,3.73000,-10.1600,
,,,3.74000,-10.1600,
,,,3.75000,7.28000,
,,,3.76000,-5.12000,
,,,3.77000,-7.440000,
,,,3.78000,-6.24000,
,,,3.79000,2.0000,
,,,3.80000,-3.84000,
,,,3.81000,-4.16000,
,,,3.82000,-2.6400,
,,,3.83000,4.24000,
,,,3.84000,-2.4000,
,,,3.85000,-3.28000,
,,,3.86000,-2.0800,
,,,3.87000,4.72000,
,,,3.88000,-2.1600,
,,,3.89000,-3.12000,
,,,3.90000,10.1600,
,,,3.91000,-2.0800,
,,,3.92000,10.1600,
,,,3.93000,10.1600,
,,,3.94000,10.1600,
,,,3.95000,-10.1600,
,,,3.96000,10.1600,
,,,3.97000,10.1600,
,,,3.98000,3.44000,
,,,3.99000,-10.1600,
,,,4.00000,10.1600,
,,,4.01000,-10.1600,
,,,4.02000,-10.1600,
,,,4.03000,-10.1600,
,,,4.04000,10.1600,
,,,4.05000,8.480000,
,,,4.06000,10.1600,
,,,4.07000,-10.1600,
,,,4.08000,-8.320000,
,,,4.09000,-10.1600,
,,,4.10000,-10.1600,
,,,4.11000,-3.60000,
,,,4.12000,-7.20000,
,,,4.13000,-6.32000,
,,,4.14000,-4.00000,
,,,4.15000,3.36000,
,,,4.16000,-2.88000,
,,,4.17000,-3.52000,
,,,4.18000,-2.3200,
,,,4.19000,4.56000,
,,,4.20000,-2.1600,
,,,4.21000,10.1600,
,,,4.22000,5.52000,
,,,4.23000,3.12000,
,,,4.24000,10.1600,
,,,4.25000,10.1600,
,,,4.26000,5.92000,
,,,4.27000,-10.1600,
,,,4.28000,10.1600,
,,,4.29000,10.1600,
,,,4.30000,2.2400,
,,,4.31000,-10.1600,
,,,4.32000,-10.1600,
,,,4.33000,-10.1600,
,,,4.34000,2.6400,
,,,4.35000,5.60000,
,,,4.36000,10.1600,
,,,4.37000,10.1600,
,,,4.38000,-10.1600,
,,,4.39000,-10.1600,
,,,4.40000,10.1600,
,,,4.41000,-6.16000,
,,,4.42000,-10.1600,
,,,4.43000,-10.1600,
,,,4.44000,-10.1600,
,,,4.45000,-9.120000,
,,,4.46000,-5.84000,
,,,4.47000,2.5600,
,,,4.48000,-3.68000,
,,,4.49000,-4.08000,
,,,4.50000,-2.6400,
,,,4.51000,4.56000,
,,,4.52000,-2.3200,
,,,4.53000,5.12000,
,,,4.54000,-1.9200,
,,,4.55000,1.2800,
,,,4.56000,9.840000,
,,,4.57000,10.1600,
,,,4.58000,10.1600,
,,,4.59000,-10.1600,
,,,4.60000,10.1600,
,,,4.61000,6.00000,
,,,4.62000,-10.1600,
,,,4.63000,-10.1600,
,,,4.64000,-10.1600,
,,,4.65000,-7.600000,
,,,4.66000,-319.99999E-3,
,,,4.67000,7.600000,
,,,4.68000,10.1600,
,,,4.69000,10.1600,
,,,4.70000,10.1600,
,,,4.71000,-10.1600,
,,,4.72000,8.720000,
,,,4.73000,10.1600,
,,,4.74000,-5.04000,
,,,4.75000,-10.1600,
,,,4.76000,-7.520000,
,,,4.77000,-10.1600,
,,,4.78000,-10.1600,
,,,4.79000,-2.5600,
,,,4.80000,-6.80000,
,,,4.81000,-6.08000,
,,,4.82000,-3.92000,
,,,4.83000,3.92000,
,,,4.84000,-2.96000,
,,,4.85000,-3.60000,
,,,4.86000,-2.3200,
,,,4.87000,5.04000,
,,,4.88000,10.1600,
,,,4.89000,-8.720000,
,,,4.90000,-9.440000,
,,,4.91000,-1.6000,
,,,4.92000,10.1600,
,,,4.93000,10.1600,
,,,4.94000,9.200000,
,,,4.95000,-10.1600,
,,,4.96000,-79.999998E-3,
,,,4.97000,10.1600,
,,,4.98000,-5.44000,
,,,4.99000,-10.1600,
,,,5.00000,-10.1600,
,,,5.01000,-10.1600,
,,,5.02000,-10.1600,
,,,5.03000,-1.4400,
,,,5.04000,-6.16000,
,,,5.05000,-5.60000,
,,,5.06000,-3.68000,
,,,5.07000,4.16000,
,,,5.08000,-2.88000,
,,,5.09000,-3.44000,
,,,5.10000,-2.2400,
,,,5.11000,5.04000,
,,,5.12000,8.720000,
,,,5.13000,-4.48000,
,,,5.14000,-6.24000,
,,,5.15000,479.999989E-3,
,,,5.16000,1.9200,
,,,5.17000,10.1600,
,,,5.18000,10.1600,
,,,5.19000,-10.1600,
,,,5.20000,10.1600,
,,,5.21000,10.1600,
,,,5.22000,6.96000,
,,,5.23000,-10.1600,
,,,5.24000,10.1600,
,,,5.25000,10.1600,
,,,5.26000,-9.760000,
,,,5.27000,-10.1600,
,,,5.28000,3.76000,
,,,5.29000,-10.1600,
,,,5.30000,-10.1600,
,,,5.31000,239.99999E-3,
,,,5.32000,-3.04000,
,,,5.33000,-10.1600,
,,,5.34000,-7.12000,
,,,5.35000,1.6000,
,,,5.36000,-4.16000,
,,,5.37000,5.68000,
,,,5.38000,-2.88000,
,,,5.39000,-1.5200,
,,,5.40000,10.1600,
,,,5.41000,10.1600,
,,,5.42000,10.1600,
,,,5.43000,-10.1600,
,,,5.44000,-10.1600,
,,,5.45000,-10.1600,
,,,5.46000,-10.1600,
,,,5.47000,-3.20000,
,,,5.48000,-7.36000,
,,,5.49000,2.5600,
,,,5.50000,-2.6400,
,,,5.51000,1.3600,
,,,5.52000,-4.80000,
,,,5.53000,-4.80000,
,,,5.54000,-3.12000,
,,,5.55000,4.72000,
,,,5.56000,10.1600,
,,,5.57000,10.1600,
,,,5.58000,10.1600,
,,,5.59000,-10.1600,
,,,5.60000,10.1600,
,,,5.61000,10.1600,
,,,5.62000,10.1600,
,,,5.63000,-10.1600,
,,,5.64000,10.1600,
,,,5.65000,10.1600,
,,,5.66000,-9.280000,
,,,5.67000,-10.1600,
,,,5.68000,-10.1600,
,,,5.69000,-10.1600,
,,,5.70000,-10.1600,
,,,5.71000,-4.88000,
,,,5.72000,-8.880000,
,,,5.73000,-7.600000,
,,,5.74000,-4.88000,
,,,5.75000,4.00000,
,,,5.76000,-3.44000,
,,,5.77000,-4.08000,
,,,5.78000,-2.6400,
,,,5.79000,5.60000,
,,,5.80000,10.1600,
,,,5.81000,-6.88000,
,,,5.82000,10.1600,
,,,5.83000,-10.1600,
,,,5.84000,-10.1600,
,,,5.85000,-1.6800,
,,,5.86000,-5.52000,
,,,5.87000,-239.99999E-3,
,,,5.88000,10.1600,
,,,5.89000,10.1600,
,,,5.90000,10.1600,
,,,5.91000,-10.1600,
,,,5.92000,-10.1600,
,,,5.93000,-10.1600,
,,,5.94000,-10.1600,
,,,5.95000,-1.7600,
,,,5.96000,-7.04000,
,,,5.97000,-6.32000,
,,,5.98000,-4.16000,
,,,5.99000,4.80000,
,,,6.00000,-3.12000,
,,,6.01000,-3.92000,
,,,6.02000,2.3200,
,,,6.03000,10.1600,
,,,6.04000,-2.1600,
,,,6.05000,10.1600,
,,,6.06000,10.1600,
,,,6.07000,-10.1600,
,,,6.08000,-10.1600,
,,,6.09000,-6.48000,
,,,6.10000,-9.040000,
,,,6.11000,-2.3200,
,,,6.12000,-7.680000,
,,,6.13000,-6.80000,
,,,6.14000,-4.40000,
,,,6.15000,4.64000,
,,,6.16000,-3.28000,
,,,6.17000,-4.00000,
,,,6.18000,-2.5600,
,,,6.19000,6.00000,
,,,6.20000,-2.5600,
,,,6.21000,-3.68000,
,,,6.22000,-2.3200,
,,,6.23000,6.08000,
,,,6.24000,7.520000,
,,,6.25000,-1.8400,
,,,6.26000,-4.80000,
,,,6.27000,2.4000,
,,,6.28000,2.72000,
,,,6.29000,10.1600,
,,,6.30000,10.1600,
,,,6.31000,-10.1600,
,,,6.32000,10.1600,
,,,6.33000,10.1600,
,,,6.34000,10.1600,
,,,6.35000,-10.1600,
,,,6.36000,6.32000,
,,,6.37000,-10.1600,
,,,6.38000,3.76000,
,,,6.39000,-8.880000,
,,,6.40000,-8.480000,
,,,6.41000,-8.480000,
,,,6.42000,-10.1600,
,,,6.43000,-4.72000,
,,,6.44000,-8.960000,
,,,6.45000,-7.520000,
,,,6.46000,-4.88000,
,,,6.47000,4.24000,
,,,6.48000,-3.44000,
,,,6.49000,2.72000,
,,,6.50000,7.920000,
,,,6.51000,-1.7600,
,,,6.52000,1.5200,
,,,6.53000,-5.36000,
,,,6.54000,-6.80000,
,,,6.55000,1.2800,
,,,6.56000,10.1600,
,,,6.57000,10.1600,
,,,6.58000,9.920000,
,,,6.59000,-10.1600,
,,,6.60000,10.1600,
,,,6.61000,-2.72000,
,,,6.62000,3.04000,
,,,6.63000,-10.1600,
,,,6.64000,-10.1600,
,,,6.65000,-10.1600,
,,,6.66000,-10.1600,
,,,6.67000,79.999998E-3,
,,,6.68000,-6.00000,
,,,6.69000,-5.60000,
,,,6.70000,-3.68000,
,,,6.71000,5.12000,
,,,6.72000,-2.88000,
,,,6.73000,-3.76000,
,,,6.74000,-2.0000,
,,,6.75000,2.96000,
,,,6.76000,10.1600,
,,,6.77000,-4.32000,
,,,6.78000,10.1600,
,,,6.79000,-8.559999,
,,,6.80000,10.1600,
,,,6.81000,10.1600,
,,,6.82000,-6.32000,
,,,6.83000,-10.1600,
,,,6.84000,-10.1600,
,,,6.85000,-10.1600,
,,,6.86000,-10.1600,
,,,6.87000,-1.3600,
,,,6.88000,-6.96000,
,,,6.89000,-6.32000,
,,,6.90000,-4.08000,
,,,6.91000,4.96000,
,,,6.92000,-319.99999E-3,
,,,6.93000,-4.96000,
,,,6.94000,-5.04000,
,,,6.95000,4.24000,
,,,6.96000,5.92000,
,,,6.97000,-2.6400,
,,,6.98000,10.1600,
,,,6.99000,-7.440000,
,,,7.00000,10.1600,
,,,7.01000,-8.480000,
,,,7.02000,-10.1600,
,,,7.03000,-3.60000,
,,,7.04000,10.1600,
,,,7.05000,10.1600,
,,,7.06000,239.99999E-3,
,,,7.07000,-10.1600,
,,,7.08000,-10.1600,
,,,7.09000,-10.1600,
,,,7.10000,-10.1600,
,,,7.11000,-479.999989E-3,
,,,7.12000,-6.40000,
,,,7.13000,-5.92000,
,,,7.14000,-3.84000,
,,,7.15000,5.20000,
,,,7.16000,-2.96000,
,,,7.17000,-3.76000,
,,,7.18000,-2.4000,
,,,7.19000,6.08000,
,,,7.20000,9.840000,
,,,7.21000,-3.52000,
,,,7.22000,10.1600,
,,,7.23000,-8.000000,
,,,7.24000,10.1600,
,,,7.25000,-10.1600,
,,,7.26000,10.1600,
,,,7.27000,-10.1600,
,,,7.28000,-10.1600,
,,,7.29000,10.1600,
,,,7.30000,9.920000,
,,,7.31000,-10.1600,
,,,7.32000,879.999995E-3,
,,,7.33000,-10.1600,
,,,7.34000,-10.1600,
,,,7.35000,-4.24000,
,,,7.36000,-8.639999,
,,,7.37000,-7.36000,
,,,7.38000,-4.72000,
,,,7.390000,4.64000,
,,,7.400000,3.76000,
,,,7.410000,10.1600,
,,,7.420000,-10.1600,
,,,7.430000,-7.20000,
,,,7.440000,10.1600,
,,,7.450000,10.1600,
,,,7.460000,-5.68000,
,,,7.470000,-8.639999,
,,,7.480000,-4.24000,
,,,7.490000,10.1600,
,,,7.500000,10.1600,
,,,7.510000,-10.1600,
,,,7.520000,-4.08000,
,,,7.530000,-10.1600,
,,,7.540000,-10.1600,
,,,7.550000,-1.7600,
,,,7.560000,-7.20000,
,,,7.570000,-6.32000,
,,,7.580000,-4.16000,
,,,7.590000,5.04000,
,,,7.600000,-3.12000,
,,,7.610000,-3.84000,
,,,7.620000,-2.4000,
,,,7.630000,6.08000,
,,,7.640000,-2.4000,
,,,7.650000,6.16000,
,,,7.660000,-8.960000,
,,,7.670000,7.920000,
,,,7.680000,-5.84000,
,,,7.690000,10.1600,
,,,7.700000,10.1600,
,,,7.710000,-7.680000,
,,,7.720000,10.1600,
,,,7.730000,-5.60000,
,,,7.740000,-10.1600,
,,,7.750000,-10.1600,
,,,7.760000,-7.920000,
,,,7.770000,-4.96000,
,,,7.780000,-7.840000,
,,,7.790000,-1.0400,
,,,7.800000,-7.12000,
,,,7.810000,-6.32000,
,,,7.820000,-4.08000,
,,,7.830000,5.12000,
,,,7.840000,-3.12000,
,,,7.850000,-3.76000,
,,,7.860000,-2.4000,
,,,7.870000,6.08000,
,,,7.880000,6.80000,
,,,7.890000,-1.8400,
,,,7.900000,-4.64000,
,,,7.910000,2.72000,
,,,7.920000,2.0800,
,,,7.930000,10.1600,
,,,7.940000,10.1600,
,,,7.950000,-10.1600,
,,,7.960000,10.1600,
,,,7.970000,10.1600,
,,,7.980000,5.84000,
,,,7.990000,-10.1600,
,,,8.000000,-10.1600,
,,,8.010000,-10.1600,
,,,8.020000,-10.1600,
,,,8.030000,-2.1600,
,,,8.040000,-7.440000,
,,,8.050000,-6.56000,
,,,8.059999,-4.24000,
,,,8.070000,5.04000,
,,,8.080000,-3.12000,
,,,8.090000,-3.84000,
,,,8.099999,-2.4000,
,,,8.110000,6.16000,
,,,8.120000,8.240000,
,,,8.130000,-3.52000,
,,,8.139999,10.1600,
,,,8.150000,-8.320000,
,,,8.160000,10.1600,
,,,8.170000,-10.1600,
,,,8.179999,-319.99999E-3,
,,,8.190000,-4.24000,
,,,8.200000,10.1600,
,,,8.210000,-5.92000,
,,,8.220000,-10.1600,
,,,8.230000,-8.080000,
,,,8.240000,-10.1600,
,,,8.250000,-8.880000,
,,,8.260000,-5.68000,
,,,8.270000,4.16000,
,,,8.280000,-3.68000,
,,,8.290000,-4.16000,
,,,8.300000,-2.6400,
,,,8.309999,6.08000,
,,,8.320000,-2.4800,
,,,8.330000,3.68000,
,,,8.340000,10.1600,
,,,8.349999,6.80000,
,,,8.360000,10.1600,
,,,8.370000,10.1600,
,,,8.380000,10.1600,
,,,8.389999,-10.1600,
,,,8.400000,-10.1600,
,,,8.410000,10.1600,
,,,8.420000,10.1600,
,,,8.429999,-10.1600,
,,,8.440000,-10.1600,
,,,8.450000,-10.1600,
,,,8.460000,-10.1600,
,,,8.470000,-319.99999E-3,
,,,8.480000,-6.48000,
,,,8.490000,-5.84000,
,,,8.500000,-3.76000,
,,,8.510000,5.36000,
,,,8.520000,-2.96000,
,,,8.530000,-3.68000,
,,,8.540000,-2.3200,
,,,8.550000,6.32000,
,,,8.559999,10.1600,
,,,8.570000,2.88000,
,,,8.580000,-3.36000,
,,,8.590000,2.1600,
,,,8.599999,10.1600,
,,,8.610000,10.1600,
,,,8.620000,10.1600,
,,,8.630000,-10.1600,
,,,8.639999,10.1600,
,,,8.650000,-6.16000,
,,,8.660000,-10.1600,
,,,8.670000,-10.1600,
,,,8.679999,-10.1600,
,,,8.690000,-10.1600,
,,,8.700000,-7.760000,
,,,8.710000,2.80000,
,,,8.720000,-4.48000,
,,,8.730000,-4.64000,
,,,8.740000,-2.96000,
,,,8.750000,6.00000,
,,,8.760000,4.72000,
,,,8.770000,4.56000,
,,,8.780000,-2.3200,
,,,8.790000,1.4400,
,,,8.800000,10.1600,
,,,8.809999,10.1600,
,,,8.820000,10.1600,
,,,8.830000,-10.1600,
,,,8.840000,10.1600,
,,,8.849999,-7.520000,
,,,8.860000,9.840000,
,,,8.870000,-10.1600,
,,,8.880000,-10.1600,
,,,8.889999,-10.1600,
,,,8.900000,-10.1600,
,,,8.910000,0.0,
,,,8.920000,-6.08000,
,,,8.929999,-5.60000,
,,,8.940000,-3.60000,
,,,8.950000,5.44000,
,,,8.960000,-2.88000,
,,,8.970000,-3.52000,
,,,8.980000,-2.3200,
,,,8.990000,6.32000,
,,,9.000000,-2.3200,
,,,9.010000,-3.20000,
,,,9.020000,-2.0800,
,,,9.030000,6.40000,
,,,9.040000,-2.2400,
,,,9.050000,-3.12000,
,,,9.059999,-2.0800,
,,,9.070000,6.40000,
,,,9.080000,-2.2400,
,,,9.090000,-3.12000,
,,,9.099999,-2.0000,
,,,9.110000,10.1600,
,,,9.120000,-719.999969E-3,
,,,9.130000,10.1600,
,,,9.139999,10.1600,
,,,9.150000,-10.1600,
,,,9.160000,-1.7600,
,,,9.170000,2.5600,
,,,9.179999,-5.44000,
,,,9.190000,-1.1200,
,,,9.200000,-6.56000,
,,,9.210000,-8.000000,
,,,9.220000,959.999979E-3,
,,,9.230000,-1.6000,
,,,9.240000,10.1600,
,,,9.250000,-2.96000,
,,,9.260000,-8.639999,
,,,9.270000,-799.999952E-3,
,,,9.280000,4.16000,
,,,9.290000,-6.80000,
,,,9.300000,-4.32000,
,,,9.309999,3.36000,
,,,9.320000,-4.32000,
,,,9.330000,-4.56000,
,,,9.340000,-2.88000,
,,,9.349999,6.08000,
,,,9.360000,6.32000,
,,,9.370000,6.88000,
,,,9.380000,10.1600,
,,,9.389999,-8.320000,
,,,9.400000,9.599999,
,,,9.410000,10.1600,
,,,9.420000,1.1200,
,,,9.429999,-10.1600,
,,,9.440000,-10.1600,
,,,9.450000,-10.1600,
,,,9.460000,-10.1600,
,,,9.469999,-2.96000,
,,,9.480000,10.1600,
,,,9.490000,10.1600,
,,,9.500000,-2.6400,
,,,9.510000,-10.1600,
,,,9.520000,-10.1600,
,,,9.530000,-10.1600,
,,,9.540000,-9.280000,
,,,9.550000,2.0800,
,,,9.559999,5.60000,
,,,9.570000,-7.920000,
,,,9.580000,-8.480000,
,,,9.590000,-959.999979E-3,
,,,9.599999,10.1600,
,,,9.610000,10.1600,
,,,9.620000,-8.480000,
,,,9.630000,-10.1600,
,,,9.639999,-10.1600,
,,,9.650000,-10.1600,
,,,9.660000,-5.12000,
,,,9.670000,-1.1200,
,,,9.679999,-7.36000,
,,,9.690000,-6.40000,
,,,9.700000,-4.16000,
,,,9.710000,5.36000,
,,,9.719999,-3.12000,
,,,9.730000,-3.68000,
,,,9.740000,-2.4000,
,,,9.750000,6.40000,
,,,9.760000,6.48000,
,,,9.770000,4.32000,
,,,9.780000,-2.0000,
,,,9.790000,3.28000,
,,,9.800000,10.1600,
,,,9.809999,10.1600,
,,,9.820000,-2.72000,
,,,9.830000,-10.1600,
,,,9.840000,-10.1600,
,,,9.849999,-10.1600,
,,,9.860000,-10.1600,
,,,9.870000,-719.999969E-3,
,,,9.880000,-6.88000,
,,,9.889999,-6.08000,
,,,9.900000,-3.92000,
,,,9.910000,5.60000,
,,,9.920000,-2.96000,
,,,9.929999,-3.68000,
,,,9.940000,-2.3200,
,,,9.950000,6.56000,
,,,9.960000,6.64000,
,,,9.969999,-239.99999E-3,
,,,9.980000,4.00000,
,,,9.990000,10.1600,
,,,10.0000,1.2000,
,,,10.0100,-3.20000,
,,,10.0200,10.1600,
,,,10.0300,-3.92000,
,,,10.0400,-2.96000,
,,,10.0500,10.1600,
,,,10.0600,10.1600,
,,,10.0700,-10.1600,
,,,10.0800,4.72000,
,,,10.0900,-10.1600,
,,,10.1000,-10.1600,
,,,10.1100,-3.28000,
,,,10.1200,-8.480000,
,,,10.1300,-7.04000,
,,,10.1400,-4.48000,
,,,10.1500,5.20000,
,,,10.1600,-3.20000,
,,,10.1700,-3.84000,
,,,10.1800,-2.4800,
,,,10.1900,6.64000,
,,,10.2000,6.40000,
,,,10.2100,-2.0000,
,,,10.2200,10.1600,
,,,10.2300,-7.680000,
,,,10.2400,9.520000,
,,,10.2500,-10.1600,
,,,10.2600,-5.44000,
,,,10.2700,4.80000,
,,,10.2800,-10.1600,
,,,10.2900,-8.639999,
,,,10.3000,-5.52000,
,,,10.3100,4.64000,
,,,10.3200,-3.60000,
,,,10.3300,-4.00000,
,,,10.3400,-2.5600,
,,,10.3500,6.56000,
,,,10.3600,-2.4000,
,,,10.3700,-3.28000,
,,,10.3800,10.1600,
,,,10.3900,8.559999,
,,,10.4000,-6.40000,
,,,10.4100,-1.0400,
,,,10.4200,10.1600,
,,,10.4300,-10.1600,
,,,10.4400,-3.92000,
,,,10.4500,-7.28000,
,,,10.4600,-8.240000,
,,,10.4700,1.2000,
,,,10.4800,10.1600,
,,,10.4900,10.1600,
,,,10.5000,9.920000,
,,,10.5100,-10.1600,
,,,10.5200,-10.1600,
,,,10.5300,-10.1600,
,,,10.5400,-10.1600,
,,,10.5500,479.999989E-3,
,,,10.5600,-6.24000,
,,,10.5700,-5.68000,
,,,10.5800,-3.68000,
,,,10.5900,6.00000,
,,,10.6000,-2.88000,
,,,10.6100,-3.60000,
,,,10.6200,-2.2400,
,,,10.6300,6.72000,
,,,10.6400,10.1600,
,,,10.6500,-799.999952E-3,
,,,10.6600,-7.12000,
,,,10.6700,160.00000E-3,
,,,10.6800,10.1600,
,,,10.6900,10.1600,
,,,10.7000,1.2000,
,,,10.7100,-10.1600,
,,,10.7200,-8.880000,
,,,10.7300,-10.1600,
,,,10.7400,-10.1600,
,,,10.7500,1.2800,
,,,10.7600,-5.84000,
,,,10.7700,-5.28000,
,,,10.7800,-3.44000,
,,,10.7900,6.16000,
,,,10.8000,-2.80000,
,,,10.8100,-3.44000,
,,,10.8200,-2.2400,
,,,10.8300,6.88000,
,,,10.8400,10.1600,
,,,10.8500,2.1600,
,,,10.8600,3.92000,
,,,10.8700,10.1600,
,,,10.8800,2.6400,
,,,10.8900,10.1600,
,,,10.9000,10.1600,
,,,10.9100,-10.1600,
,,,10.9200,10.1600,
,,,10.9300,-160.00000E-3,
,,,10.9400,-10.1600,
,,,10.9500,-10.0800,
,,,10.9600,-4.48000,
,,,10.9700,-9.760000,
,,,10.9800,-9.760000,
,,,10.9900,1.9200,
,,,11.0000,-5.44000,
,,,11.0100,-5.20000,
,,,11.0200,-3.28000,
,,,11.0300,6.24000,
,,,11.0400,-2.80000,
,,,11.0500,-3.44000,
,,,11.0600,4.40000,
,,,11.0700,10.1600,
,,,11.0800,-2.0800,
,,,11.0900,399.99998E-3,
,,,11.1000,10.1600,
,,,11.1100,-9.120000,
,,,11.1200,6.64000,
,,,11.1300,-6.56000,
,,,11.1400,-10.1600,
,,,11.1500,-3.28000,
,,,11.1600,-8.800000,
,,,11.1700,-7.28000,
,,,11.1800,-4.64000,
,,,11.1900,5.60000,
,,,11.2000,-3.28000,
,,,11.2100,-3.84000,
,,,11.2200,-2.4800,
,,,11.2300,6.96000,
,,,11.2400,-2.4000,
,,,11.2500,-3.28000,
,,,11.2600,10.1600,
,,,11.2700,9.040000,
,,,11.2800,-7.28000,
,,,11.2900,10.1600,
,,,11.3000,10.1600,
,,,11.3100,-10.1600,
,,,11.3200,-10.1600,
,,,11.3300,-5.60000,
,,,11.3400,-7.920000,
,,,11.3500,0.0,
,,,11.3600,-6.96000,
,,,11.3700,-6.16000,
,,,11.3800,-3.92000,
,,,11.3900,6.24000,
,,,11.4000,-3.04000,
,,,11.4100,-3.68000,
,,,11.4200,-2.3200,
,,,11.4300,7.12000,
,,,11.4400,-2.4000,
,,,11.4500,5.84000,
,,,11.4600,-4.32000,
,,,11.4700,2.96000,
,,,11.4800,10.1600,
,,,11.4900,10.1600,
,,,11.5000,10.1600,
,,,11.5100,-10.1600,
,,,11.5200,-10.1600,
,,,11.5300,-7.760000,
,,,11.5400,-9.360000,
,,,11.5500,-879.999995E-3,
,,,11.5600,-7.520000,
,,,11.5700,-6.48000,
,,,11.5800,-4.24000,
,,,11.5900,6.08000,
,,,11.6000,-3.20000,
,,,11.6100,-3.84000,
,,,11.6200,-2.4000,
,,,11.6300,7.12000,
,,,11.6400,-2.4000,
,,,11.6500,3.68000,
,,,11.6600,4.08000,
,,,11.6700,10.1600,
,,,11.6800,10.1600,
,,,11.6900,8.559999,
,,,11.7000,10.1600,
,,,11.7100,-5.68000,
,,,11.7200,-10.1600,
,,,11.7300,10.1600,
,,,11.7400,10.1600,
,,,11.7500,-10.1600,
,,,11.7600,-10.1600,
,,,11.7700,-10.1600,
,,,11.7800,-10.1600,
,,,11.7900,-2.5600,
,,,11.8000,-8.559999,
,,,11.8100,-7.12000,
,,,11.8200,-4.56000,
,,,11.8300,5.84000,
,,,11.8400,-3.36000,
,,,11.8500,-3.84000,
,,,11.8600,-2.4000,
,,,11.8700,7.20000,
,,,11.8800,6.32000,
,,,11.8900,-2.0800,
,,,11.9000,-4.48000,
,,,11.9100,2.4000,
,,,11.9200,10.1600,
,,,11.9300,10.1600,
,,,11.9400,6.88000,
,,,11.9500,-10.1600,
,,,11.9600,-9.280000,
,,,11.9700,-10.1600,
,,,11.9800,-10.1600,
,,,11.9900,1.6800,
,,,12.0000,-5.92000,
,,,12.0100,-5.44000,
,,,12.0200,-3.52000,
,,,12.0300,6.64000,
,,,12.0400,-2.88000,
,,,12.0500,-3.60000,
,,,12.0600,-2.3200,
,,,12.0700,7.28000,
,,,12.0800,10.1600,
,,,12.0900,4.72000,
,,,12.1000,-10.1600,
,,,12.1100,-5.52000,
,,,12.1200,10.1600,
,,,12.1300,10.1600,
,,,12.1400,10.1600,
,,,12.1500,-10.1600,
,,,12.1600,10.1600,
,,,12.1700,10.1600,
,,,12.1800,-10.1600,
,,,12.1900,-10.1600,
,,,12.2000,10.1600,
,,,12.2100,10.1600,
,,,12.2200,560.000002E-3,
,,,12.2300,-10.1600,
,,,12.2400,-1.5200,
,,,12.2500,-10.1600,
,,,12.2600,-10.1600,
,,,12.2700,-4.08000,
,,,12.2800,-8.240000,
,,,12.2900,-10.1600,
,,,12.3000,-8.320000,
,,,12.3100,3.52000,
,,,12.3200,-4.72000,
,,,12.3300,-4.72000,
,,,12.3400,7.600000,
,,,12.3500,9.520000,
,,,12.3600,160.00000E-3,
,,,12.3700,10.1600,
,,,12.3800,10.1600,
,,,12.3900,-10.1600,
,,,12.4000,3.84000,
,,,12.4100,-10.1600,
,,,12.4200,-3.92000,
,,,12.4300,1.6800,
,,,12.4400,-4.16000,
,,,12.4500,-10.1600,
,,,12.4600,-7.680000,
,,,12.4700,4.00000,
,,,12.4800,4.16000,
,,,12.4900,-3.36000,
,,,12.5000,-5.28000,
,,,12.5100,2.0000,
,,,12.5200,10.1600,
,,,12.5300,10.1600,
,,,12.5400,-319.99999E-3,
,,,12.5500,-10.1600,
,,,12.5600,-10.1600,
,,,12.5700,10.1600,
,,,12.5800,10.1600,
,,,12.5900,-10.1600,
,,,12.6000,-10.1600,
,,,12.6100,10.1600,
,,,12.6200,10.0000,
,,,12.6300,-10.1600,
,,,12.6400,-1.6800,
,,,12.6500,-10.1600,
,,,12.6600,-10.1600,
,,,12.6700,-239.99999E-3,
,,,12.6800,-7.12000,
,,,12.6900,-6.16000,
,,,12.7000,-4.00000,
,,,12.7100,6.48000,
,,,12.7200,-3.12000,
,,,12.7300,-3.68000,
,,,12.7400,-2.4000,
,,,12.7500,7.520000,
,,,12.7600,6.32000,
,,,12.7700,-2.0800,
,,,12.7800,10.1600,
,,,12.7900,-5.68000,
,,,12.8000,10.1600,
,,,12.8100,10.1600,
,,,12.8200,-79.999998E-3,
,,,12.8300,-10.1600,
,,,12.8400,-5.12000,
,,,12.8500,-10.1600,
,,,12.8600,-10.1600,
,,,12.8700,560.000002E-3,
,,,12.8800,-6.72000,
,,,12.8900,-6.00000,
,,,12.9000,-3.84000,
,,,12.9100,6.64000,
,,,12.9200,-3.04000,
,,,12.9300,-3.68000,
,,,12.9400,-2.2400,
,,,12.9500,7.600000,
,,,12.9600,-2.4000,
,,,12.9700,10.1600,
,,,12.9800,-10.1600,
,,,12.9900,-10.1600,
,,,13.0000,10.1600,
,,,13.0100,10.1600,
,,,13.0200,2.6400,
,,,13.0300,-10.1600,
,,,13.0400,7.04000,
,,,13.0500,-10.1600,
,,,13.0600,-10.1600,
,,,13.0700,-7.520000,
,,,13.0800,10.1600,
,,,13.0900,1.8400,
,,,13.1000,-10.1600,
,,,13.1100,-4.16000,
,,,13.1200,-10.1600,
,,,13.1300,-10.1600,
,,,13.1400,-9.200000,
,,,13.1500,3.20000,
,,,13.1600,-5.20000,
,,,13.1700,-4.96000,
,,,13.1800,-3.20000,
,,,13.1900,7.12000,
,,,13.2000,-2.80000,
,,,13.2100,-3.52000,
,,,13.2200,-2.3200,
,,,13.2300,7.680000,
,,,13.2400,10.1600,
,,,13.2500,-4.80000,
,,,13.2600,-8.720000,
,,,13.2700,-1.8400,
,,,13.2800,10.1600,
,,,13.2900,10.1600,
,,,13.3000,-3.20000,
,,,13.3100,-10.1600,
,,,13.3200,-10.1600,
,,,13.3300,-2.0800,
,,,13.3400,-10.1600,
,,,13.3500,-879.999995E-3,
,,,13.3600,-7.760000,
,,,13.3700,-6.64000,
,,,13.3800,-4.32000,
,,,13.3900,6.64000,
,,,13.4000,-3.20000,
,,,13.4100,-3.84000,
,,,13.4200,-2.4000,
,,,13.4300,7.760000,
,,,13.4400,10.1600,
,,,13.4500,4.32000,
,,,13.4600,-639.999986E-3,
,,,13.4700,4.08000,
,,,13.4800,10.1600,
,,,13.4900,-10.1600,
,,,13.5000,-10.1600,
,,,13.5100,2.4000,
,,,13.5200,2.96000,
,,,13.5300,-4.24000,
,,,13.5400,-5.84000,
,,,13.5500,3.52000,
,,,13.5600,10.1600,
,,,13.5700,4.08000,
,,,13.5800,-9.360000,
,,,13.5900,-2.4000,
,,,13.6000,-7.760000,
,,,13.6100,-9.200000,
,,,13.6200,10.1600,
,,,13.6300,-7.920000,
,,,13.6400,10.1600,
,,,13.6500,-10.1600,
,,,13.6600,-10.1600,
,,,13.6700,-6.48000,
,,,13.6800,-10.1600,
,,,13.6900,-8.720000,
,,,13.7000,879.999995E-3,
,,,13.7100,10.1600,
,,,13.7200,-3.60000,
,,,13.7300,2.0000,
,,,13.7400,10.1600,
,,,13.7500,-9.520000,
,,,13.7600,10.1600,
,,,13.7700,10.1600,
,,,13.7800,-5.36000,
,,,13.7900,-10.1600,
,,,13.8000,10.1600,
,,,13.8100,-10.1600,
,,,13.8200,-10.1600,
,,,13.8300,-5.76000,
,,,13.8400,-10.1600,
,,,13.8500,-8.480000,
,,,13.8600,-5.44000,
,,,13.8700,5.76000,
,,,13.8800,-3.68000,
,,,13.8900,-4.00000,
,,,13.9000,-2.5600,
,,,13.9100,7.680000,
,,,13.9200,-2.4800,
,,,13.9300,-3.28000,
,,,13.9400,-2.0800,
,,,13.9500,7.920000,
,,,13.9600,10.1600,
,,,13.9700,-10.1600,
,,,13.9800,10.1600,
,,,13.9900,-10.1600,
,,,14.0000,10.1600,
,,,14.0100,10.1600,
,,,14.0200,-2.96000,
,,,14.0300,-10.1600,
,,,14.0400,-10.1600,
,,,14.0500,-10.1600,
,,,14.0600,-10.1600,
,,,14.0700,1.4400,
,,,14.0800,-6.32000,
,,,14.0900,-5.68000,
,,,14.1000,-3.68000,
,,,14.1100,10.1600,
,,,14.1200,-1.6000,
,,,14.1300,10.1600,
,,,14.1400,10.1600,
,,,14.1500,-10.1600,
,,,14.1600,10.1600,
,,,14.1700,-9.120000,
,,,14.1800,-7.12000,
,,,14.1900,-10.1600,
,,,14.2000,-10.1600,
,,,14.2100,-10.1600,
,,,14.2200,-7.28000,
,,,14.2300,4.64000,
,,,14.2400,-4.40000,
,,,14.2500,-4.48000,
,,,14.2600,-2.88000,
,,,14.2700,7.440000,
,,,14.2800,-2.6400,
,,,14.2900,-3.36000,
,,,14.3000,-2.0800,
,,,14.3100,7.920000,
,,,14.3200,-2.3200,
,,,14.3300,-3.12000,
,,,14.3400,-2.0000,
,,,14.3500,7.920000,
,,,14.3600,-2.2400,
,,,14.3700,-3.12000,
,,,14.3800,-2.0000,
,,,14.3900,8.000000,
,,,14.4000,-2.2400,
,,,14.4100,-3.12000,
,,,14.4200,-2.0000,
,,,14.4300,8.000000,
,,,14.4400,-2.1600,
,,,14.4500,-3.12000,
,,,14.4600,6.56000,
,,,14.4700,10.1600,
,,,14.4800,10.1600,
,,,14.4900,10.1600,
,,,14.5000,10.1600,
,,,14.5100,-10.1600,
,,,14.5200,10.1600,
,,,14.5300,10.1600,
,,,14.5400,3.44000,
,,,14.5500,-10.1600,
,,,14.5600,-6.56000,
,,,14.5700,160.00000E-3,
,,,14.5800,-10.1600,
,,,14.5900,-6.16000,
,,,14.6000,10.1600,
,,,14.6100,10.1600,
,,,14.6200,-5.52000,
,,,14.6300,-10.1600,
,,,14.6400,-10.1600,
,,,14.6500,3.60000,
,,,14.6600,-10.1600,
,,,14.6700,-3.28000,
,,,14.6800,-9.599999,
,,,14.6900,-7.760000,
,,,14.7000,-5.12000,
,,,14.7100,6.48000,
,,,14.7200,-3.60000,
,,,14.7300,-4.08000,
,,,14.7400,-2.6400,
,,,14.7500,8.080000,
,,,14.7600,-2.5600,
,,,14.7700,-3.44000,
,,,14.7800,10.1600,
,,,14.7900,7.28000,
,,,14.8000,10.1600,
,,,14.8100,879.999995E-3,
,,,14.8200,-10.1600,
,,,14.8300,-8.559999,
,,,14.8400,10.1600,
,,,14.8500,10.1600,
,,,14.8600,10.1600,
,,,14.8700,-10.1600,
,,,14.8800,8.559999,
,,,14.8900,10.1600,
,,,14.9000,4.72000,
,,,14.9100,-10.1600,
,,,14.9200,5.76000,
,,,14.9300,-10.1600,
,,,14.9400,-10.1600,
,,,14.9500,-5.28000,
,,,14.9600,-6.72000,
,,,14.9700,-1.4400,
,,,14.9800,-5.60000,
,,,14.9900,2.5600,
,,,15.0000,10.1600,
,,,15.0100,-9.360000,
,,,15.0200,-6.24000,
,,,15.0300,7.28000,
,,,15.0400,-1.6800,
,,,15.0500,-9.920000,
,,,15.0600,-6.80000,
,,,15.0700,5.76000,
,,,15.0800,-4.32000,
,,,15.0900,-4.48000,
,,,15.1000,-2.88000,
,,,15.1100,8.320000,
,,,15.1200,-2.80000,
,,,15.1300,-3.52000,
,,,15.1400,10.1600,
,,,15.1500,6.08000,
,,,15.1600,10.1600,
,,,15.1700,10.1600,
,,,15.1800,10.1600,
,,,15.1900,-10.1600,
,,,15.2000,10.1600,
,,,15.2100,10.1600,
,,,15.2200,2.6400,
,,,15.2300,-10.1600,
,,,15.2400,-4.32000,
,,,15.2500,-10.1600,
,,,15.2600,-10.1600,
,,,15.2700,-3.76000,
,,,15.2800,-10.0000,
,,,15.2900,799.999952E-3,
,,,15.3000,-4.00000,
,,,15.3100,3.36000,
,,,15.3200,10.1600,
,,,15.3300,10.1600,
,,,15.3400,10.0000,
,,,15.3500,-10.1600,
,,,15.3600,-9.840000,
,,,15.3700,-10.1600,
,,,15.3800,-10.1600,
,,,15.3900,-799.999952E-3,
,,,15.4000,-8.480000,
,,,15.4100,-7.12000,
,,,15.4200,-4.64000,
,,,15.4300,7.36000,
,,,15.4400,-3.44000,
,,,15.4500,-4.08000,
,,,15.4600,-2.6400,
,,,15.4700,8.559999,
,,,15.4800,6.40000,
,,,15.4900,-2.3200,
,,,15.5000,10.1600,
,,,15.5100,-6.88000,
,,,15.5200,10.1600,
,,,15.5300,-1.2800,
,,,15.5400,-10.1600,
,,,15.5500,-639.999986E-3,
,,,15.5600,-10.1600,
,,,15.5700,-10.1600,
,,,15.5800,-8.960000,
,,,15.5900,4.72000,
,,,15.6000,-5.20000,
,,,15.6100,-5.04000,
,,,15.6200,-3.28000,
,,,15.6300,8.400000,
,,,15.6400,-2.88000,
,,,15.6500,-3.68000,
,,,15.6600,-2.4000,
,,,15.6700,8.880000,
,,,15.6800,10.1600,
,,,15.6900,-7.520000,
,,,15.7000,-10.1600,
,,,15.7100,-6.48000,
,,,15.7200,10.1600,
,,,15.7300,10.1600,
,,,15.7400,4.88000,
,,,15.7500,-10.1600,
,,,15.7600,-10.1600,
,,,15.7700,-10.1600,
,,,15.7800,-10.1600,
,,,15.7900,1.5200,
,,,15.8000,-6.80000,
,,,15.8100,-6.00000,
,,,15.8200,-3.92000,
,,,15.8300,7.28000,
,,,15.8400,-3.04000,
,,,15.8500,-3.60000,
,,,15.8600,-2.4000,
,,,15.8700,10.1600,
,,,15.8800,-1.2000,
,,,15.8900,10.1600,
,,,15.9000,10.1600,
,,,15.9100,-4.40000,
,,,15.9200,10.1600,
,,,15.9300,10.1600,
,,,15.9400,4.32000,
,,,15.9500,-10.1600,
,,,15.9600,10.1600,
,,,15.9700,8.160000,
,,,15.9800,-6.24000,
,,,15.9900,-10.1600,
,,,16.0000,8.880000,
,,,16.0100,-10.1600,
,,,16.0200,-10.1600,
,,,16.0300,-7.36000,
,,,16.0400,10.1600,
,,,16.0500,1.0400,
,,,16.0600,-10.1600,
,,,16.0700,-3.44000,
,,,16.0800,-10.1600,
,,,16.0900,-10.1600,
,,,16.1000,-8.880000,
,,,16.1100,4.00000,
,,,16.1200,-5.04000,
,,,16.1300,-4.80000,
,,,16.1400,-3.12000,
,,,16.1500,7.600000,
,,,16.1600,-2.72000,
,,,16.1700,-3.44000,
,,,16.1800,-2.1600,
,,,16.1900,8.400000,
,,,16.2000,10.1600,
,,,16.2100,1.2000,
,,,16.2200,10.1600,
,,,16.2300,-10.1600,
,,,16.2400,10.1600,
,,,16.2500,10.1600,
,,,16.2600,79.999998E-3,
,,,16.2700,-10.1600,
,,,16.2800,-10.1600,
,,,16.2900,-10.1600,
,,,16.3000,-10.1600,
,,,16.3100,319.99999E-3,
,,,16.3200,-7.28000,
,,,16.3300,-6.24000,
,,,16.3400,-4.08000,
,,,16.3500,6.96000,
,,,16.3600,-3.12000,
,,,16.3700,-3.52000,
,,,16.3800,-2.3200,
,,,16.3900,8.160000,
,,,16.4000,-2.4000,
,,,16.4100,5.04000,
,,,16.4200,1.6800,
,,,16.4300,5.92000,
,,,16.4400,5.84000,
,,,16.4500,10.1600,
,,,16.4600,5.28000,
,,,16.4700,-10.1600,
,,,16.4800,-2.72000,
,,,16.4900,-10.1600,
,,,16.5000,-10.1600,
,,,16.5100,2.6400,
,,,16.5200,-5.60000,
,,,16.5300,-5.04000,
,,,16.5400,-3.20000,
,,,16.5500,7.12000,
,,,16.5600,-2.6400,
,,,16.5700,-3.20000,
,,,16.5800,-2.0800,
,,,16.5900,7.920000,
,,,16.6000,5.52000,
,,,16.6100,-1.9200,
,,,16.6200,10.1600,
,,,16.6300,-4.64000,
,,,16.6400,10.1600,
,,,16.6500,10.1600,
,,,16.6600,-3.92000,
,,,16.6700,-10.1600,
,,,16.6800,-7.520000,
,,,16.6900,-10.1600,
,,,16.7000,-10.1600,
,,,16.7100,1.2000,
,,,16.7200,-6.16000,
,,,16.7300,-5.36000,
,,,16.7400,-3.44000,
,,,16.7500,6.72000,
,,,16.7600,-2.72000,
,,,16.7700,-3.12000,
,,,16.7800,-2.0000,
,,,16.7900,7.760000,
,,,16.8000,10.1600,
,,,16.8100,-2.4000,
,,,16.8200,-7.36000,
,,,16.8300,639.999986E-3,
,,,16.8400,10.1600,
,,,16.8500,10.1600,
,,,16.8600,5.44000,
,,,16.8700,-10.1600,
,,,16.8800,-7.520000,
,,,16.8900,3.28000,
,,,16.9000,-10.1600,
,,,16.9100,-1.0400,
,,,16.9200,-7.520000,
,,,16.9300,-6.24000,
,,,16.9400,-4.00000,
,,,16.9500,10.1600,
,,,16.9600,-1.9200,
,,,16.9700,2.80000,
,,,16.9800,10.1600,
,,,16.9900,-6.16000,
,,,17.0000,10.1600,
,,,17.0100,-10.1600,
,,,17.0200,1.6000,
,,,17.0300,-5.28000,
,,,17.0400,-10.1600,
,,,17.0500,-10.1600,
,,,17.0600,7.840000,
,,,17.0700,-1.2000,
,,,17.0800,10.1600,
,,,17.0900,10.1600,
,,,17.1000,2.6400,
,,,17.1100,-10.1600,
,,,17.1200,-10.1600,
,,,17.1300,-9.120000,
,,,17.1400,-6.32000,
,,,17.1500,4.48000,
,,,17.1600,-2.3200,
,,,17.1700,-8.639999,
,,,17.1800,-5.92000,
,,,17.1900,5.04000,
,,,17.2000,-3.60000,
,,,17.2100,-3.68000,
,,,17.2200,-2.3200,
,,,17.2300,7.20000,
,,,17.2400,-2.1600,
,,,17.2500,10.1600,
,,,17.2600,959.999979E-3,
,,,17.2700,9.360000,
,,,17.2800,560.000002E-3,
,,,17.2900,10.1600,
,,,17.3000,10.1600,
,,,17.3100,-10.1600,
,,,17.3200,10.1600,
,,,17.3300,-8.559999,
,,,17.3400,10.1600,
,,,17.3500,-10.1600,
,,,17.3600,2.3200,
,,,17.3700,-8.559999,
,,,17.3800,-10.1600,
,,,17.3900,-7.12000,
,,,17.4000,-10.1600,
,,,17.4100,-8.480000,
,,,17.4200,-5.44000,
,,,17.4300,5.52000,
,,,17.4400,-3.36000,
,,,17.4500,-3.52000,
,,,17.4600,-2.2400,
,,,17.4700,7.440000,
,,,17.4800,-2.0800,
,,,17.4900,10.1600,
,,,17.5000,4.16000,
,,,17.5100,9.040000,
,,,17.5200,-5.12000,
,,,17.5300,10.1600,
,,,17.5400,10.1600,
,,,17.5500,-10.1600,
,,,17.5600,-10.1600,
,,,17.5700,-10.1600,
,,,17.5800,-959.999979E-3,
,,,17.5900,9.760000,
,,,17.6000,10.1600,
,,,17.6100,10.1600,
,,,17.6200,-1.5200,
,,,17.6300,-10.1600,
,,,17.6400,2.96000,
,,,17.6500,-10.1600,
,,,17.6600,10.1600,
,,,17.6700,-10.1600,
,,,17.6800,-7.920000,
,,,17.6900,-10.1600,
,,,17.7000,-9.599999,
,,,17.7100,1.4400,
,,,17.7200,-6.08000,
,,,17.7300,-5.28000,
,,,17.7400,-1.3600,
,,,17.7500,5.76000,
,,,17.7600,-3.44000,
,,,17.7700,-3.60000,
,,,17.7800,-2.3200,
,,,17.7900,7.680000,
,,,17.8000,1.3600,
,,,17.8100,3.12000,
,,,17.8200,-2.0000,
,,,17.8300,4.08000,
,,,17.8400,10.1600,
,,,17.8500,10.1600,
,,,17.8600,6.40000,
,,,17.8700,-10.1600,
,,,17.8800,-10.1600,
,,,17.8900,-9.120000,
,,,17.9000,-9.599999,
,,,17.9100,239.99999E-3,
,,,17.9200,-7.04000,
,,,17.9300,-5.84000,
,,,17.9400,-3.76000,
,,,17.9500,10.1600,
,,,17.9600,-1.7600,
,,,17.9700,-5.20000,
,,,17.9800,10.1600,
,,,17.9900,1.9200,
,,,18.0000,10.1600,
,,,18.0100,10.1600,
,,,18.0200,10.1600,
,,,18.0300,-10.1600,
,,,18.0400,10.1600,
,,,18.0500,10.1600,
,,,18.0600,1.0400,
,,,18.0700,-10.1600,
,,,18.0800,4.00000,
,,,18.0900,-10.1600,
,,,18.1000,-479.999989E-3,
,,,18.1100,-6.96000,
,,,18.1200,3.28000,
,,,18.1300,10.1600,
,,,18.1400,1.5200,
,,,18.1500,-10.1600,
,,,18.1600,-9.599999,
,,,18.1700,-9.679999,
,,,18.1800,-9.679999,
,,,18.1900,2.96000,
,,,18.2000,-5.36000,
,,,18.2100,-4.72000,
,,,18.2200,-3.04000,
,,,18.2300,7.440000,
,,,18.2400,-2.4800,
,,,18.2500,-3.04000,
,,,18.2600,-1.8400,
,,,18.2700,8.160000,
,,,18.2800,-2.0800,
,,,18.2900,-2.72000,
,,,18.3000,-1.7600,
,,,18.3100,8.400000,
,,,18.3200,10.1600,
,,,18.3300,10.1600,
,,,18.3400,10.1600,
,,,18.3500,-8.960000,
,,,18.3600,10.1600,
,,,18.3700,2.4800,
,,,18.3800,2.3200,
,,,18.3900,-10.1600,
,,,18.4000,10.1600,
,,,18.4100,10.1600,
,,,18.4200,-2.4000,
,,,18.4300,-10.1600,
,,,18.4400,10.1600,
,,,18.4500,9.040000,
,,,18.4600,2.3200,
,,,18.4700,-10.1600,
,,,18.4800,10.1600,
,,,18.4900,1.2800,
,,,18.5000,-3.68000,
,,,18.5100,-10.1600,
,,,18.5200,-3.76000,
,,,18.5300,-10.1600,
,,,18.5400,-10.1600,
,,,18.5500,1.2800,
,,,18.5600,-6.32000,
,,,18.5700,-5.52000,
,,,18.5800,-3.52000,
,,,18.5900,7.28000,
,,,18.6000,-2.80000,
,,,18.6100,-3.12000,
,,,18.6200,-2.0000,
,,,18.6300,8.320000,
,,,18.6400,-2.0800,
,,,18.6500,10.1600,
,,,18.6600,10.1600,
,,,18.6700,-4.56000,
,,,18.6800,10.1600,
,,,18.6900,10.1600,
,,,18.7000,2.2400,
,,,18.7100,-10.1600,
,,,18.7200,10.1600,
,,,18.7300,10.1600,
,,,18.7400,-3.36000,
,,,18.7500,-10.1600,
,,,18.7600,-2.0800,
,,,18.7700,-10.1600,
,,,18.7800,-10.1600,
,,,18.7900,-2.4000,
,,,18.8000,-8.720000,
,,,18.8100,-7.04000,
,,,18.8200,-4.48000,
,,,18.8300,6.72000,
,,,18.8400,-3.12000,
,,,18.8500,-3.44000,
,,,18.8600,-2.1600,
,,,18.8700,8.160000,
,,,18.8800,5.12000,
,,,18.8900,-1.6800,
,,,18.9000,-4.00000,
,,,18.9100,5.44000,
,,,18.9200,1.7600,
,,,18.9300,-3.12000,
,,,18.9400,-4.80000,
,,,18.9500,5.04000,
,,,18.9600,-4.40000,
,,,18.9700,-4.16000,
,,,18.9800,-2.6400,
,,,18.9900,8.080000,
,,,19.0000,-2.3200,
,,,19.0100,-2.88000,
,,,19.0200,-1.8400,
,,,19.0300,8.400000,
,,,19.0400,-2.0000,
,,,19.0500,-2.72000,
,,,19.0600,-1.6800,
,,,19.0700,8.400000,
,,,19.0800,-2.0800,
,,,19.0900,-2.72000,
,,,19.1000,-1.6800,
,,,19.1100,8.559999,
,,,19.1200,-2.0000,
,,,19.1300,-2.6400,
,,,19.1400,-1.6800,
,,,19.1500,8.480000,
,,,19.1600,-1.9200,
,,,19.1700,-2.6400,
,,,19.1800,-1.6800,
,,,19.1900,8.480000,
,,,19.2000,-1.9200,
,,,19.2100,4.40000,
,,,19.2200,-479.999989E-3,
,,,19.2300,5.60000,
,,,19.2400,8.080000,
,,,19.2500,639.999986E-3,
,,,19.2600,-2.72000,
,,,19.2700,4.16000,
,,,19.2800,10.1600,
,,,19.2900,10.1600,
,,,19.3000,10.1600,
,,,19.3100,-10.1600,
,,,19.3200,-10.1600,
,,,19.3300,-2.6400,
,,,19.3400,-2.4000,
,,,19.3500,7.680000,
,,,19.3600,10.1600,
,,,19.3700,6.88000,
,,,19.3800,-1.3600,
,,,19.3900,1.8400,
,,,19.4000,-9.679999,
,,,19.4100,-9.679999,
,,,19.4200,-7.520000,
,,,19.4300,4.00000,
,,,19.4400,-4.24000,
,,,19.4500,-3.92000,
,,,19.4600,-2.4800,
,,,19.4700,7.28000,
,,,19.4800,-2.1600,
,,,19.4900,-2.6400,
,,,19.5000,-719.999969E-3,
,,,19.5100,6.64000,
,,,19.5200,3.84000,
,,,19.5300,-2.2400,
,,,19.5400,10.1600,
,,,19.5500,-3.20000,
,,,19.5600,10.1600,
,,,19.5700,0.0,
,,,19.5800,-7.28000,
,,,19.5900,-4.00000,
,,,19.6000,-6.48000,
,,,19.6100,-10.1600,
,,,19.6200,-9.360000,
,,,19.6300,2.72000,
,,,19.6400,-4.96000,
,,,19.6500,-4.40000,
,,,19.6600,-2.88000,
,,,19.6700,7.520000,
,,,19.6800,-2.4000,
,,,19.6900,-2.88000,
,,,19.7000,-1.8400,
,,,19.7100,8.080000,
,,,19.7200,10.1600,
,,,19.7300,-3.60000,
,,,19.7400,-10.1600,
,,,19.7500,-1.9200,
,,,19.7600,10.1600,
,,,19.7700,10.1600,
,,,19.7800,10.1600,
,,,19.7900,-10.1600,
,,,19.8000,10.1600,
,,,19.8100,0.0,
,,,19.8200,-10.1600,
,,,19.8300,-5.52000,
,,,19.8400,-10.1600,
,,,19.8500,-8.080000,
,,,19.8600,-5.04000,
,,,19.8700,6.32000,
,,,19.8800,-3.28000,
,,,19.8900,-3.44000,
,,,19.9000,-2.2400,
,,,19.9100,8.160000,
,,,19.9200,-2.1600,
,,,19.9300,-2.80000,
,,,19.9400,10.1600,
,,,19.9500,2.5600,
,,,19.9600,10.1600,
,,,19.9700,-10.1600,
,,,19.9800,-10.1600,
,,,19.9900,-5.04000,
,,,20.0000,10.1600,
,,,20.0100,10.1600,
,,,20.0200,959.999979E-3,
,,,20.0300,-10.1600,
,,,20.0400,-10.1600,
,,,20.0500,-10.1600,
,,,20.0600,-10.1600,
,,,20.0700,9.840000,
,,,20.0800,-4.64000,
,,,20.09000,-6.72000,
,,,20.10000,-5.68000,
,,,20.11000,6.00000,
,,,20.12000,-3.60000,
,,,20.13000,-3.68000,
,,,20.14000,-2.4000,
,,,20.15000,8.160000,
,,,20.16000,-2.2400,
,,,20.17000,10.1600,
,,,20.18000,10.1600,
,,,20.19000,2.3200,
,,,20.20000,-10.1600,
,,,20.21000,10.1600,
,,,20.22000,9.599999,
,,,20.23000,-10.1600,
,,,20.24000,-10.1600,
,,,20.25000,-10.1600,
,,,20.26000,-8.160000,
,,,20.27000,4.48000,
,,,20.28000,-4.56000,
,,,20.29000,-4.24000,
,,,20.30000,-2.72000,
,,,20.31000,8.000000,
,,,20.32000,4.80000,
,,,20.33000,-2.1600,
,,,20.34000,10.1600,
,,,20.35000,-1.2000,
,,,20.36000,7.440000,
,,,20.37000,10.1600,
,,,20.38000,7.840000,
,,,20.39000,-10.1600,
,,,20.40000,-10.1600,
,,,20.41000,-10.1600,
,,,20.42000,-10.1600,
,,,20.43000,2.6400,
,,,20.44000,-5.68000,
,,,20.45000,-4.88000,
,,,20.46000,-3.12000,
,,,20.47000,7.680000,
,,,20.48000,-2.6400,
,,,20.49000,-3.04000,
,,,20.50000,-1.9200,
,,,20.51000,8.480000,
,,,20.52000,5.04000,
,,,20.53000,-1.9200,
,,,20.54000,10.1600,
,,,20.55000,-3.12000,
,,,20.56000,10.1600,
,,,20.57000,-10.1600,
,,,20.58000,-6.64000,
,,,20.59000,6.24000,
,,,20.60000,-8.639999,
,,,20.61000,-7.12000,
,,,20.62000,-4.56000,
,,,20.63000,6.88000,
,,,20.64000,-3.12000,
,,,20.65000,-3.36000,
,,,20.66000,-2.0800,
,,,20.67000,8.400000,
,,,20.68000,-2.1600,
,,,20.69000,-2.80000,
,,,20.70000,10.1600,
,,,20.71000,1.2800,
,,,20.72000,-560.000002E-3,
,,,20.73000,-5.36000,
,,,20.74000,10.1600,
,,,20.75000,-4.56000,
,,,20.76000,6.72000,
,,,20.77000,10.1600,
,,,20.78000,5.44000,
,,,20.79000,-10.1600,
,,,20.80000,-8.160000,
,,,20.81000,-10.1600,
,,,20.82000,-10.1600,
,,,20.83000,0.0,
,,,20.84000,-7.36000,
,,,20.85000,-6.08000,
,,,20.86000,-3.84000,
,,,20.87000,7.28000,
,,,20.88000,-2.88000,
,,,20.89000,-3.12000,
,,,20.90000,-2.0000,
,,,20.91000,8.480000,
,,,20.92000,3.44000,
,,,20.93000,1.6800,
,,,20.94000,-2.96000,
,,,20.95000,4.32000,
,,,20.96000,10.1600,
,,,20.97000,10.1600,
,,,20.98000,-4.40000,
,,,20.99000,-10.1600,
,,,21.00000,-10.1600,
,,,21.01000,-10.1600,
,,,21.02000,-10.0000,
,,,21.03000,3.20000,
,,,21.04000,-5.36000,
,,,21.05000,-4.80000,
,,,21.06000,4.00000,
,,,21.07000,10.1600,
,,,21.08000,10.1600,
,,,21.09000,10.1600,
,,,21.10000,-639.999986E-3,
,,,21.11000,-10.1600,
,,,21.12000,-9.920000,
,,,21.13000,-10.1600,
,,,21.14000,10.1600,
,,,21.15000,-7.760000,
,,,21.16000,10.1600,
,,,21.17000,-9.520000,
,,,21.18000,-10.1600,
,,,21.19000,-5.60000,
,,,21.20000,6.72000,
,,,21.21000,10.1600,
,,,21.22000,7.20000,
,,,21.23000,-10.1600,
,,,21.24000,399.99998E-3,
,,,21.25000,-10.1600,
,,,21.26000,-10.1600,
,,,21.27000,-2.1600,
,,,21.28000,-8.800000,
,,,21.29000,-6.96000,
,,,21.30000,-4.48000,
,,,21.31000,7.20000,
,,,21.32000,-3.04000,
,,,21.33000,-3.36000,
,,,21.34000,-2.1600,
,,,21.35000,8.559999,
,,,21.36000,4.96000,
,,,21.37000,-2.0800,
,,,21.38000,10.1600,
,,,21.39000,-2.88000,
,,,21.40000,10.1600,
,,,21.41000,4.56000,
,,,21.42000,9.760000,
,,,21.43000,-10.1600,
,,,21.44000,-10.1600,
,,,21.45000,-7.840000,
,,,21.46000,-9.840000,
,,,21.47000,719.999969E-3,
,,,21.48000,-7.36000,
,,,21.49000,-6.00000,
,,,21.50000,-3.84000,
,,,21.51000,7.680000,
,,,21.52000,-2.88000,
,,,21.53000,-3.20000,
,,,21.54000,-2.0000,
,,,21.55000,8.720000,
,,,21.56000,-2.1600,
,,,21.57000,10.1600,
,,,21.58000,-5.04000,
,,,21.59000,4.56000,
,,,21.60000,10.1600,
,,,21.61000,10.1600,
,,,21.62000,8.880000,
,,,21.63000,-10.1600,
,,,21.64000,9.679999,
,,,21.65000,10.1600,
,,,21.66000,3.04000,
,,,21.67000,-10.1600,
,,,21.68000,-10.1600,
,,,21.69000,-10.1600,
,,,21.70000,-10.1600,
,,,21.71000,-1.2000,
,,,21.72000,-8.480000,
,,,21.73000,-6.80000,
,,,21.74000,-4.32000,
,,,21.75000,7.36000,
,,,21.76000,-3.12000,
,,,21.77000,-3.36000,
,,,21.78000,-2.1600,
,,,21.79000,8.720000,
,,,21.80000,-2.1600,
,,,21.81000,6.00000,
,,,21.82000,639.999986E-3,
,,,21.83000,10.1600,
,,,21.84000,719.999969E-3,
,,,21.85000,10.1600,
,,,21.86000,10.1600,
,,,21.87000,-10.1600,
,,,21.88000,-3.04000,
,,,21.89000,-6.96000,
,,,21.90000,-8.480000,
,,,21.91000,1.9200,
,,,21.92000,-6.64000,
,,,21.93000,-5.60000,
,,,21.94000,-3.52000,
,,,21.95000,7.920000,
,,,21.96000,-2.80000,
,,,21.97000,-3.12000,
,,,21.98000,-2.0000,
,,,21.99000,8.880000,
,,,22.00000,-2.0800,
,,,22.01000,6.56000,
,,,22.02000,3.84000,
,,,22.03000,10.1600,
,,,22.04000,10.1600,
,,,22.05000,10.1600,
,,,22.06000,9.440000,
,,,22.07000,-10.1600,
,,,22.08000,-8.400000,
,,,22.09000,-10.1600,
,,,22.10000,-10.1600,
,,,22.11000,1.4400,
,,,22.12000,10.1600,
,,,22.13000,10.1600,
,,,22.14000,5.60000,
,,,22.15000,-10.1600,
,,,22.16000,7.28000,
,,,22.17000,-10.1600,
,,,22.18000,-10.1600,
,,,22.19000,-6.32000,
,,,22.20000,-10.1600,
,,,22.21000,-8.720000,
,,,22.22000,-5.60000,
,,,22.23000,6.72000,
,,,22.24000,-3.60000,
,,,22.25000,-3.68000,
,,,22.26000,-2.3200,
,,,22.27000,8.720000,
,,,22.28000,-2.3200,
,,,22.29000,4.48000,
,,,22.30000,-2.1600,
,,,22.31000,5.68000,
,,,22.32000,10.1600,
,,,22.33000,10.1600,
,,,22.34000,6.48000,
,,,22.35000,-10.1600,
,,,22.36000,-10.1600,
,,,22.37000,-10.1600,
,,,22.38000,-10.1600,
,,,22.39000,2.0800,
,,,22.40000,-6.40000,
,,,22.41000,-5.44000,
,,,22.42000,-3.52000,
,,,22.43000,8.000000,
,,,22.44000,-2.72000,
,,,22.45000,-3.12000,
,,,22.46000,-1.9200,
,,,22.47000,8.960000,
,,,22.48000,-2.1600,
,,,22.49000,10.1600,
,,,22.50000,-879.999995E-3,
,,,22.51000,9.280000,
,,,22.52000,10.1600,
,,,22.53000,10.1600,
,,,22.54000,8.880000,
,,,22.55000,-10.1600,
,,,22.56000,10.1600,
,,,22.57000,-10.1600,
,,,22.58000,-10.1600,
,,,22.59000,79.999998E-3,
,,,22.60000,-6.32000,
,,,22.61000,-10.1600,
,,,22.62000,-7.440000,
,,,22.63000,5.52000,
,,,22.64000,-4.32000,
,,,22.65000,-4.16000,
,,,22.66000,-2.6400,
,,,22.67000,8.559999,
,,,22.68000,-2.4800,
,,,22.69000,-2.88000,
,,,22.70000,4.88000,
,,,22.71000,2.72000,
,,,22.72000,160.00000E-3,
,,,22.73000,-4.88000,
,,,22.74000,10.1600,
,,,22.75000,3.12000,
,,,22.76000,10.1600,
,,,22.77000,10.1600,
,,,22.78000,-7.840000,
,,,22.79000,-10.1600,
,,,22.80000,-10.1600,
,,,22.81000,-10.1600,
,,,22.82000,-10.1600,
,,,22.83000,1.3600,
,,,22.84000,-6.96000,
,,,22.85000,-5.84000,
,,,22.86000,-3.68000,
,,,22.87000,7.920000,
,,,22.88000,-2.88000,
,,,22.89000,-3.12000,
,,,22.90000,-2.0800,
,,,22.91000,9.040000,
,,,22.92000,6.24000,
,,,22.93000,-4.56000,
,,,22.94000,10.1600,
,,,22.95000,-3.76000,
,,,22.96000,6.64000,
,,,22.97000,-10.1600,
,,,22.98000,-5.84000,
,,,22.99000,7.12000,
,,,23.00000,-1.5200,
,,,23.01000,10.1600,
,,,23.02000,10.1600,
,,,23.03000,-10.1600,
,,,23.04000,10.1600,
,,,23.05000,-10.1600,
,,,23.06000,-8.720000,
,,,23.07000,5.12000,
,,,23.08000,-9.679999,
,,,23.09000,-7.840000,
,,,23.10000,-5.04000,
,,,23.11000,7.28000,
,,,23.12000,-3.36000,
,,,23.13000,-3.52000,
,,,23.14000,-2.2400,
,,,23.15000,8.960000,
,,,23.16000,-2.2400,
,,,23.17000,4.00000,
,,,23.18000,-2.3200,
,,,23.19000,6.16000,
,,,23.20000,10.1600,
,,,23.21000,10.1600,
,,,23.22000,10.1600,
,,,23.23000,-10.1600,
,,,23.24000,160.00000E-3,
,,,23.25000,10.1600,
,,,23.26000,2.4000,
,,,23.27000,-10.1600,
,,,23.28000,-10.1600,
,,,23.29000,-10.1600,
,,,23.30000,-10.1600,
,,,23.31000,2.6400,
,,,23.32000,-6.16000,
,,,23.33000,-5.28000,
,,,23.34000,-3.44000,
,,,23.35000,8.240000,
,,,23.36000,-2.72000,
,,,23.37000,10.1600,
,,,23.38000,2.5600,
,,,23.39000,8.800000,
,,,23.40000,-1.2800,
,,,23.41000,10.1600,
,,,23.42000,10.1600,
,,,23.43000,-10.1600,
,,,23.44000,10.1600,
,,,23.45000,10.1600,
,,,23.46000,2.5600,
,,,23.47000,-10.1600,
,,,23.48000,-9.679999,
,,,23.49000,-10.1600,
,,,23.50000,-10.1600,
,,,23.51000,239.99999E-3,
,,,23.52000,3.20000,
,,,23.53000,-7.36000,
,,,23.54000,-5.20000,
,,,23.55000,7.04000,
,,,23.56000,-3.44000,
,,,23.57000,-3.60000,
,,,23.58000,-2.3200,
,,,23.59000,8.880000,
,,,23.60000,-2.2400,
,,,23.61000,7.20000,
,,,23.62000,-2.4000,
,,,23.63000,1.7600,
,,,23.64000,10.1600,
,,,23.65000,10.1600,
,,,23.66000,9.120000,
,,,23.67000,-10.1600,
,,,23.68000,5.52000,
,,,23.69000,10.1600,
,,,23.70000,4.00000,
,,,23.71000,-10.1600,
,,,23.72000,-9.120000,
,,,23.73000,5.52000,
,,,23.74000,-10.1600,
,,,23.75000,-5.60000,
,,,23.76000,-10.1600,
,,,23.77000,-8.800000,
,,,23.78000,-5.52000,
,,,23.79000,6.88000,
,,,23.80000,-3.60000,
,,,23.81000,-3.60000,
,,,23.82000,-2.3200,
,,,23.83000,8.880000,
,,,23.84000,4.72000,
,,,23.85000,-2.0800,
,,,23.86000,10.1600,
,,,23.87000,4.40000,
,,,23.88000,10.1600,
,,,23.89000,10.1600,
,,,23.90000,-7.680000,
,,,23.91000,-10.1600,
,,,23.92000,-7.760000,
,,,23.93000,-10.1600,
,,,23.94000,-10.1600,
,,,23.95000,1.3600,
,,,23.96000,-7.04000,
,,,23.97000,-5.84000,
,,,23.98000,-3.68000,
,,,23.99000,8.000000,
,,,24.00000,-2.88000,
,,,24.01000,-3.12000,
,,,24.02000,-2.0000,
,,,24.03000,9.120000,
,,,24.04000,4.72000,
,,,24.05000,-1.8400,
,,,24.06000,10.1600,
,,,24.07000,-1.9200,
,,,24.08000,10.1600,
,,,24.09000,10.1600,
,,,24.10000,5.76000,
,,,24.11000,-10.1600,
,,,24.12000,2.0800,
,,,24.13000,10.1600,
,,,24.14000,160.00000E-3,
,,,24.15000,-10.1600,
,,,24.16000,-8.559999,
,,,24.17000,-7.440000,
,,,24.18000,-9.440000,
,,,24.19000,1.3600,
,,,24.20000,-7.20000,
,,,24.21000,-5.92000,
,,,24.22000,-3.76000,
,,,24.23000,7.920000,
,,,24.24000,-2.88000,
,,,24.25000,-3.20000,
,,,24.26000,-2.0000,
,,,24.27000,9.120000,
,,,24.28000,5.04000,
,,,24.29000,-3.12000,
,,,24.30000,10.1600,
,,,24.31000,-319.99999E-3,
,,,24.32000,10.1600,
,,,24.33000,10.1600,
,,,24.34000,4.80000,
,,,24.35000,-10.1600,
,,,24.36000,10.1600,
,,,24.37000,-10.1600,
,,,24.38000,-7.440000,
,,,24.39000,-4.40000,
,,,24.40000,-9.760000,
,,,24.41000,-10.1600,
,,,24.42000,-8.720000,
,,,24.43000,4.80000,
,,,24.44000,-4.80000,
,,,24.45000,-4.40000,
,,,24.46000,-2.80000,
,,,24.47000,8.559999,
,,,24.48000,-2.4000,
,,,24.49000,-2.88000,
,,,24.50000,4.88000,
,,,24.51000,4.24000,
,,,24.52000,959.999979E-3,
,,,24.53000,-4.40000,
,,,24.54000,10.1600,
,,,24.55000,-2.2400,
,,,24.56000,6.32000,
,,,24.57000,-9.440000,
,,,24.58000,-10.2400,
,,,24.59000,-10.2400,
,,,24.60000,-10.2400,
,,,24.61000,-10.2400,
,,,24.62000,-10.2400,
,,,24.63000,-10.2400,
,,,24.64000,-10.2400,
,,,24.65000,-10.2400,
,,,24.66000,-10.2400,
,,,24.67000,-10.2400,
,,,24.68000,-10.2400,
,,,24.69000,-10.2400,
,,,24.70000,-10.2400,
,,,24.71000,-10.2400,
,,,24.72000,-10.2400,
,,,24.73000,-10.2400,
,,,24.74000,-10.2400,
,,,24.75000,-10.2400,
,,,24.76000,-10.2400,
,,,24.77000,-10.2400,
,,,24.78000,-10.2400,
,,,24.79000,-10.2400,
,,,24.80000,-10.2400,
,,,24.81000,-10.2400,
,,,24.82000,-10.2400,
,,,24.83000,-10.2400,
,,,24.84000,-10.2400,
,,,24.85000,-10.2400,
,,,24.86000,-10.2400,
,,,24.87000,-10.2400,
,,,24.88000,-10.2400,
,,,24.89000,-10.2400,
,,,24.90000,-10.2400,
,,,24.91000,-10.2400,
,,,24.92000,-10.2400,
,,,24.93000,-10.2400,
,,,24.94000,-10.2400,
,,,24.95000,-10.2400,
,,,24.96000,-10.2400,
,,,24.97000,-10.2400,
,,,24.98000,-10.2400,
,,,24.99000,-10.2400,
