Record Length,2500,Points,-51.00000E-3,156.00000E-3,
Sample Interval,40.00000E-6,s,-50.96000E-3,152.00001E-3,
Trigger Point,1.2750E3,Samples,-50.92000E-3,156.00000E-3,
,,,-50.88000E-3,154.00001E-3,
,,,-50.84000E-3,156.00000E-3,
,,,-50.80000E-3,154.00001E-3,
Source,CH1,,-50.76000E-3,154.00001E-3,
Vertical Units,Volts,,-50.72000E-3,156.00000E-3,
Vertical Scale,51.19531E-3,,-50.68000E-3,156.00000E-3,
Vertical Offset,0,,-50.64000E-3,154.00001E-3,
Horizontal Units,s,,-50.60000E-3,150.00001E-3,
Horizontal Scale,10.00000E-3,,-50.56000E-3,158.00001E-3,
Pt Fmt,Y,,-50.52000E-3,154.00001E-3,
Yzero,156.26431E-3,,-50.48000E-3,154.00001E-3,
Probe Atten,10.0000,,-50.44000E-3,156.00000E-3,
,,,-50.40000E-3,148.0000E-3,
Note,TDS 2012 - 4:59:39 PM   4/25/2022,,-50.36000E-3,146.0000E-3,
,,,-50.32000E-3,156.00000E-3,
,,,-50.28000E-3,156.00000E-3,
,,,-50.24000E-3,154.00001E-3,
,,,-50.20000E-3,156.00000E-3,
,,,-50.16000E-3,156.00000E-3,
,,,-50.12000E-3,152.00001E-3,
,,,-50.08000E-3,148.0000E-3,
,,,-50.04000E-3,152.00001E-3,
,,,-50.00000E-3,150.00001E-3,
,,,-49.96000E-3,156.00000E-3,
,,,-49.92000E-3,152.00001E-3,
,,,-49.88000E-3,156.00000E-3,
,,,-49.84000E-3,154.00001E-3,
,,,-49.80000E-3,154.00001E-3,
,,,-49.76000E-3,156.00000E-3,
,,,-49.72000E-3,148.0000E-3,
,,,-49.68000E-3,148.0000E-3,
,,,-49.64000E-3,150.00001E-3,
,,,-49.60000E-3,150.00001E-3,
,,,-49.56000E-3,152.00001E-3,
,,,-49.52000E-3,144.0000E-3,
,,,-49.48000E-3,140.0000E-3,
,,,-49.44000E-3,148.0000E-3,
,,,-49.40000E-3,144.0000E-3,
,,,-49.36000E-3,150.00001E-3,
,,,-49.32000E-3,146.0000E-3,
,,,-49.28000E-3,142.0000E-3,
,,,-49.24000E-3,138.0000E-3,
,,,-49.20000E-3,138.0000E-3,
,,,-49.16000E-3,142.0000E-3,
,,,-49.12000E-3,140.0000E-3,
,,,-49.08000E-3,136.0000E-3,
,,,-49.04000E-3,134.0000E-3,
,,,-49.00000E-3,132.0000E-3,
,,,-48.96000E-3,130.0000E-3,
,,,-48.92000E-3,136.0000E-3,
,,,-48.88000E-3,130.0000E-3,
,,,-48.84000E-3,132.0000E-3,
,,,-48.80000E-3,132.0000E-3,
,,,-48.76000E-3,132.0000E-3,
,,,-48.72000E-3,132.0000E-3,
,,,-48.68000E-3,130.0000E-3,
,,,-48.64000E-3,128.0000E-3,
,,,-48.60000E-3,130.0000E-3,
,,,-48.56000E-3,126.0000E-3,
,,,-48.52000E-3,130.0000E-3,
,,,-48.48000E-3,128.0000E-3,
,,,-48.44000E-3,124.0000E-3,
,,,-48.40000E-3,126.0000E-3,
,,,-48.36000E-3,136.0000E-3,
,,,-48.32000E-3,118.0000E-3,
,,,-48.28000E-3,120.0000E-3,
,,,-48.24000E-3,122.0000E-3,
,,,-48.20000E-3,116.0000E-3,
,,,-48.16000E-3,118.0000E-3,
,,,-48.12000E-3,116.0000E-3,
,,,-48.08000E-3,120.0000E-3,
,,,-48.04000E-3,118.0000E-3,
,,,-48.00000E-3,116.0000E-3,
,,,-47.96000E-3,110.0000E-3,
,,,-47.92000E-3,112.0000E-3,
,,,-47.88000E-3,108.0000E-3,
,,,-47.84000E-3,110.0000E-3,
,,,-47.80000E-3,110.0000E-3,
,,,-47.76000E-3,106.0000E-3,
,,,-47.72000E-3,108.0000E-3,
,,,-47.68000E-3,110.0000E-3,
,,,-47.64000E-3,104.0000E-3,
,,,-47.60000E-3,104.0000E-3,
,,,-47.56000E-3,106.0000E-3,
,,,-47.52000E-3,102.0000E-3,
,,,-47.48000E-3,104.0000E-3,
,,,-47.44000E-3,102.0000E-3,
,,,-47.40000E-3,100.0000E-3,
,,,-47.36000E-3,104.0000E-3,
,,,-47.32000E-3,98.000005E-3,
,,,-47.28000E-3,94.000004E-3,
,,,-47.24000E-3,98.000005E-3,
,,,-47.20000E-3,116.0000E-3,
,,,-47.16000E-3,94.000004E-3,
,,,-47.12000E-3,94.000004E-3,
,,,-47.08000E-3,94.000004E-3,
,,,-47.04000E-3,88.000007E-3,
,,,-47.00000E-3,98.000005E-3,
,,,-46.96000E-3,96.000001E-3,
,,,-46.92000E-3,92.000008E-3,
,,,-46.88000E-3,92.000008E-3,
,,,-46.84000E-3,90.000004E-3,
,,,-46.80000E-3,94.000004E-3,
,,,-46.76000E-3,90.000004E-3,
,,,-46.72000E-3,88.000007E-3,
,,,-46.68000E-3,90.000004E-3,
,,,-46.64000E-3,84.000006E-3,
,,,-46.60000E-3,88.000007E-3,
,,,-46.56000E-3,90.000004E-3,
,,,-46.52000E-3,86.000003E-3,
,,,-46.48000E-3,84.000006E-3,
,,,-46.44000E-3,84.000006E-3,
,,,-46.40000E-3,90.000004E-3,
,,,-46.36000E-3,86.000003E-3,
,,,-46.32000E-3,88.000007E-3,
,,,-46.28000E-3,74.000001E-3,
,,,-46.24000E-3,74.000001E-3,
,,,-46.20000E-3,84.000006E-3,
,,,-46.16000E-3,78.000002E-3,
,,,-46.12000E-3,74.000001E-3,
,,,-46.08000E-3,78.000002E-3,
,,,-46.04000E-3,74.000001E-3,
,,,-46.00000E-3,70.000000E-3,
,,,-45.96000E-3,74.000001E-3,
,,,-45.92000E-3,70.000000E-3,
,,,-45.88000E-3,66.000000E-3,
,,,-45.84000E-3,68.000004E-3,
,,,-45.80000E-3,64.000003E-3,
,,,-45.76000E-3,70.000000E-3,
,,,-45.72000E-3,70.000000E-3,
,,,-45.68000E-3,66.000000E-3,
,,,-45.64000E-3,66.000000E-3,
,,,-45.60000E-3,62.000003E-3,
,,,-45.56000E-3,60.000002E-3,
,,,-45.52000E-3,62.000003E-3,
,,,-45.48000E-3,60.000002E-3,
,,,-45.44000E-3,64.000003E-3,
,,,-45.40000E-3,60.000002E-3,
,,,-45.36000E-3,54.00000E-3,
,,,-45.32000E-3,52.00000E-3,
,,,-45.28000E-3,54.00000E-3,
,,,-45.24000E-3,48.00000E-3,
,,,-45.20000E-3,52.00000E-3,
,,,-45.16000E-3,50.00000E-3,
,,,-45.12000E-3,48.00000E-3,
,,,-45.08000E-3,54.00000E-3,
,,,-45.04000E-3,50.00000E-3,
,,,-45.00000E-3,50.00000E-3,
,,,-44.96000E-3,50.00000E-3,
,,,-44.92000E-3,48.00000E-3,
,,,-44.88000E-3,38.00000E-3,
,,,-44.84000E-3,48.00000E-3,
,,,-44.80000E-3,34.00000E-3,
,,,-44.76000E-3,40.00000E-3,
,,,-44.72000E-3,38.00000E-3,
,,,-44.68000E-3,40.00000E-3,
,,,-44.64000E-3,38.00000E-3,
,,,-44.60000E-3,40.00000E-3,
,,,-44.56000E-3,38.00000E-3,
,,,-44.52000E-3,32.00000E-3,
,,,-44.48000E-3,36.00000E-3,
,,,-44.44000E-3,36.00000E-3,
,,,-44.40000E-3,38.00000E-3,
,,,-44.36000E-3,28.00000E-3,
,,,-44.32000E-3,32.00000E-3,
,,,-44.28000E-3,30.00000E-3,
,,,-44.24000E-3,28.00000E-3,
,,,-44.20000E-3,30.00000E-3,
,,,-44.16000E-3,24.00000E-3,
,,,-44.12000E-3,20.0000E-3,
,,,-44.08000E-3,24.00000E-3,
,,,-44.04000E-3,28.00000E-3,
,,,-44.00000E-3,24.00000E-3,
,,,-43.96000E-3,20.0000E-3,
,,,-43.92000E-3,16.0000E-3,
,,,-43.88000E-3,18.0000E-3,
,,,-43.84000E-3,20.0000E-3,
,,,-43.80000E-3,18.0000E-3,
,,,-43.76000E-3,16.0000E-3,
,,,-43.72000E-3,20.0000E-3,
,,,-43.68000E-3,20.0000E-3,
,,,-43.64000E-3,18.0000E-3,
,,,-43.60000E-3,18.0000E-3,
,,,-43.56000E-3,16.0000E-3,
,,,-43.52000E-3,12.0000E-3,
,,,-43.48000E-3,12.0000E-3,
,,,-43.44000E-3,-10.0000E-3,
,,,-43.40000E-3,10.0000E-3,
,,,-43.36000E-3,16.0000E-3,
,,,-43.32000E-3,10.0000E-3,
,,,-43.28000E-3,4.00000E-3,
,,,-43.24000E-3,10.0000E-3,
,,,-43.20000E-3,10.0000E-3,
,,,-43.16000E-3,8.000000E-3,
,,,-43.12000E-3,2.0000E-3,
,,,-43.08000E-3,6.00000E-3,
,,,-43.04000E-3,4.00000E-3,
,,,-43.00000E-3,0.0,
,,,-42.96000E-3,4.00000E-3,
,,,-42.92000E-3,2.0000E-3,
,,,-42.88000E-3,0.0,
,,,-42.84000E-3,2.0000E-3,
,,,-42.80000E-3,-2.0000E-3,
,,,-42.76000E-3,-2.0000E-3,
,,,-42.72000E-3,0.0,
,,,-42.68000E-3,-2.0000E-3,
,,,-42.64000E-3,-2.0000E-3,
,,,-42.60000E-3,-6.00000E-3,
,,,-42.56000E-3,-4.00000E-3,
,,,-42.52000E-3,-6.00000E-3,
,,,-42.48000E-3,-4.00000E-3,
,,,-42.44000E-3,-4.00000E-3,
,,,-42.40000E-3,-10.0000E-3,
,,,-42.36000E-3,2.0000E-3,
,,,-42.32000E-3,-6.00000E-3,
,,,-42.28000E-3,-4.00000E-3,
,,,-42.24000E-3,-6.00000E-3,
,,,-42.20000E-3,-6.00000E-3,
,,,-42.16000E-3,-8.000000E-3,
,,,-42.12000E-3,-18.0000E-3,
,,,-42.08000E-3,-12.0000E-3,
,,,-42.04000E-3,-10.0000E-3,
,,,-42.00000E-3,-14.0000E-3,
,,,-41.96000E-3,-8.000000E-3,
,,,-41.92000E-3,-8.000000E-3,
,,,-41.88000E-3,-8.000000E-3,
,,,-41.84000E-3,-10.0000E-3,
,,,-41.80000E-3,-8.000000E-3,
,,,-41.76000E-3,-14.0000E-3,
,,,-41.72000E-3,-12.0000E-3,
,,,-41.68000E-3,-8.000000E-3,
,,,-41.64000E-3,-10.0000E-3,
,,,-41.60000E-3,-8.000000E-3,
,,,-41.56000E-3,-8.000000E-3,
,,,-41.52000E-3,-14.0000E-3,
,,,-41.48000E-3,-16.0000E-3,
,,,-41.44000E-3,-8.000000E-3,
,,,-41.40000E-3,-16.0000E-3,
,,,-41.36000E-3,-16.0000E-3,
,,,-41.32000E-3,-14.0000E-3,
,,,-41.28000E-3,-16.0000E-3,
,,,-41.24000E-3,-12.0000E-3,
,,,-41.20000E-3,-4.00000E-3,
,,,-41.16000E-3,-14.0000E-3,
,,,-41.12000E-3,-14.0000E-3,
,,,-41.08000E-3,-14.0000E-3,
,,,-41.04000E-3,-14.0000E-3,
,,,-41.00000E-3,-14.0000E-3,
,,,-40.96000E-3,-18.0000E-3,
,,,-40.92000E-3,-18.0000E-3,
,,,-40.88000E-3,-14.0000E-3,
,,,-40.84000E-3,-16.0000E-3,
,,,-40.80000E-3,-16.0000E-3,
,,,-40.76000E-3,-22.00000E-3,
,,,-40.72000E-3,-14.0000E-3,
,,,-40.68000E-3,-14.0000E-3,
,,,-40.64000E-3,-14.0000E-3,
,,,-40.60000E-3,-16.0000E-3,
,,,-40.56000E-3,-14.0000E-3,
,,,-40.52000E-3,-18.0000E-3,
,,,-40.48000E-3,-16.0000E-3,
,,,-40.44000E-3,-18.0000E-3,
,,,-40.40000E-3,-14.0000E-3,
,,,-40.36000E-3,-18.0000E-3,
,,,-40.32000E-3,-14.0000E-3,
,,,-40.28000E-3,-16.0000E-3,
,,,-40.24000E-3,-14.0000E-3,
,,,-40.20000E-3,-18.0000E-3,
,,,-40.16000E-3,-18.0000E-3,
,,,-40.12000E-3,-18.0000E-3,
,,,-40.08000E-3,-18.0000E-3,
,,,-40.04000E-3,-22.00000E-3,
,,,-40.00000E-3,-22.00000E-3,
,,,-39.96000E-3,-26.00000E-3,
,,,-39.92000E-3,-22.00000E-3,
,,,-39.88000E-3,-24.00000E-3,
,,,-39.84000E-3,-32.00000E-3,
,,,-39.80000E-3,-28.00000E-3,
,,,-39.76000E-3,-32.00000E-3,
,,,-39.72000E-3,-30.00000E-3,
,,,-39.68000E-3,-36.00000E-3,
,,,-39.64000E-3,-32.00000E-3,
,,,-39.60000E-3,-34.00000E-3,
,,,-39.56000E-3,-34.00000E-3,
,,,-39.52000E-3,-38.00000E-3,
,,,-39.48000E-3,-38.00000E-3,
,,,-39.44000E-3,-38.00000E-3,
,,,-39.40000E-3,-38.00000E-3,
,,,-39.36000E-3,-40.00000E-3,
,,,-39.32000E-3,-42.00000E-3,
,,,-39.28000E-3,-44.00000E-3,
,,,-39.24000E-3,-46.00000E-3,
,,,-39.20000E-3,-44.00000E-3,
,,,-39.16000E-3,-48.00000E-3,
,,,-39.12000E-3,-50.00000E-3,
,,,-39.08000E-3,-46.00000E-3,
,,,-39.04000E-3,-68.000004E-3,
,,,-39.00000E-3,-50.00000E-3,
,,,-38.96000E-3,-52.00000E-3,
,,,-38.92000E-3,-56.000002E-3,
,,,-38.88000E-3,-54.00000E-3,
,,,-38.84000E-3,-54.00000E-3,
,,,-38.80000E-3,-54.00000E-3,
,,,-38.76000E-3,-54.00000E-3,
,,,-38.72000E-3,-50.00000E-3,
,,,-38.68000E-3,-54.00000E-3,
,,,-38.64000E-3,-52.00000E-3,
,,,-38.60000E-3,-58.000002E-3,
,,,-38.56000E-3,-58.000002E-3,
,,,-38.52000E-3,-62.000003E-3,
,,,-38.48000E-3,-62.000003E-3,
,,,-38.44000E-3,-58.000002E-3,
,,,-38.40000E-3,-54.00000E-3,
,,,-38.36000E-3,-58.000002E-3,
,,,-38.32000E-3,-58.000002E-3,
,,,-38.28000E-3,-60.000002E-3,
,,,-38.24000E-3,-66.000000E-3,
,,,-38.20000E-3,-62.000003E-3,
,,,-38.16000E-3,-32.00000E-3,
,,,-38.12000E-3,-62.000003E-3,
,,,-38.08000E-3,-62.000003E-3,
,,,-38.04000E-3,-62.000003E-3,
,,,-38.00000E-3,-66.000000E-3,
,,,-37.96000E-3,-64.000003E-3,
,,,-37.92000E-3,-64.000003E-3,
,,,-37.88000E-3,-66.000000E-3,
,,,-37.84000E-3,-66.000000E-3,
,,,-37.80000E-3,-62.000003E-3,
,,,-37.76000E-3,-68.000004E-3,
,,,-37.72000E-3,-68.000004E-3,
,,,-37.68000E-3,-66.000000E-3,
,,,-37.64000E-3,-68.000004E-3,
,,,-37.60000E-3,-66.000000E-3,
,,,-37.56000E-3,-66.000000E-3,
,,,-37.52000E-3,-66.000000E-3,
,,,-37.48000E-3,-70.000000E-3,
,,,-37.44000E-3,-68.000004E-3,
,,,-37.40000E-3,-60.000002E-3,
,,,-37.36000E-3,-66.000000E-3,
,,,-37.32000E-3,-68.000004E-3,
,,,-37.28000E-3,-86.000003E-3,
,,,-37.24000E-3,-68.000004E-3,
,,,-37.20000E-3,-64.000003E-3,
,,,-37.16000E-3,-68.000004E-3,
,,,-37.12000E-3,-66.000000E-3,
,,,-37.08000E-3,-62.000003E-3,
,,,-37.04000E-3,-68.000004E-3,
,,,-37.00000E-3,-58.000002E-3,
,,,-36.96000E-3,-66.000000E-3,
,,,-36.92000E-3,-70.000000E-3,
,,,-36.88000E-3,-64.000003E-3,
,,,-36.84000E-3,-64.000003E-3,
,,,-36.80000E-3,-70.000000E-3,
,,,-36.76000E-3,-68.000004E-3,
,,,-36.72000E-3,-72.000004E-3,
,,,-36.68000E-3,-68.000004E-3,
,,,-36.64000E-3,-70.000000E-3,
,,,-36.60000E-3,-68.000004E-3,
,,,-36.56000E-3,-70.000000E-3,
,,,-36.52000E-3,-64.000003E-3,
,,,-36.48000E-3,-64.000003E-3,
,,,-36.44000E-3,-70.000000E-3,
,,,-36.40000E-3,-68.000004E-3,
,,,-36.36000E-3,-62.000003E-3,
,,,-36.32000E-3,-70.000000E-3,
,,,-36.28000E-3,-70.000000E-3,
,,,-36.24000E-3,-70.000000E-3,
,,,-36.20000E-3,-70.000000E-3,
,,,-36.16000E-3,-70.000000E-3,
,,,-36.12000E-3,-70.000000E-3,
,,,-36.08000E-3,-66.000000E-3,
,,,-36.04000E-3,-66.000000E-3,
,,,-36.00000E-3,-70.000000E-3,
,,,-35.96000E-3,-70.000000E-3,
,,,-35.92000E-3,-74.000001E-3,
,,,-35.88000E-3,-70.000000E-3,
,,,-35.84000E-3,-68.000004E-3,
,,,-35.80000E-3,-66.000000E-3,
,,,-35.76000E-3,-64.000003E-3,
,,,-35.72000E-3,-68.000004E-3,
,,,-35.68000E-3,-72.000004E-3,
,,,-35.64000E-3,-72.000004E-3,
,,,-35.60000E-3,-72.000004E-3,
,,,-35.56000E-3,-54.00000E-3,
,,,-35.52000E-3,-70.000000E-3,
,,,-35.48000E-3,-68.000004E-3,
,,,-35.44000E-3,-62.000003E-3,
,,,-35.40000E-3,-64.000003E-3,
,,,-35.36000E-3,-62.000003E-3,
,,,-35.32000E-3,-72.000004E-3,
,,,-35.28000E-3,-68.000004E-3,
,,,-35.24000E-3,-70.000000E-3,
,,,-35.20000E-3,-78.000002E-3,
,,,-35.16000E-3,-70.000000E-3,
,,,-35.12000E-3,-70.000000E-3,
,,,-35.08000E-3,-68.000004E-3,
,,,-35.04000E-3,-68.000004E-3,
,,,-35.00000E-3,-64.000003E-3,
,,,-34.96000E-3,-62.000003E-3,
,,,-34.92000E-3,-66.000000E-3,
,,,-34.88000E-3,-64.000003E-3,
,,,-34.84000E-3,-66.000000E-3,
,,,-34.80000E-3,-70.000000E-3,
,,,-34.76000E-3,-66.000000E-3,
,,,-34.72000E-3,-66.000000E-3,
,,,-34.68000E-3,-66.000000E-3,
,,,-34.64000E-3,-68.000004E-3,
,,,-34.60000E-3,-70.000000E-3,
,,,-34.56000E-3,-66.000000E-3,
,,,-34.52000E-3,-68.000004E-3,
,,,-34.48000E-3,-66.000000E-3,
,,,-34.44000E-3,-70.000000E-3,
,,,-34.40000E-3,-74.000001E-3,
,,,-34.36000E-3,-72.000004E-3,
,,,-34.32000E-3,-66.000000E-3,
,,,-34.28000E-3,-66.000000E-3,
,,,-34.24000E-3,-64.000003E-3,
,,,-34.20000E-3,-62.000003E-3,
,,,-34.16000E-3,-68.000004E-3,
,,,-34.12000E-3,-66.000000E-3,
,,,-34.08000E-3,-62.000003E-3,
,,,-34.04000E-3,-68.000004E-3,
,,,-34.00000E-3,-66.000000E-3,
,,,-33.96000E-3,-70.000000E-3,
,,,-33.92000E-3,-66.000000E-3,
,,,-33.88000E-3,-62.000003E-3,
,,,-33.84000E-3,-64.000003E-3,
,,,-33.80000E-3,-66.000000E-3,
,,,-33.76000E-3,-64.000003E-3,
,,,-33.72000E-3,-58.000002E-3,
,,,-33.68000E-3,-68.000004E-3,
,,,-33.64000E-3,-64.000003E-3,
,,,-33.60000E-3,-64.000003E-3,
,,,-33.56000E-3,-66.000000E-3,
,,,-33.52000E-3,-70.000000E-3,
,,,-33.48000E-3,-70.000000E-3,
,,,-33.44000E-3,-62.000003E-3,
,,,-33.40000E-3,-64.000003E-3,
,,,-33.36000E-3,-66.000000E-3,
,,,-33.32000E-3,-72.000004E-3,
,,,-33.28000E-3,-64.000003E-3,
,,,-33.24000E-3,-66.000000E-3,
,,,-33.20000E-3,-64.000003E-3,
,,,-33.16000E-3,-64.000003E-3,
,,,-33.12000E-3,-68.000004E-3,
,,,-33.08000E-3,-66.000000E-3,
,,,-33.04000E-3,-64.000003E-3,
,,,-33.00000E-3,-68.000004E-3,
,,,-32.96000E-3,-70.000000E-3,
,,,-32.92000E-3,-68.000004E-3,
,,,-32.88000E-3,-66.000000E-3,
,,,-32.84000E-3,-66.000000E-3,
,,,-32.80000E-3,-70.000000E-3,
,,,-32.76000E-3,-70.000000E-3,
,,,-32.72000E-3,-70.000000E-3,
,,,-32.68000E-3,-66.000000E-3,
,,,-32.64000E-3,-66.000000E-3,
,,,-32.60000E-3,-74.000001E-3,
,,,-32.56000E-3,-70.000000E-3,
,,,-32.52000E-3,-70.000000E-3,
,,,-32.48000E-3,-66.000000E-3,
,,,-32.44000E-3,-72.000004E-3,
,,,-32.40000E-3,-66.000000E-3,
,,,-32.36000E-3,-70.000000E-3,
,,,-32.32000E-3,-64.000003E-3,
,,,-32.28000E-3,-68.000004E-3,
,,,-32.24000E-3,-62.000003E-3,
,,,-32.20000E-3,-70.000000E-3,
,,,-32.16000E-3,-68.000004E-3,
,,,-32.12000E-3,-66.000000E-3,
,,,-32.08000E-3,-70.000000E-3,
,,,-32.04000E-3,-66.000000E-3,
,,,-32.00000E-3,-66.000000E-3,
,,,-31.96000E-3,-68.000004E-3,
,,,-31.92000E-3,-66.000000E-3,
,,,-31.88000E-3,-70.000000E-3,
,,,-31.84000E-3,-72.000004E-3,
,,,-31.80000E-3,-70.000000E-3,
,,,-31.76000E-3,-70.000000E-3,
,,,-31.72000E-3,-64.000003E-3,
,,,-31.68000E-3,-66.000000E-3,
,,,-31.64000E-3,-68.000004E-3,
,,,-31.60000E-3,-70.000000E-3,
,,,-31.56000E-3,-68.000004E-3,
,,,-31.52000E-3,-70.000000E-3,
,,,-31.48000E-3,-72.000004E-3,
,,,-31.44000E-3,-68.000004E-3,
,,,-31.40000E-3,-74.000001E-3,
,,,-31.36000E-3,-70.000000E-3,
,,,-31.32000E-3,-68.000004E-3,
,,,-31.28000E-3,-70.000000E-3,
,,,-31.24000E-3,-66.000000E-3,
,,,-31.20000E-3,-64.000003E-3,
,,,-31.16000E-3,-70.000000E-3,
,,,-31.12000E-3,-70.000000E-3,
,,,-31.08000E-3,-68.000004E-3,
,,,-31.04000E-3,-70.000000E-3,
,,,-31.00000E-3,-66.000000E-3,
,,,-30.96000E-3,-74.000001E-3,
,,,-30.92000E-3,-68.000004E-3,
,,,-30.88000E-3,-72.000004E-3,
,,,-30.84000E-3,-68.000004E-3,
,,,-30.80000E-3,-70.000000E-3,
,,,-30.76000E-3,-72.000004E-3,
,,,-30.72000E-3,-76.000005E-3,
,,,-30.68000E-3,-64.000003E-3,
,,,-30.64000E-3,-66.000000E-3,
,,,-30.60000E-3,-70.000000E-3,
,,,-30.56000E-3,-72.000004E-3,
,,,-30.52000E-3,-72.000004E-3,
,,,-30.48000E-3,-70.000000E-3,
,,,-30.44000E-3,-68.000004E-3,
,,,-30.40000E-3,-68.000004E-3,
,,,-30.36000E-3,-72.000004E-3,
,,,-30.32000E-3,-72.000004E-3,
,,,-30.28000E-3,-70.000000E-3,
,,,-30.24000E-3,-66.000000E-3,
,,,-30.20000E-3,-72.000004E-3,
,,,-30.16000E-3,-68.000004E-3,
,,,-30.12000E-3,-62.000003E-3,
,,,-30.08000E-3,-66.000000E-3,
,,,-30.04000E-3,-62.000003E-3,
,,,-30.00000E-3,-62.000003E-3,
,,,-29.96000E-3,-62.000003E-3,
,,,-29.92000E-3,-60.000002E-3,
,,,-29.88000E-3,-54.00000E-3,
,,,-29.84000E-3,-52.00000E-3,
,,,-29.80000E-3,-50.00000E-3,
,,,-29.76000E-3,-50.00000E-3,
,,,-29.72000E-3,-54.00000E-3,
,,,-29.68000E-3,-44.00000E-3,
,,,-29.64000E-3,-50.00000E-3,
,,,-29.60000E-3,-40.00000E-3,
,,,-29.56000E-3,-40.00000E-3,
,,,-29.52000E-3,-34.00000E-3,
,,,-29.48000E-3,-38.00000E-3,
,,,-29.44000E-3,-38.00000E-3,
,,,-29.40000E-3,-32.00000E-3,
,,,-29.36000E-3,-30.00000E-3,
,,,-29.32000E-3,-30.00000E-3,
,,,-29.28000E-3,-32.00000E-3,
,,,-29.24000E-3,-30.00000E-3,
,,,-29.20000E-3,-32.00000E-3,
,,,-29.16000E-3,-28.00000E-3,
,,,-29.12000E-3,-24.00000E-3,
,,,-29.08000E-3,-26.00000E-3,
,,,-29.04000E-3,-22.00000E-3,
,,,-29.00000E-3,-24.00000E-3,
,,,-28.96000E-3,-22.00000E-3,
,,,-28.92000E-3,-20.0000E-3,
,,,-28.88000E-3,-20.0000E-3,
,,,-28.84000E-3,-14.0000E-3,
,,,-28.80000E-3,-20.0000E-3,
,,,-28.76000E-3,-14.0000E-3,
,,,-28.72000E-3,-14.0000E-3,
,,,-28.68000E-3,-14.0000E-3,
,,,-28.64000E-3,-12.0000E-3,
,,,-28.60000E-3,-10.0000E-3,
,,,-28.56000E-3,-12.0000E-3,
,,,-28.52000E-3,-14.0000E-3,
,,,-28.48000E-3,-14.0000E-3,
,,,-28.44000E-3,-8.000000E-3,
,,,-28.40000E-3,-8.000000E-3,
,,,-28.36000E-3,-6.00000E-3,
,,,-28.32000E-3,-4.00000E-3,
,,,-28.28000E-3,-10.0000E-3,
,,,-28.24000E-3,10.0000E-3,
,,,-28.20000E-3,-8.000000E-3,
,,,-28.16000E-3,-10.0000E-3,
,,,-28.12000E-3,-14.0000E-3,
,,,-28.08000E-3,-8.000000E-3,
,,,-28.04000E-3,-4.00000E-3,
,,,-28.00000E-3,-2.0000E-3,
,,,-27.96000E-3,-8.000000E-3,
,,,-27.92000E-3,-6.00000E-3,
,,,-27.88000E-3,-16.0000E-3,
,,,-27.84000E-3,-8.000000E-3,
,,,-27.80000E-3,-6.00000E-3,
,,,-27.76000E-3,-4.00000E-3,
,,,-27.72000E-3,-2.0000E-3,
,,,-27.68000E-3,-2.0000E-3,
,,,-27.64000E-3,0.0,
,,,-27.60000E-3,-2.0000E-3,
,,,-27.56000E-3,0.0,
,,,-27.52000E-3,-2.0000E-3,
,,,-27.48000E-3,2.0000E-3,
,,,-27.44000E-3,8.000000E-3,
,,,-27.40000E-3,4.00000E-3,
,,,-27.36000E-3,6.00000E-3,
,,,-27.32000E-3,2.0000E-3,
,,,-27.28000E-3,-6.00000E-3,
,,,-27.24000E-3,0.0,
,,,-27.20000E-3,0.0,
,,,-27.16000E-3,6.00000E-3,
,,,-27.12000E-3,2.0000E-3,
,,,-27.08000E-3,4.00000E-3,
,,,-27.04000E-3,4.00000E-3,
,,,-27.00000E-3,0.0,
,,,-26.96000E-3,0.0,
,,,-26.92000E-3,2.0000E-3,
,,,-26.88000E-3,-4.00000E-3,
,,,-26.84000E-3,6.00000E-3,
,,,-26.80000E-3,2.0000E-3,
,,,-26.76000E-3,0.0,
,,,-26.72000E-3,2.0000E-3,
,,,-26.68000E-3,4.00000E-3,
,,,-26.64000E-3,-2.0000E-3,
,,,-26.60000E-3,4.00000E-3,
,,,-26.56000E-3,2.0000E-3,
,,,-26.52000E-3,2.0000E-3,
,,,-26.48000E-3,6.00000E-3,
,,,-26.44000E-3,8.000000E-3,
,,,-26.40000E-3,-2.0000E-3,
,,,-26.36000E-3,8.000000E-3,
,,,-26.32000E-3,2.0000E-3,
,,,-26.28000E-3,4.00000E-3,
,,,-26.24000E-3,2.0000E-3,
,,,-26.20000E-3,6.00000E-3,
,,,-26.16000E-3,8.000000E-3,
,,,-26.12000E-3,2.0000E-3,
,,,-26.08000E-3,6.00000E-3,
,,,-26.04000E-3,2.0000E-3,
,,,-26.00000E-3,4.00000E-3,
,,,-25.96000E-3,2.0000E-3,
,,,-25.92000E-3,6.00000E-3,
,,,-25.88000E-3,4.00000E-3,
,,,-25.84000E-3,14.0000E-3,
,,,-25.80000E-3,10.0000E-3,
,,,-25.76000E-3,12.0000E-3,
,,,-25.72000E-3,8.000000E-3,
,,,-25.68000E-3,8.000000E-3,
,,,-25.64000E-3,12.0000E-3,
,,,-25.60000E-3,8.000000E-3,
,,,-25.56000E-3,10.0000E-3,
,,,-25.52000E-3,10.0000E-3,
,,,-25.48000E-3,4.00000E-3,
,,,-25.44000E-3,12.0000E-3,
,,,-25.40000E-3,6.00000E-3,
,,,-25.36000E-3,8.000000E-3,
,,,-25.32000E-3,14.0000E-3,
,,,-25.28000E-3,14.0000E-3,
,,,-25.24000E-3,10.0000E-3,
,,,-25.20000E-3,10.0000E-3,
,,,-25.16000E-3,12.0000E-3,
,,,-25.12000E-3,6.00000E-3,
,,,-25.08000E-3,8.000000E-3,
,,,-25.04000E-3,10.0000E-3,
,,,-25.00000E-3,10.0000E-3,
,,,-24.96000E-3,12.0000E-3,
,,,-24.92000E-3,12.0000E-3,
,,,-24.88000E-3,8.000000E-3,
,,,-24.84000E-3,24.00000E-3,
,,,-24.80000E-3,12.0000E-3,
,,,-24.76000E-3,10.0000E-3,
,,,-24.72000E-3,16.0000E-3,
,,,-24.68000E-3,10.0000E-3,
,,,-24.64000E-3,12.0000E-3,
,,,-24.60000E-3,14.0000E-3,
,,,-24.56000E-3,12.0000E-3,
,,,-24.52000E-3,14.0000E-3,
,,,-24.48000E-3,10.0000E-3,
,,,-24.44000E-3,20.0000E-3,
,,,-24.40000E-3,12.0000E-3,
,,,-24.36000E-3,10.0000E-3,
,,,-24.32000E-3,16.0000E-3,
,,,-24.28000E-3,12.0000E-3,
,,,-24.24000E-3,8.000000E-3,
,,,-24.20000E-3,18.0000E-3,
,,,-24.16000E-3,14.0000E-3,
,,,-24.12000E-3,18.0000E-3,
,,,-24.08000E-3,10.0000E-3,
,,,-24.04000E-3,20.0000E-3,
,,,-24.00000E-3,16.0000E-3,
,,,-23.96000E-3,12.0000E-3,
,,,-23.92000E-3,16.0000E-3,
,,,-23.88000E-3,18.0000E-3,
,,,-23.84000E-3,16.0000E-3,
,,,-23.80000E-3,18.0000E-3,
,,,-23.76000E-3,18.0000E-3,
,,,-23.72000E-3,16.0000E-3,
,,,-23.68000E-3,18.0000E-3,
,,,-23.64000E-3,20.0000E-3,
,,,-23.60000E-3,20.0000E-3,
,,,-23.56000E-3,18.0000E-3,
,,,-23.52000E-3,24.00000E-3,
,,,-23.48000E-3,22.00000E-3,
,,,-23.44000E-3,16.0000E-3,
,,,-23.40000E-3,16.0000E-3,
,,,-23.36000E-3,16.0000E-3,
,,,-23.32000E-3,24.00000E-3,
,,,-23.28000E-3,24.00000E-3,
,,,-23.24000E-3,8.000000E-3,
,,,-23.20000E-3,26.00000E-3,
,,,-23.16000E-3,34.00000E-3,
,,,-23.12000E-3,28.00000E-3,
,,,-23.08000E-3,26.00000E-3,
,,,-23.04000E-3,24.00000E-3,
,,,-23.00000E-3,30.00000E-3,
,,,-22.96000E-3,22.00000E-3,
,,,-22.92000E-3,30.00000E-3,
,,,-22.88000E-3,32.00000E-3,
,,,-22.84000E-3,34.00000E-3,
,,,-22.80000E-3,32.00000E-3,
,,,-22.76000E-3,34.00000E-3,
,,,-22.72000E-3,34.00000E-3,
,,,-22.68000E-3,38.00000E-3,
,,,-22.64000E-3,40.00000E-3,
,,,-22.60000E-3,38.00000E-3,
,,,-22.56000E-3,52.00000E-3,
,,,-22.52000E-3,38.00000E-3,
,,,-22.48000E-3,42.00000E-3,
,,,-22.44000E-3,42.00000E-3,
,,,-22.40000E-3,46.00000E-3,
,,,-22.36000E-3,40.00000E-3,
,,,-22.32000E-3,46.00000E-3,
,,,-22.28000E-3,50.00000E-3,
,,,-22.24000E-3,50.00000E-3,
,,,-22.20000E-3,48.00000E-3,
,,,-22.16000E-3,54.00000E-3,
,,,-22.12000E-3,54.00000E-3,
,,,-22.08000E-3,48.00000E-3,
,,,-22.04000E-3,52.00000E-3,
,,,-22.00000E-3,54.00000E-3,
,,,-21.96000E-3,56.000002E-3,
,,,-21.92000E-3,54.00000E-3,
,,,-21.88000E-3,54.00000E-3,
,,,-21.84000E-3,56.000002E-3,
,,,-21.80000E-3,58.000002E-3,
,,,-21.76000E-3,60.000002E-3,
,,,-21.72000E-3,60.000002E-3,
,,,-21.68000E-3,60.000002E-3,
,,,-21.64000E-3,64.000003E-3,
,,,-21.60000E-3,66.000000E-3,
,,,-21.56000E-3,64.000003E-3,
,,,-21.52000E-3,70.000000E-3,
,,,-21.48000E-3,70.000000E-3,
,,,-21.44000E-3,70.000000E-3,
,,,-21.40000E-3,74.000001E-3,
,,,-21.36000E-3,78.000002E-3,
,,,-21.32000E-3,70.000000E-3,
,,,-21.28000E-3,78.000002E-3,
,,,-21.24000E-3,82.000002E-3,
,,,-21.20000E-3,82.000002E-3,
,,,-21.16000E-3,82.000002E-3,
,,,-21.12000E-3,74.000001E-3,
,,,-21.08000E-3,88.000007E-3,
,,,-21.04000E-3,90.000004E-3,
,,,-21.00000E-3,88.000007E-3,
,,,-20.96000E-3,88.000007E-3,
,,,-20.92000E-3,88.000007E-3,
,,,-20.88000E-3,92.000008E-3,
,,,-20.84000E-3,94.000004E-3,
,,,-20.80000E-3,96.000001E-3,
,,,-20.76000E-3,98.000005E-3,
,,,-20.72000E-3,98.000005E-3,
,,,-20.68000E-3,90.000004E-3,
,,,-20.64000E-3,100.0000E-3,
,,,-20.60000E-3,98.000005E-3,
,,,-20.56000E-3,102.0000E-3,
,,,-20.52000E-3,106.0000E-3,
,,,-20.48000E-3,102.0000E-3,
,,,-20.44000E-3,108.0000E-3,
,,,-20.40000E-3,110.0000E-3,
,,,-20.36000E-3,106.0000E-3,
,,,-20.32000E-3,108.0000E-3,
,,,-20.28000E-3,112.0000E-3,
,,,-20.24000E-3,118.0000E-3,
,,,-20.20000E-3,116.0000E-3,
,,,-20.16000E-3,118.0000E-3,
,,,-20.12000E-3,122.0000E-3,
,,,-20.0800E-3,120.0000E-3,
,,,-20.0400E-3,120.0000E-3,
,,,-20.0000E-3,122.0000E-3,
,,,-19.9600E-3,124.0000E-3,
,,,-19.9200E-3,124.0000E-3,
,,,-19.8800E-3,128.0000E-3,
,,,-19.8400E-3,130.0000E-3,
,,,-19.8000E-3,130.0000E-3,
,,,-19.7600E-3,130.0000E-3,
,,,-19.7200E-3,132.0000E-3,
,,,-19.6800E-3,134.0000E-3,
,,,-19.6400E-3,142.0000E-3,
,,,-19.6000E-3,134.0000E-3,
,,,-19.5600E-3,134.0000E-3,
,,,-19.5200E-3,140.0000E-3,
,,,-19.4800E-3,140.0000E-3,
,,,-19.4400E-3,142.0000E-3,
,,,-19.4000E-3,142.0000E-3,
,,,-19.3600E-3,146.0000E-3,
,,,-19.3200E-3,140.0000E-3,
,,,-19.2800E-3,140.0000E-3,
,,,-19.2400E-3,138.0000E-3,
,,,-19.2000E-3,140.0000E-3,
,,,-19.1600E-3,140.0000E-3,
,,,-19.1200E-3,140.0000E-3,
,,,-19.0800E-3,144.0000E-3,
,,,-19.0400E-3,142.0000E-3,
,,,-19.0000E-3,142.0000E-3,
,,,-18.9600E-3,146.0000E-3,
,,,-18.9200E-3,146.0000E-3,
,,,-18.8800E-3,152.00001E-3,
,,,-18.8400E-3,150.00001E-3,
,,,-18.8000E-3,152.00001E-3,
,,,-18.7600E-3,148.0000E-3,
,,,-18.7200E-3,156.00000E-3,
,,,-18.6800E-3,154.00001E-3,
,,,-18.6400E-3,150.00001E-3,
,,,-18.6000E-3,154.00001E-3,
,,,-18.5600E-3,156.00000E-3,
,,,-18.5200E-3,154.00001E-3,
,,,-18.4800E-3,156.00000E-3,
,,,-18.4400E-3,162.00000E-3,
,,,-18.4000E-3,160.00001E-3,
,,,-18.3600E-3,156.00000E-3,
,,,-18.3200E-3,164.00000E-3,
,,,-18.2800E-3,162.00000E-3,
,,,-18.2400E-3,158.00001E-3,
,,,-18.2000E-3,162.00000E-3,
,,,-18.1600E-3,164.00000E-3,
,,,-18.1200E-3,166.00001E-3,
,,,-18.0800E-3,166.00001E-3,
,,,-18.0400E-3,168.00001E-3,
,,,-18.0000E-3,160.00001E-3,
,,,-17.9600E-3,166.00001E-3,
,,,-17.9200E-3,166.00001E-3,
,,,-17.8800E-3,166.00001E-3,
,,,-17.8400E-3,170.00000E-3,
,,,-17.8000E-3,168.00001E-3,
,,,-17.7600E-3,172.00001E-3,
,,,-17.7200E-3,170.00000E-3,
,,,-17.6800E-3,170.00000E-3,
,,,-17.6400E-3,168.00001E-3,
,,,-17.6000E-3,168.00001E-3,
,,,-17.5600E-3,172.00001E-3,
,,,-17.5200E-3,172.00001E-3,
,,,-17.4800E-3,174.00001E-3,
,,,-17.4400E-3,176.00001E-3,
,,,-17.4000E-3,174.00001E-3,
,,,-17.3600E-3,174.00001E-3,
,,,-17.3200E-3,176.00001E-3,
,,,-17.2800E-3,176.00001E-3,
,,,-17.2400E-3,174.00001E-3,
,,,-17.2000E-3,178.00000E-3,
,,,-17.1600E-3,174.00001E-3,
,,,-17.1200E-3,180.00001E-3,
,,,-17.0800E-3,178.00000E-3,
,,,-17.0400E-3,178.00000E-3,
,,,-17.0000E-3,176.00001E-3,
,,,-16.9600E-3,174.00001E-3,
,,,-16.9200E-3,174.00001E-3,
,,,-16.8800E-3,174.00001E-3,
,,,-16.8400E-3,174.00001E-3,
,,,-16.8000E-3,178.00000E-3,
,,,-16.7600E-3,176.00001E-3,
,,,-16.7200E-3,174.00001E-3,
,,,-16.6800E-3,172.00001E-3,
,,,-16.6400E-3,174.00001E-3,
,,,-16.6000E-3,172.00001E-3,
,,,-16.5600E-3,172.00001E-3,
,,,-16.5200E-3,170.00000E-3,
,,,-16.4800E-3,164.00000E-3,
,,,-16.4400E-3,174.00001E-3,
,,,-16.4000E-3,170.00000E-3,
,,,-16.3600E-3,174.00001E-3,
,,,-16.3200E-3,172.00001E-3,
,,,-16.2800E-3,170.00000E-3,
,,,-16.2400E-3,166.00001E-3,
,,,-16.2000E-3,168.00001E-3,
,,,-16.1600E-3,170.00000E-3,
,,,-16.1200E-3,168.00001E-3,
,,,-16.0800E-3,172.00001E-3,
,,,-16.0400E-3,168.00001E-3,
,,,-16.0000E-3,170.00000E-3,
,,,-15.9600E-3,164.00000E-3,
,,,-15.9200E-3,160.00001E-3,
,,,-15.8800E-3,158.00001E-3,
,,,-15.8400E-3,164.00000E-3,
,,,-15.8000E-3,166.00001E-3,
,,,-15.7600E-3,164.00000E-3,
,,,-15.7200E-3,164.00000E-3,
,,,-15.6800E-3,166.00001E-3,
,,,-15.6400E-3,166.00001E-3,
,,,-15.6000E-3,164.00000E-3,
,,,-15.5600E-3,164.00000E-3,
,,,-15.5200E-3,166.00001E-3,
,,,-15.4800E-3,164.00000E-3,
,,,-15.4400E-3,184.00002E-3,
,,,-15.4000E-3,156.00000E-3,
,,,-15.3600E-3,166.00001E-3,
,,,-15.3200E-3,160.00001E-3,
,,,-15.2800E-3,164.00000E-3,
,,,-15.2400E-3,158.00001E-3,
,,,-15.2000E-3,156.00000E-3,
,,,-15.1600E-3,154.00001E-3,
,,,-15.1200E-3,156.00000E-3,
,,,-15.0800E-3,154.00001E-3,
,,,-15.0400E-3,158.00001E-3,
,,,-15.0000E-3,158.00001E-3,
,,,-14.9600E-3,152.00001E-3,
,,,-14.9200E-3,154.00001E-3,
,,,-14.8800E-3,148.0000E-3,
,,,-14.8400E-3,148.0000E-3,
,,,-14.8000E-3,146.0000E-3,
,,,-14.7600E-3,148.0000E-3,
,,,-14.7200E-3,142.0000E-3,
,,,-14.6800E-3,142.0000E-3,
,,,-14.6400E-3,144.0000E-3,
,,,-14.6000E-3,140.0000E-3,
,,,-14.5600E-3,140.0000E-3,
,,,-14.5200E-3,140.0000E-3,
,,,-14.4800E-3,140.0000E-3,
,,,-14.4400E-3,146.0000E-3,
,,,-14.4000E-3,132.0000E-3,
,,,-14.3600E-3,128.0000E-3,
,,,-14.3200E-3,134.0000E-3,
,,,-14.2800E-3,136.0000E-3,
,,,-14.2400E-3,138.0000E-3,
,,,-14.2000E-3,130.0000E-3,
,,,-14.1600E-3,130.0000E-3,
,,,-14.1200E-3,132.0000E-3,
,,,-14.0800E-3,130.0000E-3,
,,,-14.0400E-3,126.0000E-3,
,,,-14.0000E-3,126.0000E-3,
,,,-13.9600E-3,124.0000E-3,
,,,-13.9200E-3,124.0000E-3,
,,,-13.8800E-3,122.0000E-3,
,,,-13.8400E-3,148.0000E-3,
,,,-13.8000E-3,124.0000E-3,
,,,-13.7600E-3,120.0000E-3,
,,,-13.7200E-3,122.0000E-3,
,,,-13.6800E-3,122.0000E-3,
,,,-13.6400E-3,100.0000E-3,
,,,-13.6000E-3,118.0000E-3,
,,,-13.5600E-3,114.0000E-3,
,,,-13.5200E-3,122.0000E-3,
,,,-13.4800E-3,116.0000E-3,
,,,-13.4400E-3,124.0000E-3,
,,,-13.4000E-3,118.0000E-3,
,,,-13.3600E-3,110.0000E-3,
,,,-13.3200E-3,112.0000E-3,
,,,-13.2800E-3,114.0000E-3,
,,,-13.2400E-3,114.0000E-3,
,,,-13.2000E-3,114.0000E-3,
,,,-13.1600E-3,110.0000E-3,
,,,-13.1200E-3,108.0000E-3,
,,,-13.0800E-3,108.0000E-3,
,,,-13.0400E-3,108.0000E-3,
,,,-13.0000E-3,108.0000E-3,
,,,-12.9600E-3,110.0000E-3,
,,,-12.9200E-3,102.0000E-3,
,,,-12.8800E-3,102.0000E-3,
,,,-12.8400E-3,104.0000E-3,
,,,-12.8000E-3,102.0000E-3,
,,,-12.7600E-3,102.0000E-3,
,,,-12.7200E-3,100.0000E-3,
,,,-12.6800E-3,100.0000E-3,
,,,-12.6400E-3,96.000001E-3,
,,,-12.6000E-3,98.000005E-3,
,,,-12.5600E-3,96.000001E-3,
,,,-12.5200E-3,90.000004E-3,
,,,-12.4800E-3,90.000004E-3,
,,,-12.4400E-3,88.000007E-3,
,,,-12.4000E-3,88.000007E-3,
,,,-12.3600E-3,84.000006E-3,
,,,-12.3200E-3,92.000008E-3,
,,,-12.2800E-3,92.000008E-3,
,,,-12.2400E-3,86.000003E-3,
,,,-12.2000E-3,84.000006E-3,
,,,-12.1600E-3,78.000002E-3,
,,,-12.1200E-3,90.000004E-3,
,,,-12.0800E-3,92.000008E-3,
,,,-12.0400E-3,82.000002E-3,
,,,-12.0000E-3,80.000006E-3,
,,,-11.9600E-3,74.000001E-3,
,,,-11.9200E-3,76.000005E-3,
,,,-11.8800E-3,76.000005E-3,
,,,-11.8400E-3,78.000002E-3,
,,,-11.8000E-3,72.000004E-3,
,,,-11.7600E-3,76.000005E-3,
,,,-11.7200E-3,72.000004E-3,
,,,-11.6800E-3,72.000004E-3,
,,,-11.6400E-3,68.000004E-3,
,,,-11.6000E-3,72.000004E-3,
,,,-11.5600E-3,70.000000E-3,
,,,-11.5200E-3,70.000000E-3,
,,,-11.4800E-3,70.000000E-3,
,,,-11.4400E-3,66.000000E-3,
,,,-11.4000E-3,68.000004E-3,
,,,-11.3600E-3,60.000002E-3,
,,,-11.3200E-3,64.000003E-3,
,,,-11.2800E-3,54.00000E-3,
,,,-11.2400E-3,66.000000E-3,
,,,-11.2000E-3,62.000003E-3,
,,,-11.1600E-3,58.000002E-3,
,,,-11.1200E-3,60.000002E-3,
,,,-11.0800E-3,58.000002E-3,
,,,-11.0400E-3,60.000002E-3,
,,,-11.0000E-3,54.00000E-3,
,,,-10.9600E-3,50.00000E-3,
,,,-10.9200E-3,58.000002E-3,
,,,-10.8800E-3,56.000002E-3,
,,,-10.8400E-3,50.00000E-3,
,,,-10.8000E-3,50.00000E-3,
,,,-10.7600E-3,50.00000E-3,
,,,-10.7200E-3,50.00000E-3,
,,,-10.6800E-3,50.00000E-3,
,,,-10.6400E-3,50.00000E-3,
,,,-10.6000E-3,50.00000E-3,
,,,-10.5600E-3,48.00000E-3,
,,,-10.5200E-3,50.00000E-3,
,,,-10.4800E-3,42.00000E-3,
,,,-10.4400E-3,44.00000E-3,
,,,-10.4000E-3,24.00000E-3,
,,,-10.3600E-3,40.00000E-3,
,,,-10.3200E-3,44.00000E-3,
,,,-10.2800E-3,38.00000E-3,
,,,-10.2400E-3,42.00000E-3,
,,,-10.2000E-3,38.00000E-3,
,,,-10.1600E-3,40.00000E-3,
,,,-10.1200E-3,36.00000E-3,
,,,-10.0800E-3,38.00000E-3,
,,,-10.0400E-3,34.00000E-3,
,,,-10.00000E-3,32.00000E-3,
,,,-9.960000E-3,36.00000E-3,
,,,-9.920000E-3,34.00000E-3,
,,,-9.880000E-3,34.00000E-3,
,,,-9.840000E-3,30.00000E-3,
,,,-9.800000E-3,28.00000E-3,
,,,-9.760000E-3,34.00000E-3,
,,,-9.720000E-3,26.00000E-3,
,,,-9.680000E-3,28.00000E-3,
,,,-9.640000E-3,26.00000E-3,
,,,-9.600000E-3,24.00000E-3,
,,,-9.560000E-3,28.00000E-3,
,,,-9.520000E-3,30.00000E-3,
,,,-9.480000E-3,28.00000E-3,
,,,-9.440000E-3,30.00000E-3,
,,,-9.400000E-3,28.00000E-3,
,,,-9.360000E-3,24.00000E-3,
,,,-9.320000E-3,26.00000E-3,
,,,-9.280000E-3,20.0000E-3,
,,,-9.240001E-3,24.00000E-3,
,,,-9.200000E-3,16.0000E-3,
,,,-9.160000E-3,18.0000E-3,
,,,-9.120001E-3,18.0000E-3,
,,,-9.080000E-3,18.0000E-3,
,,,-9.040000E-3,14.0000E-3,
,,,-9.000001E-3,16.0000E-3,
,,,-8.960000E-3,16.0000E-3,
,,,-8.920000E-3,12.0000E-3,
,,,-8.880001E-3,10.0000E-3,
,,,-8.840000E-3,10.0000E-3,
,,,-8.800000E-3,10.0000E-3,
,,,-8.760000E-3,12.0000E-3,
,,,-8.720000E-3,10.0000E-3,
,,,-8.680000E-3,14.0000E-3,
,,,-8.640000E-3,8.000000E-3,
,,,-8.600000E-3,8.000000E-3,
,,,-8.560000E-3,14.0000E-3,
,,,-8.520000E-3,6.00000E-3,
,,,-8.480000E-3,2.0000E-3,
,,,-8.440000E-3,6.00000E-3,
,,,-8.400000E-3,4.00000E-3,
,,,-8.360000E-3,2.0000E-3,
,,,-8.320000E-3,4.00000E-3,
,,,-8.280000E-3,0.0,
,,,-8.240000E-3,2.0000E-3,
,,,-8.200000E-3,6.00000E-3,
,,,-8.160000E-3,2.0000E-3,
,,,-8.120000E-3,0.0,
,,,-8.080000E-3,6.00000E-3,
,,,-8.040000E-3,8.000000E-3,
,,,-8.000000E-3,0.0,
,,,-7.960000E-3,8.000000E-3,
,,,-7.920000E-3,0.0,
,,,-7.880000E-3,4.00000E-3,
,,,-7.840000E-3,2.0000E-3,
,,,-7.800000E-3,0.0,
,,,-7.760000E-3,0.0,
,,,-7.720000E-3,2.0000E-3,
,,,-7.680000E-3,4.00000E-3,
,,,-7.640000E-3,2.0000E-3,
,,,-7.600000E-3,2.0000E-3,
,,,-7.560000E-3,-2.0000E-3,
,,,-7.520000E-3,2.0000E-3,
,,,-7.480000E-3,2.0000E-3,
,,,-7.440000E-3,4.00000E-3,
,,,-7.400000E-3,2.0000E-3,
,,,-7.36000E-3,2.0000E-3,
,,,-7.32000E-3,10.0000E-3,
,,,-7.28000E-3,0.0,
,,,-7.24000E-3,-8.000000E-3,
,,,-7.20000E-3,-14.0000E-3,
,,,-7.16000E-3,2.0000E-3,
,,,-7.12000E-3,0.0,
,,,-7.08000E-3,4.00000E-3,
,,,-7.04000E-3,2.0000E-3,
,,,-7.00000E-3,2.0000E-3,
,,,-6.96000E-3,2.0000E-3,
,,,-6.92000E-3,0.0,
,,,-6.88000E-3,0.0,
,,,-6.84000E-3,2.0000E-3,
,,,-6.80000E-3,-2.0000E-3,
,,,-6.76000E-3,0.0,
,,,-6.72000E-3,6.00000E-3,
,,,-6.68000E-3,4.00000E-3,
,,,-6.64000E-3,4.00000E-3,
,,,-6.60000E-3,0.0,
,,,-6.56000E-3,0.0,
,,,-6.52000E-3,4.00000E-3,
,,,-6.48000E-3,4.00000E-3,
,,,-6.44000E-3,10.0000E-3,
,,,-6.40000E-3,8.000000E-3,
,,,-6.36000E-3,6.00000E-3,
,,,-6.32000E-3,-2.0000E-3,
,,,-6.28000E-3,0.0,
,,,-6.24000E-3,2.0000E-3,
,,,-6.20000E-3,8.000000E-3,
,,,-6.16000E-3,6.00000E-3,
,,,-6.12000E-3,2.0000E-3,
,,,-6.08000E-3,12.0000E-3,
,,,-6.04000E-3,12.0000E-3,
,,,-6.00000E-3,10.0000E-3,
,,,-5.96000E-3,10.0000E-3,
,,,-5.92000E-3,10.0000E-3,
,,,-5.88000E-3,8.000000E-3,
,,,-5.84000E-3,12.0000E-3,
,,,-5.80000E-3,8.000000E-3,
,,,-5.76000E-3,12.0000E-3,
,,,-5.72000E-3,16.0000E-3,
,,,-5.68000E-3,14.0000E-3,
,,,-5.64000E-3,14.0000E-3,
,,,-5.60000E-3,18.0000E-3,
,,,-5.56000E-3,16.0000E-3,
,,,-5.52000E-3,18.0000E-3,
,,,-5.48000E-3,18.0000E-3,
,,,-5.44000E-3,22.00000E-3,
,,,-5.40000E-3,20.0000E-3,
,,,-5.36000E-3,18.0000E-3,
,,,-5.32000E-3,22.00000E-3,
,,,-5.28000E-3,22.00000E-3,
,,,-5.24000E-3,16.0000E-3,
,,,-5.20000E-3,24.00000E-3,
,,,-5.16000E-3,22.00000E-3,
,,,-5.12000E-3,20.0000E-3,
,,,-5.08000E-3,24.00000E-3,
,,,-5.04000E-3,18.0000E-3,
,,,-5.00000E-3,16.0000E-3,
,,,-4.96000E-3,18.0000E-3,
,,,-4.92000E-3,14.0000E-3,
,,,-4.88000E-3,14.0000E-3,
,,,-4.84000E-3,12.0000E-3,
,,,-4.80000E-3,10.0000E-3,
,,,-4.76000E-3,10.0000E-3,
,,,-4.72000E-3,10.0000E-3,
,,,-4.68000E-3,8.000000E-3,
,,,-4.64000E-3,8.000000E-3,
,,,-4.60000E-3,6.00000E-3,
,,,-4.56000E-3,6.00000E-3,
,,,-4.52000E-3,4.00000E-3,
,,,-4.48000E-3,0.0,
,,,-4.44000E-3,2.0000E-3,
,,,-4.40000E-3,2.0000E-3,
,,,-4.36000E-3,0.0,
,,,-4.32000E-3,-4.00000E-3,
,,,-4.28000E-3,-4.00000E-3,
,,,-4.24000E-3,-2.0000E-3,
,,,-4.20000E-3,18.0000E-3,
,,,-4.16000E-3,2.0000E-3,
,,,-4.12000E-3,0.0,
,,,-4.08000E-3,-2.0000E-3,
,,,-4.04000E-3,0.0,
,,,-4.00000E-3,-2.0000E-3,
,,,-3.96000E-3,0.0,
,,,-3.92000E-3,-4.00000E-3,
,,,-3.88000E-3,-4.00000E-3,
,,,-3.84000E-3,-4.00000E-3,
,,,-3.80000E-3,-6.00000E-3,
,,,-3.76000E-3,-14.0000E-3,
,,,-3.72000E-3,-8.000000E-3,
,,,-3.68000E-3,-8.000000E-3,
,,,-3.64000E-3,-12.0000E-3,
,,,-3.60000E-3,-12.0000E-3,
,,,-3.56000E-3,-10.0000E-3,
,,,-3.52000E-3,-12.0000E-3,
,,,-3.48000E-3,-14.0000E-3,
,,,-3.44000E-3,-8.000000E-3,
,,,-3.40000E-3,-14.0000E-3,
,,,-3.36000E-3,-16.0000E-3,
,,,-3.32000E-3,-14.0000E-3,
,,,-3.28000E-3,-20.0000E-3,
,,,-3.24000E-3,-14.0000E-3,
,,,-3.20000E-3,-16.0000E-3,
,,,-3.16000E-3,-10.0000E-3,
,,,-3.12000E-3,-4.00000E-3,
,,,-3.08000E-3,-4.00000E-3,
,,,-3.04000E-3,-4.00000E-3,
,,,-3.00000E-3,-4.00000E-3,
,,,-2.96000E-3,-4.00000E-3,
,,,-2.92000E-3,-6.00000E-3,
,,,-2.88000E-3,2.0000E-3,
,,,-2.84000E-3,10.0000E-3,
,,,-2.80000E-3,10.0000E-3,
,,,-2.76000E-3,10.0000E-3,
,,,-2.72000E-3,14.0000E-3,
,,,-2.6800E-3,14.0000E-3,
,,,-2.6400E-3,34.00000E-3,
,,,-2.6000E-3,24.00000E-3,
,,,-2.5600E-3,22.00000E-3,
,,,-2.5200E-3,26.00000E-3,
,,,-2.4800E-3,28.00000E-3,
,,,-2.4400E-3,34.00000E-3,
,,,-2.4000E-3,26.00000E-3,
,,,-2.3600E-3,30.00000E-3,
,,,-2.3200E-3,36.00000E-3,
,,,-2.2800E-3,42.00000E-3,
,,,-2.2400E-3,46.00000E-3,
,,,-2.2000E-3,44.00000E-3,
,,,-2.1600E-3,44.00000E-3,
,,,-2.1200E-3,50.00000E-3,
,,,-2.0800E-3,50.00000E-3,
,,,-2.0400E-3,56.000002E-3,
,,,-2.0000E-3,54.00000E-3,
,,,-1.9600E-3,58.000002E-3,
,,,-1.9200E-3,56.000002E-3,
,,,-1.8800E-3,60.000002E-3,
,,,-1.8400E-3,64.000003E-3,
,,,-1.8000E-3,66.000000E-3,
,,,-1.7600E-3,78.000002E-3,
,,,-1.7200E-3,64.000003E-3,
,,,-1.6800E-3,68.000004E-3,
,,,-1.6400E-3,72.000004E-3,
,,,-1.6000E-3,76.000005E-3,
,,,-1.5600E-3,74.000001E-3,
,,,-1.5200E-3,74.000001E-3,
,,,-1.4800E-3,76.000005E-3,
,,,-1.4400E-3,82.000002E-3,
,,,-1.4000E-3,74.000001E-3,
,,,-1.3600E-3,80.000006E-3,
,,,-1.3200E-3,76.000005E-3,
,,,-1.2800E-3,82.000002E-3,
,,,-1.2400E-3,84.000006E-3,
,,,-1.2000E-3,86.000003E-3,
,,,-1.1600E-3,88.000007E-3,
,,,-1.1200E-3,88.000007E-3,
,,,-1.0800E-3,94.000004E-3,
,,,-1.0400E-3,94.000004E-3,
,,,-1.0000E-3,90.000004E-3,
,,,-960.000325E-6,94.000004E-3,
,,,-920.000311E-6,96.000001E-3,
,,,-880.000298E-6,96.000001E-3,
,,,-840.000343E-6,96.000001E-3,
,,,-800.000329E-6,98.000005E-3,
,,,-760.000315E-6,102.0000E-3,
,,,-720.000302E-6,98.000005E-3,
,,,-680.000288E-6,98.000005E-3,
,,,-640.000333E-6,98.000005E-3,
,,,-600.000320E-6,102.0000E-3,
,,,-560.000306E-6,100.0000E-3,
,,,-520.000351E-6,100.0000E-3,
,,,-480.000337E-6,102.0000E-3,
,,,-440.000324E-6,102.0000E-3,
,,,-400.00031E-6,104.0000E-3,
,,,-360.00033E-6,104.0000E-3,
,,,-320.00034E-6,100.0000E-3,
,,,-280.00033E-6,104.0000E-3,
,,,-240.00033E-6,108.0000E-3,
,,,-200.00033E-6,104.0000E-3,
,,,-160.00033E-6,106.0000E-3,
,,,-120.0003E-6,104.0000E-3,
,,,-80.000333E-6,98.000005E-3,
,,,-40.00033E-6,98.000005E-3,
,,,-334.69405E-12,92.000008E-3,
,,,39.99966E-6,90.000004E-3,
,,,79.999663E-6,92.000008E-3,
,,,119.9997E-6,86.000003E-3,
,,,159.99966E-6,86.000003E-3,
,,,199.99966E-6,82.000002E-3,
,,,239.99966E-6,76.000005E-3,
,,,279.99966E-6,76.000005E-3,
,,,319.99964E-6,74.000001E-3,
,,,359.99966E-6,78.000002E-3,
,,,399.99967E-6,70.000000E-3,
,,,439.999654E-6,66.000000E-3,
,,,479.999639E-6,66.000000E-3,
,,,519.999652E-6,66.000000E-3,
,,,559.999666E-6,66.000000E-3,
,,,599.999679E-6,64.000003E-3,
,,,639.999635E-6,62.000003E-3,
,,,679.999648E-6,74.000001E-3,
,,,719.999662E-6,54.00000E-3,
,,,759.999617E-6,50.00000E-3,
,,,799.999631E-6,50.00000E-3,
,,,839.999644E-6,50.00000E-3,
,,,879.999658E-6,48.00000E-3,
,,,919.999671E-6,46.00000E-3,
,,,959.999627E-6,42.00000E-3,
,,,1.000E-3,42.00000E-3,
,,,1.0400E-3,42.00000E-3,
,,,1.0800E-3,38.00000E-3,
,,,1.1200E-3,36.00000E-3,
,,,1.1600E-3,32.00000E-3,
,,,1.2000E-3,38.00000E-3,
,,,1.2400E-3,30.00000E-3,
,,,1.2800E-3,32.00000E-3,
,,,1.3200E-3,28.00000E-3,
,,,1.3600E-3,28.00000E-3,
,,,1.4000E-3,30.00000E-3,
,,,1.4400E-3,26.00000E-3,
,,,1.4800E-3,20.0000E-3,
,,,1.5200E-3,22.00000E-3,
,,,1.5600E-3,26.00000E-3,
,,,1.6000E-3,24.00000E-3,
,,,1.6400E-3,18.0000E-3,
,,,1.6800E-3,6.00000E-3,
,,,1.7200E-3,38.00000E-3,
,,,1.7600E-3,12.0000E-3,
,,,1.8000E-3,14.0000E-3,
,,,1.8400E-3,10.0000E-3,
,,,1.8800E-3,8.000000E-3,
,,,1.9200E-3,4.00000E-3,
,,,1.9600E-3,4.00000E-3,
,,,2.0000E-3,8.000000E-3,
,,,2.0400E-3,6.00000E-3,
,,,2.0800E-3,4.00000E-3,
,,,2.1200E-3,2.0000E-3,
,,,2.1600E-3,2.0000E-3,
,,,2.2000E-3,0.0,
,,,2.2400E-3,-6.00000E-3,
,,,2.2800E-3,-2.0000E-3,
,,,2.3200E-3,-4.00000E-3,
,,,2.3600E-3,-8.000000E-3,
,,,2.4000E-3,-18.0000E-3,
,,,2.4400E-3,-8.000000E-3,
,,,2.4800E-3,-10.0000E-3,
,,,2.5200E-3,-8.000000E-3,
,,,2.5600E-3,-8.000000E-3,
,,,2.6000E-3,-12.0000E-3,
,,,2.6400E-3,-18.0000E-3,
,,,2.6800E-3,-16.0000E-3,
,,,2.72000E-3,-20.0000E-3,
,,,2.76000E-3,-16.0000E-3,
,,,2.80000E-3,-12.0000E-3,
,,,2.84000E-3,-18.0000E-3,
,,,2.88000E-3,-18.0000E-3,
,,,2.92000E-3,-24.00000E-3,
,,,2.96000E-3,-18.0000E-3,
,,,3.00000E-3,-22.00000E-3,
,,,3.04000E-3,-26.00000E-3,
,,,3.08000E-3,-22.00000E-3,
,,,3.12000E-3,-24.00000E-3,
,,,3.16000E-3,-28.00000E-3,
,,,3.20000E-3,-30.00000E-3,
,,,3.24000E-3,-28.00000E-3,
,,,3.28000E-3,-26.00000E-3,
,,,3.32000E-3,-36.00000E-3,
,,,3.36000E-3,-34.00000E-3,
,,,3.40000E-3,-32.00000E-3,
,,,3.44000E-3,-32.00000E-3,
,,,3.48000E-3,-34.00000E-3,
,,,3.52000E-3,-34.00000E-3,
,,,3.56000E-3,-28.00000E-3,
,,,3.60000E-3,-36.00000E-3,
,,,3.64000E-3,-34.00000E-3,
,,,3.68000E-3,-42.00000E-3,
,,,3.72000E-3,-40.00000E-3,
,,,3.76000E-3,-38.00000E-3,
,,,3.80000E-3,-40.00000E-3,
,,,3.84000E-3,-42.00000E-3,
,,,3.88000E-3,-46.00000E-3,
,,,3.92000E-3,-44.00000E-3,
,,,3.96000E-3,-38.00000E-3,
,,,4.00000E-3,-42.00000E-3,
,,,4.04000E-3,-44.00000E-3,
,,,4.08000E-3,-46.00000E-3,
,,,4.12000E-3,-46.00000E-3,
,,,4.16000E-3,-50.00000E-3,
,,,4.20000E-3,-46.00000E-3,
,,,4.24000E-3,-42.00000E-3,
,,,4.28000E-3,-46.00000E-3,
,,,4.32000E-3,-50.00000E-3,
,,,4.36000E-3,-50.00000E-3,
,,,4.40000E-3,-52.00000E-3,
,,,4.44000E-3,-50.00000E-3,
,,,4.48000E-3,-54.00000E-3,
,,,4.52000E-3,-50.00000E-3,
,,,4.56000E-3,-54.00000E-3,
,,,4.60000E-3,-52.00000E-3,
,,,4.64000E-3,-58.000002E-3,
,,,4.68000E-3,-54.00000E-3,
,,,4.72000E-3,-54.00000E-3,
,,,4.76000E-3,-52.00000E-3,
,,,4.80000E-3,-64.000003E-3,
,,,4.84000E-3,-58.000002E-3,
,,,4.88000E-3,-64.000003E-3,
,,,4.92000E-3,-56.000002E-3,
,,,4.96000E-3,-60.000002E-3,
,,,5.00000E-3,-60.000002E-3,
,,,5.04000E-3,-60.000002E-3,
,,,5.08000E-3,-58.000002E-3,
,,,5.12000E-3,-60.000002E-3,
,,,5.16000E-3,-56.000002E-3,
,,,5.20000E-3,-60.000002E-3,
,,,5.24000E-3,-60.000002E-3,
,,,5.28000E-3,-58.000002E-3,
,,,5.32000E-3,-62.000003E-3,
,,,5.36000E-3,-80.000006E-3,
,,,5.40000E-3,-64.000003E-3,
,,,5.44000E-3,-66.000000E-3,
,,,5.48000E-3,-64.000003E-3,
,,,5.52000E-3,-62.000003E-3,
,,,5.56000E-3,-68.000004E-3,
,,,5.60000E-3,-68.000004E-3,
,,,5.64000E-3,-70.000000E-3,
,,,5.68000E-3,-66.000000E-3,
,,,5.72000E-3,-68.000004E-3,
,,,5.76000E-3,-72.000004E-3,
,,,5.80000E-3,-68.000004E-3,
,,,5.84000E-3,-68.000004E-3,
,,,5.88000E-3,-68.000004E-3,
,,,5.92000E-3,-72.000004E-3,
,,,5.96000E-3,-76.000005E-3,
,,,6.00000E-3,-72.000004E-3,
,,,6.04000E-3,-72.000004E-3,
,,,6.08000E-3,-70.000000E-3,
,,,6.12000E-3,-72.000004E-3,
,,,6.16000E-3,-70.000000E-3,
,,,6.20000E-3,-74.000001E-3,
,,,6.24000E-3,-72.000004E-3,
,,,6.28000E-3,-76.000005E-3,
,,,6.32000E-3,-72.000004E-3,
,,,6.36000E-3,-74.000001E-3,
,,,6.40000E-3,-76.000005E-3,
,,,6.44000E-3,-76.000005E-3,
,,,6.48000E-3,-76.000005E-3,
,,,6.52000E-3,-74.000001E-3,
,,,6.56000E-3,-74.000001E-3,
,,,6.60000E-3,-74.000001E-3,
,,,6.64000E-3,-78.000002E-3,
,,,6.68000E-3,-80.000006E-3,
,,,6.72000E-3,-78.000002E-3,
,,,6.76000E-3,-78.000002E-3,
,,,6.80000E-3,-74.000001E-3,
,,,6.84000E-3,-82.000002E-3,
,,,6.88000E-3,-82.000002E-3,
,,,6.92000E-3,-80.000006E-3,
,,,6.96000E-3,-84.000006E-3,
,,,7.00000E-3,-84.000006E-3,
,,,7.04000E-3,-76.000005E-3,
,,,7.08000E-3,-82.000002E-3,
,,,7.12000E-3,-78.000002E-3,
,,,7.16000E-3,-80.000006E-3,
,,,7.20000E-3,-80.000006E-3,
,,,7.24000E-3,-78.000002E-3,
,,,7.28000E-3,-78.000002E-3,
,,,7.32000E-3,-80.000006E-3,
,,,7.36000E-3,-82.000002E-3,
,,,7.400000E-3,-80.000006E-3,
,,,7.439999E-3,-82.000002E-3,
,,,7.480000E-3,-82.000002E-3,
,,,7.520000E-3,-82.000002E-3,
,,,7.559999E-3,-82.000002E-3,
,,,7.600000E-3,-80.000006E-3,
,,,7.640000E-3,-76.000005E-3,
,,,7.679999E-3,-82.000002E-3,
,,,7.720000E-3,-82.000002E-3,
,,,7.759999E-3,-84.000006E-3,
,,,7.799999E-3,-80.000006E-3,
,,,7.839999E-3,-86.000003E-3,
,,,7.879999E-3,-82.000002E-3,
,,,7.920000E-3,-80.000006E-3,
,,,7.959999E-3,-86.000003E-3,
,,,7.999999E-3,-80.000006E-3,
,,,8.040000E-3,-80.000006E-3,
,,,8.079999E-3,-84.000006E-3,
,,,8.119999E-3,-84.000006E-3,
,,,8.160000E-3,-84.000006E-3,
,,,8.199999E-3,-84.000006E-3,
,,,8.239999E-3,-88.000007E-3,
,,,8.280000E-3,-86.000003E-3,
,,,8.319999E-3,-84.000006E-3,
,,,8.359999E-3,-86.000003E-3,
,,,8.400000E-3,-80.000006E-3,
,,,8.439999E-3,-78.000002E-3,
,,,8.479999E-3,-82.000002E-3,
,,,8.520000E-3,-80.000006E-3,
,,,8.559999E-3,-84.000006E-3,
,,,8.599999E-3,-82.000002E-3,
,,,8.640000E-3,-88.000007E-3,
,,,8.679999E-3,-88.000007E-3,
,,,8.719999E-3,-80.000006E-3,
,,,8.760000E-3,-80.000006E-3,
,,,8.799999E-3,-80.000006E-3,
,,,8.839999E-3,-76.000005E-3,
,,,8.880000E-3,-78.000002E-3,
,,,8.919999E-3,-82.000002E-3,
,,,8.959999E-3,-86.000003E-3,
,,,9.000000E-3,-86.000003E-3,
,,,9.039999E-3,-74.000001E-3,
,,,9.079999E-3,-84.000006E-3,
,,,9.120000E-3,-84.000006E-3,
,,,9.159999E-3,-80.000006E-3,
,,,9.199999E-3,-86.000003E-3,
,,,9.240000E-3,-82.000002E-3,
,,,9.280000E-3,-84.000006E-3,
,,,9.319999E-3,-80.000006E-3,
,,,9.360000E-3,-84.000006E-3,
,,,9.400000E-3,-86.000003E-3,
,,,9.439999E-3,-84.000006E-3,
,,,9.480000E-3,-76.000005E-3,
,,,9.520000E-3,-82.000002E-3,
,,,9.559999E-3,-82.000002E-3,
,,,9.600000E-3,-78.000002E-3,
,,,9.640000E-3,-76.000005E-3,
,,,9.679999E-3,-84.000006E-3,
,,,9.720000E-3,-84.000006E-3,
,,,9.760000E-3,-86.000003E-3,
,,,9.799999E-3,-78.000002E-3,
,,,9.839999E-3,-78.000002E-3,
,,,9.880000E-3,-74.000001E-3,
,,,9.919999E-3,-78.000002E-3,
,,,9.959999E-3,-74.000001E-3,
,,,10.00000E-3,-70.000000E-3,
,,,10.0400E-3,-70.000000E-3,
,,,10.0800E-3,-66.000000E-3,
,,,10.1200E-3,-66.000000E-3,
,,,10.1600E-3,-64.000003E-3,
,,,10.2000E-3,-54.00000E-3,
,,,10.2400E-3,-60.000002E-3,
,,,10.2800E-3,-56.000002E-3,
,,,10.3200E-3,-58.000002E-3,
,,,10.3600E-3,-54.00000E-3,
,,,10.4000E-3,-52.00000E-3,
,,,10.4400E-3,-52.00000E-3,
,,,10.4800E-3,-46.00000E-3,
,,,10.5200E-3,-44.00000E-3,
,,,10.5600E-3,-38.00000E-3,
,,,10.6000E-3,-40.00000E-3,
,,,10.6400E-3,-42.00000E-3,
,,,10.6800E-3,-40.00000E-3,
,,,10.7200E-3,-42.00000E-3,
,,,10.7600E-3,-36.00000E-3,
,,,10.8000E-3,-36.00000E-3,
,,,10.8400E-3,-38.00000E-3,
,,,10.8800E-3,-30.00000E-3,
,,,10.9200E-3,-32.00000E-3,
,,,10.9600E-3,-32.00000E-3,
,,,11.0000E-3,-26.00000E-3,
,,,11.0400E-3,-24.00000E-3,
,,,11.0800E-3,-22.00000E-3,
,,,11.1200E-3,-20.0000E-3,
,,,11.1600E-3,-18.0000E-3,
,,,11.2000E-3,-20.0000E-3,
,,,11.2400E-3,-20.0000E-3,
,,,11.2800E-3,-12.0000E-3,
,,,11.3200E-3,-12.0000E-3,
,,,11.3600E-3,-12.0000E-3,
,,,11.4000E-3,-10.0000E-3,
,,,11.4400E-3,-6.00000E-3,
,,,11.4800E-3,-4.00000E-3,
,,,11.5200E-3,-2.0000E-3,
,,,11.5600E-3,4.00000E-3,
,,,11.6000E-3,6.00000E-3,
,,,11.6400E-3,12.0000E-3,
,,,11.6800E-3,6.00000E-3,
,,,11.7200E-3,6.00000E-3,
,,,11.7600E-3,10.0000E-3,
,,,11.8000E-3,14.0000E-3,
,,,11.8400E-3,16.0000E-3,
,,,11.8800E-3,18.0000E-3,
,,,11.9200E-3,22.00000E-3,
,,,11.9600E-3,18.0000E-3,
,,,12.0000E-3,24.00000E-3,
,,,12.0400E-3,24.00000E-3,
,,,12.0800E-3,26.00000E-3,
,,,12.1200E-3,30.00000E-3,
,,,12.1600E-3,26.00000E-3,
,,,12.2000E-3,34.00000E-3,
,,,12.2400E-3,34.00000E-3,
,,,12.2800E-3,34.00000E-3,
,,,12.3200E-3,40.00000E-3,
,,,12.3600E-3,36.00000E-3,
,,,12.4000E-3,38.00000E-3,
,,,12.4400E-3,44.00000E-3,
,,,12.4800E-3,44.00000E-3,
,,,12.5200E-3,42.00000E-3,
,,,12.5600E-3,52.00000E-3,
,,,12.6000E-3,46.00000E-3,
,,,12.6400E-3,54.00000E-3,
,,,12.6800E-3,50.00000E-3,
,,,12.7200E-3,50.00000E-3,
,,,12.7600E-3,54.00000E-3,
,,,12.8000E-3,64.000003E-3,
,,,12.8400E-3,60.000002E-3,
,,,12.8800E-3,66.000000E-3,
,,,12.9200E-3,68.000004E-3,
,,,12.9600E-3,66.000000E-3,
,,,13.0000E-3,62.000003E-3,
,,,13.0400E-3,74.000001E-3,
,,,13.0800E-3,70.000000E-3,
,,,13.1200E-3,78.000002E-3,
,,,13.1600E-3,82.000002E-3,
,,,13.2000E-3,82.000002E-3,
,,,13.2400E-3,82.000002E-3,
,,,13.2800E-3,88.000007E-3,
,,,13.3200E-3,80.000006E-3,
,,,13.3600E-3,84.000006E-3,
,,,13.4000E-3,92.000008E-3,
,,,13.4400E-3,92.000008E-3,
,,,13.4800E-3,92.000008E-3,
,,,13.5200E-3,96.000001E-3,
,,,13.5600E-3,94.000004E-3,
,,,13.6000E-3,96.000001E-3,
,,,13.6400E-3,100.0000E-3,
,,,13.6800E-3,100.0000E-3,
,,,13.7200E-3,102.0000E-3,
,,,13.7600E-3,106.0000E-3,
,,,13.8000E-3,100.0000E-3,
,,,13.8400E-3,104.0000E-3,
,,,13.8800E-3,106.0000E-3,
,,,13.9200E-3,112.0000E-3,
,,,13.9600E-3,114.0000E-3,
,,,14.0000E-3,110.0000E-3,
,,,14.0400E-3,112.0000E-3,
,,,14.0800E-3,114.0000E-3,
,,,14.1200E-3,114.0000E-3,
,,,14.1600E-3,118.0000E-3,
,,,14.2000E-3,118.0000E-3,
,,,14.2400E-3,124.0000E-3,
,,,14.2800E-3,124.0000E-3,
,,,14.3200E-3,124.0000E-3,
,,,14.3600E-3,124.0000E-3,
,,,14.4000E-3,126.0000E-3,
,,,14.4400E-3,134.0000E-3,
,,,14.4800E-3,130.0000E-3,
,,,14.5200E-3,128.0000E-3,
,,,14.5600E-3,124.0000E-3,
,,,14.6000E-3,116.0000E-3,
,,,14.6400E-3,132.0000E-3,
,,,14.6800E-3,142.0000E-3,
,,,14.7200E-3,136.0000E-3,
,,,14.7600E-3,138.0000E-3,
,,,14.8000E-3,138.0000E-3,
,,,14.8400E-3,136.0000E-3,
,,,14.8800E-3,136.0000E-3,
,,,14.9200E-3,134.0000E-3,
,,,14.9600E-3,134.0000E-3,
,,,15.0000E-3,132.0000E-3,
,,,15.0400E-3,126.0000E-3,
,,,15.0800E-3,118.0000E-3,
,,,15.1200E-3,126.0000E-3,
,,,15.1600E-3,118.0000E-3,
,,,15.2000E-3,120.0000E-3,
,,,15.2400E-3,118.0000E-3,
,,,15.2800E-3,114.0000E-3,
,,,15.3200E-3,110.0000E-3,
,,,15.3600E-3,106.0000E-3,
,,,15.4000E-3,110.0000E-3,
,,,15.4400E-3,106.0000E-3,
,,,15.4800E-3,108.0000E-3,
,,,15.5200E-3,100.0000E-3,
,,,15.5600E-3,100.0000E-3,
,,,15.6000E-3,100.0000E-3,
,,,15.6400E-3,94.000004E-3,
,,,15.6800E-3,92.000008E-3,
,,,15.7200E-3,88.000007E-3,
,,,15.7600E-3,92.000008E-3,
,,,15.8000E-3,96.000001E-3,
,,,15.8400E-3,96.000001E-3,
,,,15.8800E-3,98.000005E-3,
,,,15.9200E-3,98.000005E-3,
,,,15.9600E-3,100.0000E-3,
,,,16.0000E-3,100.0000E-3,
,,,16.0400E-3,104.0000E-3,
,,,16.0800E-3,98.000005E-3,
,,,16.1200E-3,106.0000E-3,
,,,16.1600E-3,104.0000E-3,
,,,16.2000E-3,110.0000E-3,
,,,16.2400E-3,110.0000E-3,
,,,16.2800E-3,112.0000E-3,
,,,16.3200E-3,114.0000E-3,
,,,16.3600E-3,110.0000E-3,
,,,16.4000E-3,114.0000E-3,
,,,16.4400E-3,112.0000E-3,
,,,16.4800E-3,116.0000E-3,
,,,16.5200E-3,116.0000E-3,
,,,16.5600E-3,116.0000E-3,
,,,16.6000E-3,116.0000E-3,
,,,16.6400E-3,120.0000E-3,
,,,16.6800E-3,118.0000E-3,
,,,16.7200E-3,118.0000E-3,
,,,16.7600E-3,124.0000E-3,
,,,16.8000E-3,120.0000E-3,
,,,16.8400E-3,124.0000E-3,
,,,16.8800E-3,120.0000E-3,
,,,16.9200E-3,122.0000E-3,
,,,16.9600E-3,116.0000E-3,
,,,17.0000E-3,124.0000E-3,
,,,17.0400E-3,124.0000E-3,
,,,17.0800E-3,122.0000E-3,
,,,17.1200E-3,122.0000E-3,
,,,17.1600E-3,122.0000E-3,
,,,17.2000E-3,116.0000E-3,
,,,17.2400E-3,122.0000E-3,
,,,17.2800E-3,122.0000E-3,
,,,17.3200E-3,124.0000E-3,
,,,17.3600E-3,122.0000E-3,
,,,17.4000E-3,124.0000E-3,
,,,17.4400E-3,126.0000E-3,
,,,17.4800E-3,124.0000E-3,
,,,17.5200E-3,128.0000E-3,
,,,17.5600E-3,122.0000E-3,
,,,17.6000E-3,124.0000E-3,
,,,17.6400E-3,122.0000E-3,
,,,17.6800E-3,122.0000E-3,
,,,17.7200E-3,126.0000E-3,
,,,17.7600E-3,130.0000E-3,
,,,17.8000E-3,128.0000E-3,
,,,17.8400E-3,124.0000E-3,
,,,17.8800E-3,124.0000E-3,
,,,17.9200E-3,124.0000E-3,
,,,17.9600E-3,122.0000E-3,
,,,18.0000E-3,124.0000E-3,
,,,18.0400E-3,124.0000E-3,
,,,18.0800E-3,124.0000E-3,
,,,18.1200E-3,126.0000E-3,
,,,18.1600E-3,126.0000E-3,
,,,18.2000E-3,116.0000E-3,
,,,18.2400E-3,118.0000E-3,
,,,18.2800E-3,118.0000E-3,
,,,18.3200E-3,122.0000E-3,
,,,18.3600E-3,120.0000E-3,
,,,18.4000E-3,122.0000E-3,
,,,18.4400E-3,122.0000E-3,
,,,18.4800E-3,116.0000E-3,
,,,18.5200E-3,116.0000E-3,
,,,18.5600E-3,120.0000E-3,
,,,18.6000E-3,122.0000E-3,
,,,18.6400E-3,116.0000E-3,
,,,18.6800E-3,116.0000E-3,
,,,18.7200E-3,114.0000E-3,
,,,18.7600E-3,118.0000E-3,
,,,18.8000E-3,114.0000E-3,
,,,18.8400E-3,114.0000E-3,
,,,18.8800E-3,116.0000E-3,
,,,18.9200E-3,116.0000E-3,
,,,18.9600E-3,116.0000E-3,
,,,19.0000E-3,110.0000E-3,
,,,19.0400E-3,112.0000E-3,
,,,19.0800E-3,110.0000E-3,
,,,19.1200E-3,114.0000E-3,
,,,19.1600E-3,114.0000E-3,
,,,19.2000E-3,110.0000E-3,
,,,19.2400E-3,108.0000E-3,
,,,19.2800E-3,110.0000E-3,
,,,19.3200E-3,108.0000E-3,
,,,19.3600E-3,104.0000E-3,
,,,19.4000E-3,108.0000E-3,
,,,19.4400E-3,108.0000E-3,
,,,19.4800E-3,106.0000E-3,
,,,19.5200E-3,110.0000E-3,
,,,19.5600E-3,108.0000E-3,
,,,19.6000E-3,110.0000E-3,
,,,19.6400E-3,108.0000E-3,
,,,19.6800E-3,102.0000E-3,
,,,19.7200E-3,98.000005E-3,
,,,19.7600E-3,102.0000E-3,
,,,19.8000E-3,104.0000E-3,
,,,19.8400E-3,100.0000E-3,
,,,19.8800E-3,102.0000E-3,
,,,19.9200E-3,100.0000E-3,
,,,19.9600E-3,98.000005E-3,
,,,20.0000E-3,100.0000E-3,
,,,20.0400E-3,96.000001E-3,
,,,20.0800E-3,98.000005E-3,
,,,20.12000E-3,104.0000E-3,
,,,20.16000E-3,98.000005E-3,
,,,20.20000E-3,96.000001E-3,
,,,20.24000E-3,96.000001E-3,
,,,20.28000E-3,94.000004E-3,
,,,20.32000E-3,92.000008E-3,
,,,20.36000E-3,94.000004E-3,
,,,20.40000E-3,90.000004E-3,
,,,20.44000E-3,92.000008E-3,
,,,20.48000E-3,94.000004E-3,
,,,20.52000E-3,90.000004E-3,
,,,20.56000E-3,90.000004E-3,
,,,20.60000E-3,92.000008E-3,
,,,20.64000E-3,90.000004E-3,
,,,20.68000E-3,84.000006E-3,
,,,20.72000E-3,82.000002E-3,
,,,20.76000E-3,82.000002E-3,
,,,20.80000E-3,82.000002E-3,
,,,20.84000E-3,80.000006E-3,
,,,20.88000E-3,82.000002E-3,
,,,20.92000E-3,78.000002E-3,
,,,20.96000E-3,82.000002E-3,
,,,21.00000E-3,74.000001E-3,
,,,21.04000E-3,74.000001E-3,
,,,21.08000E-3,72.000004E-3,
,,,21.12000E-3,78.000002E-3,
,,,21.16000E-3,74.000001E-3,
,,,21.20000E-3,72.000004E-3,
,,,21.24000E-3,76.000005E-3,
,,,21.28000E-3,68.000004E-3,
,,,21.32000E-3,72.000004E-3,
,,,21.36000E-3,70.000000E-3,
,,,21.40000E-3,66.000000E-3,
,,,21.44000E-3,68.000004E-3,
,,,21.48000E-3,72.000004E-3,
,,,21.52000E-3,66.000000E-3,
,,,21.56000E-3,70.000000E-3,
,,,21.60000E-3,72.000004E-3,
,,,21.64000E-3,66.000000E-3,
,,,21.68000E-3,68.000004E-3,
,,,21.72000E-3,62.000003E-3,
,,,21.76000E-3,64.000003E-3,
,,,21.80000E-3,66.000000E-3,
,,,21.84000E-3,58.000002E-3,
,,,21.88000E-3,58.000002E-3,
,,,21.92000E-3,62.000003E-3,
,,,21.96000E-3,60.000002E-3,
,,,22.00000E-3,58.000002E-3,
,,,22.04000E-3,58.000002E-3,
,,,22.08000E-3,58.000002E-3,
,,,22.12000E-3,60.000002E-3,
,,,22.16000E-3,56.000002E-3,
,,,22.20000E-3,54.00000E-3,
,,,22.24000E-3,58.000002E-3,
,,,22.28000E-3,56.000002E-3,
,,,22.32000E-3,50.00000E-3,
,,,22.36000E-3,48.00000E-3,
,,,22.40000E-3,50.00000E-3,
,,,22.44000E-3,54.00000E-3,
,,,22.48000E-3,52.00000E-3,
,,,22.52000E-3,44.00000E-3,
,,,22.56000E-3,46.00000E-3,
,,,22.60000E-3,40.00000E-3,
,,,22.64000E-3,48.00000E-3,
,,,22.68000E-3,44.00000E-3,
,,,22.72000E-3,44.00000E-3,
,,,22.76000E-3,44.00000E-3,
,,,22.80000E-3,46.00000E-3,
,,,22.84000E-3,42.00000E-3,
,,,22.88000E-3,44.00000E-3,
,,,22.92000E-3,40.00000E-3,
,,,22.96000E-3,38.00000E-3,
,,,23.00000E-3,36.00000E-3,
,,,23.04000E-3,36.00000E-3,
,,,23.08000E-3,36.00000E-3,
,,,23.12000E-3,36.00000E-3,
,,,23.16000E-3,36.00000E-3,
,,,23.20000E-3,40.00000E-3,
,,,23.24000E-3,32.00000E-3,
,,,23.28000E-3,30.00000E-3,
,,,23.32000E-3,34.00000E-3,
,,,23.36000E-3,32.00000E-3,
,,,23.40000E-3,26.00000E-3,
,,,23.44000E-3,30.00000E-3,
,,,23.48000E-3,26.00000E-3,
,,,23.52000E-3,30.00000E-3,
,,,23.56000E-3,24.00000E-3,
,,,23.60000E-3,36.00000E-3,
,,,23.64000E-3,28.00000E-3,
,,,23.68000E-3,32.00000E-3,
,,,23.72000E-3,24.00000E-3,
,,,23.76000E-3,18.0000E-3,
,,,23.80000E-3,28.00000E-3,
,,,23.84000E-3,28.00000E-3,
,,,23.88000E-3,40.00000E-3,
,,,23.92000E-3,26.00000E-3,
,,,23.96000E-3,24.00000E-3,
,,,24.00000E-3,26.00000E-3,
,,,24.04000E-3,20.0000E-3,
,,,24.08000E-3,18.0000E-3,
,,,24.12000E-3,22.00000E-3,
,,,24.16000E-3,18.0000E-3,
,,,24.20000E-3,36.00000E-3,
,,,24.24000E-3,20.0000E-3,
,,,24.28000E-3,22.00000E-3,
,,,24.32000E-3,20.0000E-3,
,,,24.36000E-3,18.0000E-3,
,,,24.40000E-3,18.0000E-3,
,,,24.44000E-3,18.0000E-3,
,,,24.48000E-3,18.0000E-3,
,,,24.52000E-3,20.0000E-3,
,,,24.56000E-3,16.0000E-3,
,,,24.60000E-3,16.0000E-3,
,,,24.64000E-3,16.0000E-3,
,,,24.68000E-3,20.0000E-3,
,,,24.72000E-3,18.0000E-3,
,,,24.76000E-3,20.0000E-3,
,,,24.80000E-3,16.0000E-3,
,,,24.84000E-3,20.0000E-3,
,,,24.88000E-3,18.0000E-3,
,,,24.92000E-3,18.0000E-3,
,,,24.96000E-3,14.0000E-3,
,,,25.00000E-3,14.0000E-3,
,,,25.04000E-3,16.0000E-3,
,,,25.08000E-3,18.0000E-3,
,,,25.12000E-3,14.0000E-3,
,,,25.16000E-3,18.0000E-3,
,,,25.20000E-3,18.0000E-3,
,,,25.24000E-3,14.0000E-3,
,,,25.28000E-3,16.0000E-3,
,,,25.32000E-3,16.0000E-3,
,,,25.36000E-3,16.0000E-3,
,,,25.40000E-3,14.0000E-3,
,,,25.44000E-3,16.0000E-3,
,,,25.48000E-3,14.0000E-3,
,,,25.52000E-3,12.0000E-3,
,,,25.56000E-3,14.0000E-3,
,,,25.60000E-3,12.0000E-3,
,,,25.64000E-3,18.0000E-3,
,,,25.68000E-3,14.0000E-3,
,,,25.72000E-3,18.0000E-3,
,,,25.76000E-3,18.0000E-3,
,,,25.80000E-3,16.0000E-3,
,,,25.84000E-3,12.0000E-3,
,,,25.88000E-3,14.0000E-3,
,,,25.92000E-3,12.0000E-3,
,,,25.96000E-3,14.0000E-3,
,,,26.00000E-3,12.0000E-3,
,,,26.04000E-3,14.0000E-3,
,,,26.08000E-3,10.0000E-3,
,,,26.12000E-3,12.0000E-3,
,,,26.16000E-3,14.0000E-3,
,,,26.20000E-3,16.0000E-3,
,,,26.24000E-3,16.0000E-3,
,,,26.28000E-3,14.0000E-3,
,,,26.32000E-3,16.0000E-3,
,,,26.36000E-3,18.0000E-3,
,,,26.40000E-3,12.0000E-3,
,,,26.44000E-3,16.0000E-3,
,,,26.48000E-3,18.0000E-3,
,,,26.52000E-3,14.0000E-3,
,,,26.56000E-3,10.0000E-3,
,,,26.60000E-3,18.0000E-3,
,,,26.64000E-3,10.0000E-3,
,,,26.68000E-3,14.0000E-3,
,,,26.72000E-3,22.00000E-3,
,,,26.76000E-3,18.0000E-3,
,,,26.80000E-3,16.0000E-3,
,,,26.84000E-3,16.0000E-3,
,,,26.88000E-3,20.0000E-3,
,,,26.92000E-3,34.00000E-3,
,,,26.96000E-3,22.00000E-3,
,,,27.00000E-3,20.0000E-3,
,,,27.04000E-3,20.0000E-3,
,,,27.08000E-3,24.00000E-3,
,,,27.12000E-3,14.0000E-3,
,,,27.16000E-3,24.00000E-3,
,,,27.20000E-3,22.00000E-3,
,,,27.24000E-3,22.00000E-3,
,,,27.28000E-3,22.00000E-3,
,,,27.32000E-3,26.00000E-3,
,,,27.36000E-3,32.00000E-3,
,,,27.40000E-3,26.00000E-3,
,,,27.44000E-3,28.00000E-3,
,,,27.48000E-3,24.00000E-3,
,,,27.52000E-3,22.00000E-3,
,,,27.56000E-3,28.00000E-3,
,,,27.60000E-3,26.00000E-3,
,,,27.64000E-3,24.00000E-3,
,,,27.68000E-3,34.00000E-3,
,,,27.72000E-3,36.00000E-3,
,,,27.76000E-3,36.00000E-3,
,,,27.80000E-3,32.00000E-3,
,,,27.84000E-3,38.00000E-3,
,,,27.88000E-3,38.00000E-3,
,,,27.92000E-3,36.00000E-3,
,,,27.96000E-3,38.00000E-3,
,,,28.00000E-3,38.00000E-3,
,,,28.04000E-3,46.00000E-3,
,,,28.08000E-3,44.00000E-3,
,,,28.12000E-3,48.00000E-3,
,,,28.16000E-3,42.00000E-3,
,,,28.20000E-3,48.00000E-3,
,,,28.24000E-3,52.00000E-3,
,,,28.28000E-3,46.00000E-3,
,,,28.32000E-3,50.00000E-3,
,,,28.36000E-3,50.00000E-3,
,,,28.40000E-3,50.00000E-3,
,,,28.44000E-3,58.000002E-3,
,,,28.48000E-3,56.000002E-3,
,,,28.52000E-3,56.000002E-3,
,,,28.56000E-3,58.000002E-3,
,,,28.60000E-3,62.000003E-3,
,,,28.64000E-3,60.000002E-3,
,,,28.68000E-3,58.000002E-3,
,,,28.72000E-3,60.000002E-3,
,,,28.76000E-3,68.000004E-3,
,,,28.80000E-3,66.000000E-3,
,,,28.84000E-3,66.000000E-3,
,,,28.88000E-3,70.000000E-3,
,,,28.92000E-3,72.000004E-3,
,,,28.96000E-3,70.000000E-3,
,,,29.00000E-3,72.000004E-3,
,,,29.04000E-3,76.000005E-3,
,,,29.08000E-3,76.000005E-3,
,,,29.12000E-3,78.000002E-3,
,,,29.16000E-3,80.000006E-3,
,,,29.20000E-3,82.000002E-3,
,,,29.24000E-3,82.000002E-3,
,,,29.28000E-3,82.000002E-3,
,,,29.32000E-3,84.000006E-3,
,,,29.36000E-3,82.000002E-3,
,,,29.40000E-3,88.000007E-3,
,,,29.44000E-3,88.000007E-3,
,,,29.48000E-3,92.000008E-3,
,,,29.52000E-3,94.000004E-3,
,,,29.56000E-3,102.0000E-3,
,,,29.60000E-3,98.000005E-3,
,,,29.64000E-3,102.0000E-3,
,,,29.68000E-3,100.0000E-3,
,,,29.72000E-3,106.0000E-3,
,,,29.76000E-3,100.0000E-3,
,,,29.80000E-3,104.0000E-3,
,,,29.84000E-3,106.0000E-3,
,,,29.88000E-3,106.0000E-3,
,,,29.92000E-3,106.0000E-3,
,,,29.96000E-3,112.0000E-3,
,,,30.00000E-3,110.0000E-3,
,,,30.04000E-3,114.0000E-3,
,,,30.08000E-3,116.0000E-3,
,,,30.12000E-3,114.0000E-3,
,,,30.16000E-3,118.0000E-3,
,,,30.20000E-3,124.0000E-3,
,,,30.24000E-3,116.0000E-3,
,,,30.28000E-3,116.0000E-3,
,,,30.32000E-3,116.0000E-3,
,,,30.36000E-3,120.0000E-3,
,,,30.40000E-3,118.0000E-3,
,,,30.44000E-3,120.0000E-3,
,,,30.48000E-3,124.0000E-3,
,,,30.52000E-3,124.0000E-3,
,,,30.56000E-3,124.0000E-3,
,,,30.60000E-3,126.0000E-3,
,,,30.64000E-3,124.0000E-3,
,,,30.68000E-3,124.0000E-3,
,,,30.72000E-3,126.0000E-3,
,,,30.76000E-3,126.0000E-3,
,,,30.80000E-3,126.0000E-3,
,,,30.84000E-3,132.0000E-3,
,,,30.88000E-3,126.0000E-3,
,,,30.92000E-3,126.0000E-3,
,,,30.96000E-3,130.0000E-3,
,,,31.00000E-3,130.0000E-3,
,,,31.04000E-3,136.0000E-3,
,,,31.08000E-3,136.0000E-3,
,,,31.12000E-3,132.0000E-3,
,,,31.16000E-3,138.0000E-3,
,,,31.20000E-3,136.0000E-3,
,,,31.24000E-3,138.0000E-3,
,,,31.28000E-3,136.0000E-3,
,,,31.32000E-3,138.0000E-3,
,,,31.36000E-3,148.0000E-3,
,,,31.40000E-3,140.0000E-3,
,,,31.44000E-3,138.0000E-3,
,,,31.48000E-3,144.0000E-3,
,,,31.52000E-3,146.0000E-3,
,,,31.56000E-3,146.0000E-3,
,,,31.60000E-3,140.0000E-3,
,,,31.64000E-3,140.0000E-3,
,,,31.68000E-3,142.0000E-3,
,,,31.72000E-3,134.0000E-3,
,,,31.76000E-3,136.0000E-3,
,,,31.80000E-3,140.0000E-3,
,,,31.84000E-3,144.0000E-3,
,,,31.88000E-3,142.0000E-3,
,,,31.92000E-3,146.0000E-3,
,,,31.96000E-3,146.0000E-3,
,,,32.00000E-3,148.0000E-3,
,,,32.04000E-3,148.0000E-3,
,,,32.08000E-3,148.0000E-3,
,,,32.12000E-3,146.0000E-3,
,,,32.16000E-3,150.00001E-3,
,,,32.20000E-3,152.00001E-3,
,,,32.24000E-3,152.00001E-3,
,,,32.28000E-3,148.0000E-3,
,,,32.32000E-3,152.00001E-3,
,,,32.36000E-3,154.00001E-3,
,,,32.40000E-3,154.00001E-3,
,,,32.44000E-3,156.00000E-3,
,,,32.48000E-3,158.00001E-3,
,,,32.52000E-3,156.00000E-3,
,,,32.56000E-3,158.00001E-3,
,,,32.60000E-3,156.00000E-3,
,,,32.64000E-3,158.00001E-3,
,,,32.68000E-3,158.00001E-3,
,,,32.72000E-3,156.00000E-3,
,,,32.76000E-3,156.00000E-3,
,,,32.80000E-3,158.00001E-3,
,,,32.84000E-3,158.00001E-3,
,,,32.88000E-3,158.00001E-3,
,,,32.92000E-3,162.00000E-3,
,,,32.96000E-3,154.00001E-3,
,,,33.00000E-3,172.00001E-3,
,,,33.04000E-3,156.00000E-3,
,,,33.08000E-3,156.00000E-3,
,,,33.12000E-3,156.00000E-3,
,,,33.16000E-3,162.00000E-3,
,,,33.20000E-3,158.00001E-3,
,,,33.24000E-3,156.00000E-3,
,,,33.28000E-3,156.00000E-3,
,,,33.32000E-3,158.00001E-3,
,,,33.36000E-3,156.00000E-3,
,,,33.40000E-3,156.00000E-3,
,,,33.44000E-3,158.00001E-3,
,,,33.48000E-3,158.00001E-3,
,,,33.52000E-3,156.00000E-3,
,,,33.56000E-3,154.00001E-3,
,,,33.60000E-3,154.00001E-3,
,,,33.64000E-3,156.00000E-3,
,,,33.68000E-3,148.0000E-3,
,,,33.72000E-3,156.00000E-3,
,,,33.76000E-3,152.00001E-3,
,,,33.80000E-3,152.00001E-3,
,,,33.84000E-3,150.00001E-3,
,,,33.88000E-3,148.0000E-3,
,,,33.92000E-3,152.00001E-3,
,,,33.96000E-3,156.00000E-3,
,,,34.00000E-3,150.00001E-3,
,,,34.04000E-3,148.0000E-3,
,,,34.08000E-3,154.00001E-3,
,,,34.12000E-3,148.0000E-3,
,,,34.16000E-3,148.0000E-3,
,,,34.20000E-3,144.0000E-3,
,,,34.24000E-3,144.0000E-3,
,,,34.28000E-3,144.0000E-3,
,,,34.32000E-3,146.0000E-3,
,,,34.36000E-3,140.0000E-3,
,,,34.40000E-3,146.0000E-3,
,,,34.44000E-3,142.0000E-3,
,,,34.48000E-3,142.0000E-3,
,,,34.52000E-3,140.0000E-3,
,,,34.56000E-3,134.0000E-3,
,,,34.60000E-3,132.0000E-3,
,,,34.64000E-3,136.0000E-3,
,,,34.68000E-3,136.0000E-3,
,,,34.72000E-3,136.0000E-3,
,,,34.76000E-3,136.0000E-3,
,,,34.80000E-3,132.0000E-3,
,,,34.84000E-3,134.0000E-3,
,,,34.88000E-3,128.0000E-3,
,,,34.92000E-3,132.0000E-3,
,,,34.96000E-3,128.0000E-3,
,,,35.00000E-3,130.0000E-3,
,,,35.04000E-3,126.0000E-3,
,,,35.08000E-3,122.0000E-3,
,,,35.12000E-3,122.0000E-3,
,,,35.16000E-3,126.0000E-3,
,,,35.20000E-3,120.0000E-3,
,,,35.24000E-3,124.0000E-3,
,,,35.28000E-3,122.0000E-3,
,,,35.32000E-3,120.0000E-3,
,,,35.36000E-3,118.0000E-3,
,,,35.40000E-3,116.0000E-3,
,,,35.44000E-3,118.0000E-3,
,,,35.48000E-3,108.0000E-3,
,,,35.52000E-3,124.0000E-3,
,,,35.56000E-3,114.0000E-3,
,,,35.60000E-3,112.0000E-3,
,,,35.64000E-3,110.0000E-3,
,,,35.68000E-3,106.0000E-3,
,,,35.72000E-3,104.0000E-3,
,,,35.76000E-3,102.0000E-3,
,,,35.80000E-3,106.0000E-3,
,,,35.84000E-3,108.0000E-3,
,,,35.88000E-3,104.0000E-3,
,,,35.92000E-3,104.0000E-3,
,,,35.96000E-3,122.0000E-3,
,,,36.00000E-3,104.0000E-3,
,,,36.04000E-3,102.0000E-3,
,,,36.08000E-3,98.000005E-3,
,,,36.12000E-3,96.000001E-3,
,,,36.16000E-3,102.0000E-3,
,,,36.20000E-3,94.000004E-3,
,,,36.24000E-3,80.000006E-3,
,,,36.28000E-3,94.000004E-3,
,,,36.32000E-3,94.000004E-3,
,,,36.36000E-3,94.000004E-3,
,,,36.40000E-3,90.000004E-3,
,,,36.44000E-3,92.000008E-3,
,,,36.48000E-3,90.000004E-3,
,,,36.52000E-3,90.000004E-3,
,,,36.56000E-3,86.000003E-3,
,,,36.60000E-3,82.000002E-3,
,,,36.64000E-3,82.000002E-3,
,,,36.68000E-3,88.000007E-3,
,,,36.72000E-3,88.000007E-3,
,,,36.76000E-3,88.000007E-3,
,,,36.80000E-3,82.000002E-3,
,,,36.84000E-3,84.000006E-3,
,,,36.88000E-3,80.000006E-3,
,,,36.92000E-3,76.000005E-3,
,,,36.96000E-3,80.000006E-3,
,,,37.00000E-3,76.000005E-3,
,,,37.04000E-3,76.000005E-3,
,,,37.08000E-3,72.000004E-3,
,,,37.12000E-3,78.000002E-3,
,,,37.16000E-3,76.000005E-3,
,,,37.20000E-3,74.000001E-3,
,,,37.24000E-3,74.000001E-3,
,,,37.28000E-3,70.000000E-3,
,,,37.32000E-3,74.000001E-3,
,,,37.36000E-3,74.000001E-3,
,,,37.40000E-3,70.000000E-3,
,,,37.44000E-3,72.000004E-3,
,,,37.48000E-3,68.000004E-3,
,,,37.52000E-3,68.000004E-3,
,,,37.56000E-3,62.000003E-3,
,,,37.60000E-3,60.000002E-3,
,,,37.64000E-3,58.000002E-3,
,,,37.68000E-3,62.000003E-3,
,,,37.72000E-3,64.000003E-3,
,,,37.76000E-3,58.000002E-3,
,,,37.80000E-3,60.000002E-3,
,,,37.84000E-3,58.000002E-3,
,,,37.88000E-3,58.000002E-3,
,,,37.92000E-3,54.00000E-3,
,,,37.96000E-3,58.000002E-3,
,,,38.00000E-3,56.000002E-3,
,,,38.04000E-3,56.000002E-3,
,,,38.08000E-3,58.000002E-3,
,,,38.12000E-3,54.00000E-3,
,,,38.16000E-3,52.00000E-3,
,,,38.20000E-3,48.00000E-3,
,,,38.24000E-3,48.00000E-3,
,,,38.28000E-3,48.00000E-3,
,,,38.32000E-3,46.00000E-3,
,,,38.36000E-3,46.00000E-3,
,,,38.40000E-3,48.00000E-3,
,,,38.44000E-3,40.00000E-3,
,,,38.48000E-3,46.00000E-3,
,,,38.52000E-3,46.00000E-3,
,,,38.56000E-3,38.00000E-3,
,,,38.60000E-3,42.00000E-3,
,,,38.64000E-3,34.00000E-3,
,,,38.68000E-3,36.00000E-3,
,,,38.72000E-3,40.00000E-3,
,,,38.76000E-3,38.00000E-3,
,,,38.80000E-3,38.00000E-3,
,,,38.84000E-3,36.00000E-3,
,,,38.88000E-3,38.00000E-3,
,,,38.92000E-3,28.00000E-3,
,,,38.96000E-3,32.00000E-3,
,,,39.00000E-3,30.00000E-3,
,,,39.04000E-3,32.00000E-3,
,,,39.08000E-3,28.00000E-3,
,,,39.12000E-3,28.00000E-3,
,,,39.16000E-3,30.00000E-3,
,,,39.20000E-3,26.00000E-3,
,,,39.24000E-3,22.00000E-3,
,,,39.28000E-3,26.00000E-3,
,,,39.32000E-3,28.00000E-3,
,,,39.36000E-3,24.00000E-3,
,,,39.40000E-3,22.00000E-3,
,,,39.44000E-3,22.00000E-3,
,,,39.48000E-3,20.0000E-3,
,,,39.52000E-3,20.0000E-3,
,,,39.56000E-3,18.0000E-3,
,,,39.60000E-3,16.0000E-3,
,,,39.64000E-3,16.0000E-3,
,,,39.68000E-3,14.0000E-3,
,,,39.72000E-3,14.0000E-3,
,,,39.76000E-3,10.0000E-3,
,,,39.80000E-3,12.0000E-3,
,,,39.84000E-3,16.0000E-3,
,,,39.88000E-3,8.000000E-3,
,,,39.92000E-3,4.00000E-3,
,,,39.96000E-3,4.00000E-3,
,,,40.00000E-3,4.00000E-3,
,,,40.04000E-3,2.0000E-3,
,,,40.08000E-3,4.00000E-3,
,,,40.12000E-3,0.0,
,,,40.16000E-3,-4.00000E-3,
,,,40.20000E-3,-4.00000E-3,
,,,40.24000E-3,-10.0000E-3,
,,,40.28000E-3,-4.00000E-3,
,,,40.32000E-3,-10.0000E-3,
,,,40.36000E-3,-14.0000E-3,
,,,40.40000E-3,-10.0000E-3,
,,,40.44000E-3,-14.0000E-3,
,,,40.48000E-3,-16.0000E-3,
,,,40.52000E-3,-18.0000E-3,
,,,40.56000E-3,-24.00000E-3,
,,,40.60000E-3,-18.0000E-3,
,,,40.64000E-3,-18.0000E-3,
,,,40.68000E-3,-30.00000E-3,
,,,40.72000E-3,-30.00000E-3,
,,,40.76000E-3,-30.00000E-3,
,,,40.80000E-3,-30.00000E-3,
,,,40.84000E-3,-30.00000E-3,
,,,40.88000E-3,-32.00000E-3,
,,,40.92000E-3,-34.00000E-3,
,,,40.96000E-3,-30.00000E-3,
,,,41.00000E-3,-34.00000E-3,
,,,41.04000E-3,-38.00000E-3,
,,,41.08000E-3,-38.00000E-3,
,,,41.12000E-3,-38.00000E-3,
,,,41.16000E-3,-40.00000E-3,
,,,41.20000E-3,-40.00000E-3,
,,,41.24000E-3,-44.00000E-3,
,,,41.28000E-3,-44.00000E-3,
,,,41.32000E-3,-44.00000E-3,
,,,41.36000E-3,-44.00000E-3,
,,,41.40000E-3,-46.00000E-3,
,,,41.44000E-3,-46.00000E-3,
,,,41.48000E-3,-52.00000E-3,
,,,41.52000E-3,-70.000000E-3,
,,,41.56000E-3,-48.00000E-3,
,,,41.60000E-3,-44.00000E-3,
,,,41.64000E-3,-58.000002E-3,
,,,41.68000E-3,-58.000002E-3,
,,,41.72000E-3,-58.000002E-3,
,,,41.76000E-3,-60.000002E-3,
,,,41.80000E-3,-54.00000E-3,
,,,41.84000E-3,-64.000003E-3,
,,,41.88000E-3,-50.00000E-3,
,,,41.92000E-3,-62.000003E-3,
,,,41.96000E-3,-58.000002E-3,
,,,42.00000E-3,-56.000002E-3,
,,,42.04000E-3,-62.000003E-3,
,,,42.08000E-3,-64.000003E-3,
,,,42.12000E-3,-66.000000E-3,
,,,42.16000E-3,-62.000003E-3,
,,,42.20000E-3,-66.000000E-3,
,,,42.24000E-3,-64.000003E-3,
,,,42.28000E-3,-64.000003E-3,
,,,42.32000E-3,-68.000004E-3,
,,,42.36000E-3,-68.000004E-3,
,,,42.40000E-3,-70.000000E-3,
,,,42.44000E-3,-68.000004E-3,
,,,42.48000E-3,-68.000004E-3,
,,,42.52000E-3,-74.000001E-3,
,,,42.56000E-3,-64.000003E-3,
,,,42.60000E-3,-68.000004E-3,
,,,42.64000E-3,-70.000000E-3,
,,,42.68000E-3,-72.000004E-3,
,,,42.72000E-3,-74.000001E-3,
,,,42.76000E-3,-74.000001E-3,
,,,42.80000E-3,-74.000001E-3,
,,,42.84000E-3,-76.000005E-3,
,,,42.88000E-3,-74.000001E-3,
,,,42.92000E-3,-80.000006E-3,
,,,42.96000E-3,-78.000002E-3,
,,,43.00000E-3,-78.000002E-3,
,,,43.04000E-3,-78.000002E-3,
,,,43.08000E-3,-78.000002E-3,
,,,43.12000E-3,-78.000002E-3,
,,,43.16000E-3,-78.000002E-3,
,,,43.20000E-3,-84.000006E-3,
,,,43.24000E-3,-78.000002E-3,
,,,43.28000E-3,-82.000002E-3,
,,,43.32000E-3,-84.000006E-3,
,,,43.36000E-3,-82.000002E-3,
,,,43.40000E-3,-82.000002E-3,
,,,43.44000E-3,-80.000006E-3,
,,,43.48000E-3,-78.000002E-3,
,,,43.52000E-3,-82.000002E-3,
,,,43.56000E-3,-94.000004E-3,
,,,43.60000E-3,-84.000006E-3,
,,,43.64000E-3,-82.000002E-3,
,,,43.68000E-3,-80.000006E-3,
,,,43.72000E-3,-82.000002E-3,
,,,43.76000E-3,-84.000006E-3,
,,,43.80000E-3,-86.000003E-3,
,,,43.84000E-3,-86.000003E-3,
,,,43.88000E-3,-84.000006E-3,
,,,43.92000E-3,-86.000003E-3,
,,,43.96000E-3,-86.000003E-3,
,,,44.00000E-3,-84.000006E-3,
,,,44.04000E-3,-86.000003E-3,
,,,44.08000E-3,-86.000003E-3,
,,,44.12000E-3,-92.000008E-3,
,,,44.16000E-3,-88.000007E-3,
,,,44.20000E-3,-88.000007E-3,
,,,44.24000E-3,-88.000007E-3,
,,,44.28000E-3,-82.000002E-3,
,,,44.32000E-3,-86.000003E-3,
,,,44.36000E-3,-86.000003E-3,
,,,44.40000E-3,-82.000002E-3,
,,,44.44000E-3,-84.000006E-3,
,,,44.48000E-3,-88.000007E-3,
,,,44.52000E-3,-86.000003E-3,
,,,44.56000E-3,-92.000008E-3,
,,,44.60000E-3,-92.000008E-3,
,,,44.64000E-3,-94.000004E-3,
,,,44.68000E-3,-80.000006E-3,
,,,44.72000E-3,-88.000007E-3,
,,,44.76000E-3,-86.000003E-3,
,,,44.80000E-3,-88.000007E-3,
,,,44.84000E-3,-90.000004E-3,
,,,44.88000E-3,-88.000007E-3,
,,,44.92000E-3,-88.000007E-3,
,,,44.96000E-3,-88.000007E-3,
,,,45.00000E-3,-88.000007E-3,
,,,45.04000E-3,-84.000006E-3,
,,,45.08000E-3,-86.000003E-3,
,,,45.12000E-3,-86.000003E-3,
,,,45.16000E-3,-88.000007E-3,
,,,45.20000E-3,-86.000003E-3,
,,,45.24000E-3,-84.000006E-3,
,,,45.28000E-3,-86.000003E-3,
,,,45.32000E-3,-86.000003E-3,
,,,45.36000E-3,-86.000003E-3,
,,,45.40000E-3,-100.0000E-3,
,,,45.44000E-3,-84.000006E-3,
,,,45.48000E-3,-84.000006E-3,
,,,45.52000E-3,-84.000006E-3,
,,,45.56000E-3,-84.000006E-3,
,,,45.60000E-3,-88.000007E-3,
,,,45.64000E-3,-88.000007E-3,
,,,45.68000E-3,-92.000008E-3,
,,,45.72000E-3,-82.000002E-3,
,,,45.76000E-3,-78.000002E-3,
,,,45.80000E-3,-80.000006E-3,
,,,45.84000E-3,-82.000002E-3,
,,,45.88000E-3,-86.000003E-3,
,,,45.92000E-3,-80.000006E-3,
,,,45.96000E-3,-82.000002E-3,
,,,46.00000E-3,-84.000006E-3,
,,,46.04000E-3,-82.000002E-3,
,,,46.08000E-3,-78.000002E-3,
,,,46.12000E-3,-80.000006E-3,
,,,46.16000E-3,-76.000005E-3,
,,,46.20000E-3,-80.000006E-3,
,,,46.24000E-3,-82.000002E-3,
,,,46.28000E-3,-80.000006E-3,
,,,46.32000E-3,-80.000006E-3,
,,,46.36000E-3,-78.000002E-3,
,,,46.40000E-3,-76.000005E-3,
,,,46.44000E-3,-78.000002E-3,
,,,46.48000E-3,-80.000006E-3,
,,,46.52000E-3,-78.000002E-3,
,,,46.56000E-3,-80.000006E-3,
,,,46.60000E-3,-82.000002E-3,
,,,46.64000E-3,-84.000006E-3,
,,,46.68000E-3,-74.000001E-3,
,,,46.72000E-3,-74.000001E-3,
,,,46.76000E-3,-76.000005E-3,
,,,46.80000E-3,-74.000001E-3,
,,,46.84000E-3,-74.000001E-3,
,,,46.88000E-3,-78.000002E-3,
,,,46.92000E-3,-74.000001E-3,
,,,46.96000E-3,-74.000001E-3,
,,,47.00000E-3,-76.000005E-3,
,,,47.04000E-3,-74.000001E-3,
,,,47.08000E-3,-72.000004E-3,
,,,47.12000E-3,-76.000005E-3,
,,,47.16000E-3,-72.000004E-3,
,,,47.20000E-3,-74.000001E-3,
,,,47.24000E-3,-74.000001E-3,
,,,47.28000E-3,-74.000001E-3,
,,,47.32000E-3,-70.000000E-3,
,,,47.36000E-3,-72.000004E-3,
,,,47.40000E-3,-68.000004E-3,
,,,47.44000E-3,-74.000001E-3,
,,,47.48000E-3,-70.000000E-3,
,,,47.52000E-3,-70.000000E-3,
,,,47.56000E-3,-74.000001E-3,
,,,47.60000E-3,-70.000000E-3,
,,,47.64000E-3,-68.000004E-3,
,,,47.68000E-3,-72.000004E-3,
,,,47.72000E-3,-66.000000E-3,
,,,47.76000E-3,-64.000003E-3,
,,,47.80000E-3,-68.000004E-3,
,,,47.84000E-3,-64.000003E-3,
,,,47.88000E-3,-68.000004E-3,
,,,47.92000E-3,-56.000002E-3,
,,,47.96000E-3,-68.000004E-3,
,,,48.00000E-3,-70.000000E-3,
,,,48.04000E-3,-60.000002E-3,
,,,48.08000E-3,-70.000000E-3,
,,,48.12000E-3,-64.000003E-3,
,,,48.16000E-3,-68.000004E-3,
,,,48.20000E-3,-64.000003E-3,
,,,48.24000E-3,-66.000000E-3,
,,,48.28000E-3,-70.000000E-3,
,,,48.32000E-3,-66.000000E-3,
,,,48.36000E-3,-62.000003E-3,
,,,48.40000E-3,-62.000003E-3,
,,,48.44000E-3,-62.000003E-3,
,,,48.48000E-3,-62.000003E-3,
,,,48.52000E-3,-72.000004E-3,
,,,48.56000E-3,-68.000004E-3,
,,,48.60000E-3,-64.000003E-3,
,,,48.64000E-3,-64.000003E-3,
,,,48.68000E-3,-66.000000E-3,
,,,48.72000E-3,-66.000000E-3,
,,,48.76000E-3,-58.000002E-3,
,,,48.80000E-3,-60.000002E-3,
,,,48.84000E-3,-60.000002E-3,
,,,48.88000E-3,-68.000004E-3,
,,,48.92000E-3,-58.000002E-3,
,,,48.96000E-3,-60.000002E-3,
